mean_fit_time,std_fit_time,mean_score_time,std_score_time,param_colsample_bytree,param_learning_rate,param_max_depth,param_min_child_samples,param_n_estimators,param_num_leaves,param_reg_alpha,param_reg_lambda,param_subsample,params,split0_test_score,split1_test_score,split2_test_score,split3_test_score,split4_test_score,mean_test_score,std_test_score,rank_test_score
0.8552658557891846,0.028475203179732848,0.008795166015625,0.0003324358267016594,0.8,0.1,-1,10,500,31,0.0,0.0,0.8,"{'colsample_bytree': 0.8, 'learning_rate': 0.1, 'max_depth': -1, 'min_child_samples': 10, 'n_estimators': 500, 'num_leaves': 31, 'reg_alpha': 0.0, 'reg_lambda': 0.0, 'subsample': 0.8}",-0.009752939103205367,-0.008628646287142442,-0.009762993809377398,-0.009014676275462914,-0.009106666530107298,-0.009253184401059083,0.00044228087531463265,136
0.9531830310821533,0.04337935398226043,0.009153413772583007,0.00035989631282832754,0.8,0.1,-1,10,500,31,0.0,0.5,0.8,"{'colsample_bytree': 0.8, 'learning_rate': 0.1, 'max_depth': -1, 'min_child_samples': 10, 'n_estimators': 500, 'num_leaves': 31, 'reg_alpha': 0.0, 'reg_lambda': 0.5, 'subsample': 0.8}",-0.009952645816714867,-0.008897349170791153,-0.009321594991198478,-0.009018331812861649,-0.009212268246414952,-0.00928043800759622,0.00036705886897927853,177
0.8113833904266358,0.03641101125783315,0.008277130126953126,0.00010178808169904474,0.8,0.1,-1,10,500,31,0.0,1.0,0.8,"{'colsample_bytree': 0.8, 'learning_rate': 0.1, 'max_depth': -1, 'min_child_samples': 10, 'n_estimators': 500, 'num_leaves': 31, 'reg_alpha': 0.0, 'reg_lambda': 1.0, 'subsample': 0.8}",-0.009531441337990469,-0.009077376770321315,-0.009534376126080024,-0.009213072827057646,-0.009418456914815306,-0.009354944795252952,0.00018141228471965873,259
0.47921977043151853,0.017112840348066965,0.004792976379394531,0.00014579005835038117,0.8,0.1,-1,10,500,31,0.5,0.0,0.8,"{'colsample_bytree': 0.8, 'learning_rate': 0.1, 'max_depth': -1, 'min_child_samples': 10, 'n_estimators': 500, 'num_leaves': 31, 'reg_alpha': 0.5, 'reg_lambda': 0.0, 'subsample': 0.8}",-0.00957202621975863,-0.008304288095499907,-0.009607509870120422,-0.009293057033604772,-0.009400715157461367,-0.00923551927528902,0.00047945921821348266,101
0.47418804168701173,0.018520729550518204,0.0047284126281738285,4.525021328004393e-05,0.8,0.1,-1,10,500,31,0.5,0.5,0.8,"{'colsample_bytree': 0.8, 'learning_rate': 0.1, 'max_depth': -1, 'min_child_samples': 10, 'n_estimators': 500, 'num_leaves': 31, 'reg_alpha': 0.5, 'reg_lambda': 0.5, 'subsample': 0.8}",-0.009508348458875793,-0.008414975012009086,-0.00942730042211447,-0.009114349719577046,-0.009174770155539452,-0.00912794875362317,0.0003860114223233264,21
0.5879312515258789,0.054221973357759704,0.005226707458496094,0.00015648743607468756,0.8,0.1,-1,10,500,31,0.5,1.0,0.8,"{'colsample_bytree': 0.8, 'learning_rate': 0.1, 'max_depth': -1, 'min_child_samples': 10, 'n_estimators': 500, 'num_leaves': 31, 'reg_alpha': 0.5, 'reg_lambda': 1.0, 'subsample': 0.8}",-0.009156405222147855,-0.008576944974321913,-0.009525731502639505,-0.009597511741799104,-0.009050465488780688,-0.009181411785937812,0.00036738198864237696,56
0.3706578254699707,0.015005878036240055,0.004843807220458985,0.0007256635902148697,0.8,0.1,-1,10,500,31,1.0,0.0,0.8,"{'colsample_bytree': 0.8, 'learning_rate': 0.1, 'max_depth': -1, 'min_child_samples': 10, 'n_estimators': 500, 'num_leaves': 31, 'reg_alpha': 1.0, 'reg_lambda': 0.0, 'subsample': 0.8}",-0.00958086425328223,-0.00866548731604849,-0.009580437630756843,-0.009031077051742,-0.009469603999881192,-0.009265494050342151,0.00036201328861746733,151
0.3902703285217285,0.0063466256697313605,0.004689359664916992,5.3185536816949996e-05,0.8,0.1,-1,10,500,31,1.0,0.5,0.8,"{'colsample_bytree': 0.8, 'learning_rate': 0.1, 'max_depth': -1, 'min_child_samples': 10, 'n_estimators': 500, 'num_leaves': 31, 'reg_alpha': 1.0, 'reg_lambda': 0.5, 'subsample': 0.8}",-0.009733447747596375,-0.008583055129525861,-0.009714297397932982,-0.009560978579615341,-0.009379761202126493,-0.009394308011359409,0.0004250954938550773,301
0.3227583885192871,0.03004274280304188,0.004032421112060547,0.0003170015579525875,0.8,0.1,-1,10,500,31,1.0,1.0,0.8,"{'colsample_bytree': 0.8, 'learning_rate': 0.1, 'max_depth': -1, 'min_child_samples': 10, 'n_estimators': 500, 'num_leaves': 31, 'reg_alpha': 1.0, 'reg_lambda': 1.0, 'subsample': 0.8}",-0.00967997674939968,-0.008809069946374102,-0.009677799431109892,-0.009405550760130447,-0.00934011246024596,-0.009382501869452017,0.0003183847477189017,285
1.1970808029174804,0.08969042613835901,0.011963653564453124,0.001169171023622486,0.8,0.1,-1,10,500,50,0.0,0.0,0.8,"{'colsample_bytree': 0.8, 'learning_rate': 0.1, 'max_depth': -1, 'min_child_samples': 10, 'n_estimators': 500, 'num_leaves': 50, 'reg_alpha': 0.0, 'reg_lambda': 0.0, 'subsample': 0.8}",-0.009891155873804017,-0.009109147315414382,-0.009553226775859684,-0.00904882236346571,-0.009359732337286385,-0.009392416933166036,0.00030788553843673393,300
1.3654263496398926,0.07652342203054982,0.012444829940795899,0.0003333614442084403,0.8,0.1,-1,10,500,50,0.0,0.5,0.8,"{'colsample_bytree': 0.8, 'learning_rate': 0.1, 'max_depth': -1, 'min_child_samples': 10, 'n_estimators': 500, 'num_leaves': 50, 'reg_alpha': 0.0, 'reg_lambda': 0.5, 'subsample': 0.8}",-0.00953231147976945,-0.008988009852786026,-0.00961124860618518,-0.009055675345666944,-0.009123938904251214,-0.009262236837731763,0.00025758258266902687,146
1.4388861179351806,0.02005918312589446,0.01266779899597168,0.00022735746714391288,0.8,0.1,-1,10,500,50,0.0,1.0,0.8,"{'colsample_bytree': 0.8, 'learning_rate': 0.1, 'max_depth': -1, 'min_child_samples': 10, 'n_estimators': 500, 'num_leaves': 50, 'reg_alpha': 0.0, 'reg_lambda': 1.0, 'subsample': 0.8}",-0.009656036533278971,-0.008882911469566886,-0.009887477547169942,-0.009285052858931098,-0.009309387124712167,-0.009404173106731813,0.0003440657140671477,306
0.6170986652374267,0.01700919180862392,0.00533452033996582,0.0001204899282905874,0.8,0.1,-1,10,500,50,0.5,0.0,0.8,"{'colsample_bytree': 0.8, 'learning_rate': 0.1, 'max_depth': -1, 'min_child_samples': 10, 'n_estimators': 500, 'num_leaves': 50, 'reg_alpha': 0.5, 'reg_lambda': 0.0, 'subsample': 0.8}",-0.009516305342904641,-0.008507740884820461,-0.009489106994498071,-0.009009408843534728,-0.008921827174894167,-0.009088877848130415,0.0003781055548749268,5
0.6073291778564454,0.01585821987069807,0.005348777770996094,0.0001015470155101535,0.8,0.1,-1,10,500,50,0.5,0.5,0.8,"{'colsample_bytree': 0.8, 'learning_rate': 0.1, 'max_depth': -1, 'min_child_samples': 10, 'n_estimators': 500, 'num_leaves': 50, 'reg_alpha': 0.5, 'reg_lambda': 0.5, 'subsample': 0.8}",-0.009523222579827951,-0.008741932909669067,-0.009658915559464593,-0.009062816259460533,-0.008953832196321372,-0.009188143900948704,0.00034745270667714556,61
0.606749439239502,0.043093551541935234,0.0053974628448486325,0.0003889282052199127,0.8,0.1,-1,10,500,50,0.5,1.0,0.8,"{'colsample_bytree': 0.8, 'learning_rate': 0.1, 'max_depth': -1, 'min_child_samples': 10, 'n_estimators': 500, 'num_leaves': 50, 'reg_alpha': 0.5, 'reg_lambda': 1.0, 'subsample': 0.8}",-0.009355218660040734,-0.008415966403502811,-0.009375331900370066,-0.009194828661359296,-0.009015110573183679,-0.009071291239691318,0.0003523986112740374,1
0.424367618560791,0.024559684052894076,0.004610824584960938,0.00015186648902854052,0.8,0.1,-1,10,500,50,1.0,0.0,0.8,"{'colsample_bytree': 0.8, 'learning_rate': 0.1, 'max_depth': -1, 'min_child_samples': 10, 'n_estimators': 500, 'num_leaves': 50, 'reg_alpha': 1.0, 'reg_lambda': 0.0, 'subsample': 0.8}",-0.00967561095168561,-0.008617348384306348,-0.00969297844901218,-0.009196467403632058,-0.009119348028853242,-0.009260350643497886,0.00039925496932613876,141
0.4104157447814941,0.022208141705377982,0.0046158313751220705,0.0001267321935498857,0.8,0.1,-1,10,500,50,1.0,0.5,0.8,"{'colsample_bytree': 0.8, 'learning_rate': 0.1, 'max_depth': -1, 'min_child_samples': 10, 'n_estimators': 500, 'num_leaves': 50, 'reg_alpha': 1.0, 'reg_lambda': 0.5, 'subsample': 0.8}",-0.009702630639517743,-0.008653107221874299,-0.009753503024280016,-0.009397216878618872,-0.009365871523915567,-0.0093744658576413,0.00039301680642966387,273
0.41913495063781736,0.007909056924376734,0.004664754867553711,6.903189177351263e-05,0.8,0.1,-1,10,500,50,1.0,1.0,0.8,"{'colsample_bytree': 0.8, 'learning_rate': 0.1, 'max_depth': -1, 'min_child_samples': 10, 'n_estimators': 500, 'num_leaves': 50, 'reg_alpha': 1.0, 'reg_lambda': 1.0, 'subsample': 0.8}",-0.00980211507400737,-0.00854121465898747,-0.009602331002162078,-0.009329991511853779,-0.009255341815095533,-0.009306198812421246,0.00042941366863068567,215
2.8355952739715575,0.03919232894708094,0.02256808280944824,0.0007930894261478995,0.8,0.1,-1,10,500,100,0.0,0.0,0.8,"{'colsample_bytree': 0.8, 'learning_rate': 0.1, 'max_depth': -1, 'min_child_samples': 10, 'n_estimators': 500, 'num_leaves': 100, 'reg_alpha': 0.0, 'reg_lambda': 0.0, 'subsample': 0.8}",-0.010308558720562837,-0.008928826615025382,-0.009698795042283817,-0.009104803959625029,-0.009293774164777065,-0.009466951700454826,0.0004924984800109572,321
2.8061367511749267,0.19599408663029388,0.021872568130493163,0.001097156081455024,0.8,0.1,-1,10,500,100,0.0,0.5,0.8,"{'colsample_bytree': 0.8, 'learning_rate': 0.1, 'max_depth': -1, 'min_child_samples': 10, 'n_estimators': 500, 'num_leaves': 100, 'reg_alpha': 0.0, 'reg_lambda': 0.5, 'subsample': 0.8}",-0.010006471901169161,-0.008734076102501856,-0.009605357333740863,-0.009322794012581943,-0.00897065016217186,-0.009327869902433136,0.00045115911418239864,235
2.8025529861450194,0.1692239261368399,0.023055553436279297,0.0007970189676069851,0.8,0.1,-1,10,500,100,0.0,1.0,0.8,"{'colsample_bytree': 0.8, 'learning_rate': 0.1, 'max_depth': -1, 'min_child_samples': 10, 'n_estimators': 500, 'num_leaves': 100, 'reg_alpha': 0.0, 'reg_lambda': 1.0, 'subsample': 0.8}",-0.01013394123700301,-0.008765618293062181,-0.009553952142167256,-0.009157366204244342,-0.00929134911341612,-0.009380445397978582,0.0004546593039289786,284
0.6085731029510498,0.017504874635174146,0.0051709175109863285,0.00010873953305062392,0.8,0.1,-1,10,500,100,0.5,0.0,0.8,"{'colsample_bytree': 0.8, 'learning_rate': 0.1, 'max_depth': -1, 'min_child_samples': 10, 'n_estimators': 500, 'num_leaves': 100, 'reg_alpha': 0.5, 'reg_lambda': 0.0, 'subsample': 0.8}",-0.009463290070472242,-0.008647407372522535,-0.009562625897628378,-0.009246881776791342,-0.00930078183460189,-0.009244197390403277,0.00031898766351413997,115
0.627723217010498,0.008195720867091447,0.0063841819763183595,0.0020145945143876763,0.8,0.1,-1,10,500,100,0.5,0.5,0.8,"{'colsample_bytree': 0.8, 'learning_rate': 0.1, 'max_depth': -1, 'min_child_samples': 10, 'n_estimators': 500, 'num_leaves': 100, 'reg_alpha': 0.5, 'reg_lambda': 0.5, 'subsample': 0.8}",-0.009641462596033051,-0.00866082090316188,-0.009424116836433098,-0.009398408425731404,-0.009065482767876732,-0.009238058305847233,0.0003423595462246388,105
0.5628842830657959,0.05434221485040658,0.004940032958984375,0.0004653801926020449,0.8,0.1,-1,10,500,100,0.5,1.0,0.8,"{'colsample_bytree': 0.8, 'learning_rate': 0.1, 'max_depth': -1, 'min_child_samples': 10, 'n_estimators': 500, 'num_leaves': 100, 'reg_alpha': 0.5, 'reg_lambda': 1.0, 'subsample': 0.8}",-0.009595897635710126,-0.008605946844245857,-0.00957310926002439,-0.009349777081271132,-0.009032256554726545,-0.00923139747519561,0.0003726893183339939,95
0.432751989364624,0.017293705151111467,0.004730367660522461,0.00010431837031626555,0.8,0.1,-1,10,500,100,1.0,0.0,0.8,"{'colsample_bytree': 0.8, 'learning_rate': 0.1, 'max_depth': -1, 'min_child_samples': 10, 'n_estimators': 500, 'num_leaves': 100, 'reg_alpha': 1.0, 'reg_lambda': 0.0, 'subsample': 0.8}",-0.009402323607815758,-0.008545692517984097,-0.009697928706340364,-0.009359605468378725,-0.009392475569716762,-0.009279605174047141,0.0003867355560840432,173
0.4206703186035156,0.011927429698753482,0.004677391052246094,0.0001086842121958695,0.8,0.1,-1,10,500,100,1.0,0.5,0.8,"{'colsample_bytree': 0.8, 'learning_rate': 0.1, 'max_depth': -1, 'min_child_samples': 10, 'n_estimators': 500, 'num_leaves': 100, 'reg_alpha': 1.0, 'reg_lambda': 0.5, 'subsample': 0.8}",-0.009659141536552882,-0.008484925476582026,-0.009663279752097383,-0.009268076896234304,-0.00935157711696725,-0.009285400155686768,0.0004307934090873196,185
0.4327245712280273,0.015853927559489504,0.004942798614501953,0.0005489117444834044,0.8,0.1,-1,10,500,100,1.0,1.0,0.8,"{'colsample_bytree': 0.8, 'learning_rate': 0.1, 'max_depth': -1, 'min_child_samples': 10, 'n_estimators': 500, 'num_leaves': 100, 'reg_alpha': 1.0, 'reg_lambda': 1.0, 'subsample': 0.8}",-0.009628465365271215,-0.008493382272703109,-0.009733074774939378,-0.009232448552607733,-0.009346322685382201,-0.009286738730180728,0.0004363267348446249,189
1.2413388252258302,0.11094487042035171,0.013473749160766602,0.0014973129505852281,0.8,0.1,-1,10,700,31,0.0,0.0,0.8,"{'colsample_bytree': 0.8, 'learning_rate': 0.1, 'max_depth': -1, 'min_child_samples': 10, 'n_estimators': 700, 'num_leaves': 31, 'reg_alpha': 0.0, 'reg_lambda': 0.0, 'subsample': 0.8}",-0.009752468970539064,-0.008622089571750334,-0.009762529619347742,-0.009012145475538833,-0.009100120246578889,-0.009249870776750973,0.00044462834249898824,126
1.2087400913238526,0.12700543832436573,0.013666200637817382,0.002209055969994745,0.8,0.1,-1,10,700,31,0.0,0.5,0.8,"{'colsample_bytree': 0.8, 'learning_rate': 0.1, 'max_depth': -1, 'min_child_samples': 10, 'n_estimators': 700, 'num_leaves': 31, 'reg_alpha': 0.0, 'reg_lambda': 0.5, 'subsample': 0.8}",-0.009938010950103994,-0.008893592151596215,-0.009320473001595048,-0.009020107656075884,-0.009203450351234842,-0.009275126822121197,0.0003625500350203167,159
1.3105152130126954,0.024075907302054726,0.013429641723632812,0.00024064998690194098,0.8,0.1,-1,10,700,31,0.0,1.0,0.8,"{'colsample_bytree': 0.8, 'learning_rate': 0.1, 'max_depth': -1, 'min_child_samples': 10, 'n_estimators': 700, 'num_leaves': 31, 'reg_alpha': 0.0, 'reg_lambda': 1.0, 'subsample': 0.8}",-0.009529922631218747,-0.00907128473454065,-0.009534439326764252,-0.009212259817956907,-0.009412080471703324,-0.009351997396436777,0.00018269023643071192,257
0.5794210433959961,0.03178951853058501,0.005246782302856445,0.00016012761183719574,0.8,0.1,-1,10,700,31,0.5,0.0,0.8,"{'colsample_bytree': 0.8, 'learning_rate': 0.1, 'max_depth': -1, 'min_child_samples': 10, 'n_estimators': 700, 'num_leaves': 31, 'reg_alpha': 0.5, 'reg_lambda': 0.0, 'subsample': 0.8}",-0.00957202621975863,-0.008304288095499907,-0.009607509870120422,-0.009293057033604772,-0.009400715157461367,-0.00923551927528902,0.00047945921821348266,101
0.6419804573059082,0.004112050049909658,0.0056686878204345705,7.144787064490141e-05,0.8,0.1,-1,10,700,31,0.5,0.5,0.8,"{'colsample_bytree': 0.8, 'learning_rate': 0.1, 'max_depth': -1, 'min_child_samples': 10, 'n_estimators': 700, 'num_leaves': 31, 'reg_alpha': 0.5, 'reg_lambda': 0.5, 'subsample': 0.8}",-0.009508348458875793,-0.008414975012009086,-0.00942730042211447,-0.009114349719577046,-0.009174770155539452,-0.00912794875362317,0.0003860114223233264,21
0.6542099475860595,0.015012655176905107,0.0057276725769042965,0.00013795868944653974,0.8,0.1,-1,10,700,31,0.5,1.0,0.8,"{'colsample_bytree': 0.8, 'learning_rate': 0.1, 'max_depth': -1, 'min_child_samples': 10, 'n_estimators': 700, 'num_leaves': 31, 'reg_alpha': 0.5, 'reg_lambda': 1.0, 'subsample': 0.8}",-0.009156405222147855,-0.008576944974321913,-0.009525731502639505,-0.009597511741799104,-0.009050465488780688,-0.009181411785937812,0.00036738198864237696,56
0.4097141265869141,0.010490444642378582,0.004379749298095703,0.0002695946376469896,0.8,0.1,-1,10,700,31,1.0,0.0,0.8,"{'colsample_bytree': 0.8, 'learning_rate': 0.1, 'max_depth': -1, 'min_child_samples': 10, 'n_estimators': 700, 'num_leaves': 31, 'reg_alpha': 1.0, 'reg_lambda': 0.0, 'subsample': 0.8}",-0.00958086425328223,-0.00866548731604849,-0.009580437630756843,-0.009031077051742,-0.009469603999881192,-0.009265494050342151,0.00036201328861746733,151
0.42681059837341306,0.006285863891214187,0.004734182357788086,7.697746934034636e-05,0.8,0.1,-1,10,700,31,1.0,0.5,0.8,"{'colsample_bytree': 0.8, 'learning_rate': 0.1, 'max_depth': -1, 'min_child_samples': 10, 'n_estimators': 700, 'num_leaves': 31, 'reg_alpha': 1.0, 'reg_lambda': 0.5, 'subsample': 0.8}",-0.009733447747596375,-0.008583055129525861,-0.009714297397932982,-0.009560978579615341,-0.009379761202126493,-0.009394308011359409,0.0004250954938550773,301
0.4245473384857178,0.011797437456031009,0.004718351364135742,7.540021394947735e-05,0.8,0.1,-1,10,700,31,1.0,1.0,0.8,"{'colsample_bytree': 0.8, 'learning_rate': 0.1, 'max_depth': -1, 'min_child_samples': 10, 'n_estimators': 700, 'num_leaves': 31, 'reg_alpha': 1.0, 'reg_lambda': 1.0, 'subsample': 0.8}",-0.00967997674939968,-0.008809069946374102,-0.009677799431109892,-0.009405550760130447,-0.00934011246024596,-0.009382501869452017,0.0003183847477189017,285
1.9077123641967773,0.049402373326077845,0.019653892517089842,0.0002592574898865611,0.8,0.1,-1,10,700,50,0.0,0.0,0.8,"{'colsample_bytree': 0.8, 'learning_rate': 0.1, 'max_depth': -1, 'min_child_samples': 10, 'n_estimators': 700, 'num_leaves': 50, 'reg_alpha': 0.0, 'reg_lambda': 0.0, 'subsample': 0.8}",-0.009888866526069328,-0.009108726539453224,-0.009552868765667053,-0.009048206650300556,-0.00935963190771916,-0.009391660077841864,0.0003073239141055204,299
1.8864522457122803,0.06919147554801959,0.020000982284545898,0.0005126528025144212,0.8,0.1,-1,10,700,50,0.0,0.5,0.8,"{'colsample_bytree': 0.8, 'learning_rate': 0.1, 'max_depth': -1, 'min_child_samples': 10, 'n_estimators': 700, 'num_leaves': 50, 'reg_alpha': 0.0, 'reg_lambda': 0.5, 'subsample': 0.8}",-0.00953139924552548,-0.008986699176254715,-0.009611477708460466,-0.009055846930185634,-0.009123654955187546,-0.00926181560312277,0.00025773608026906657,145
2.0570955753326414,0.06113173052400654,0.01996898651123047,0.0017099482016892315,0.8,0.1,-1,10,700,50,0.0,1.0,0.8,"{'colsample_bytree': 0.8, 'learning_rate': 0.1, 'max_depth': -1, 'min_child_samples': 10, 'n_estimators': 700, 'num_leaves': 50, 'reg_alpha': 0.0, 'reg_lambda': 1.0, 'subsample': 0.8}",-0.00965455840233839,-0.00888319543604403,-0.009887874844797945,-0.009285126579667813,-0.009308602515621585,-0.009403871555693954,0.00034391372750894176,305
0.6262238502502442,0.018051917111800334,0.005366992950439453,0.00012302291485223306,0.8,0.1,-1,10,700,50,0.5,0.0,0.8,"{'colsample_bytree': 0.8, 'learning_rate': 0.1, 'max_depth': -1, 'min_child_samples': 10, 'n_estimators': 700, 'num_leaves': 50, 'reg_alpha': 0.5, 'reg_lambda': 0.0, 'subsample': 0.8}",-0.009516305342904641,-0.008507740884820461,-0.009489106994498071,-0.009009408843534728,-0.008921827174894167,-0.009088877848130415,0.0003781055548749268,5
0.6480195999145508,0.07396554361837286,0.006081485748291015,0.0015338312483327014,0.8,0.1,-1,10,700,50,0.5,0.5,0.8,"{'colsample_bytree': 0.8, 'learning_rate': 0.1, 'max_depth': -1, 'min_child_samples': 10, 'n_estimators': 700, 'num_leaves': 50, 'reg_alpha': 0.5, 'reg_lambda': 0.5, 'subsample': 0.8}",-0.009523222579827951,-0.008741932909669067,-0.009658915559464593,-0.009062816259460533,-0.008953832196321372,-0.009188143900948704,0.00034745270667714556,61
0.5568672180175781,0.019747550329153197,0.004830741882324218,0.00020452465682396385,0.8,0.1,-1,10,700,50,0.5,1.0,0.8,"{'colsample_bytree': 0.8, 'learning_rate': 0.1, 'max_depth': -1, 'min_child_samples': 10, 'n_estimators': 700, 'num_leaves': 50, 'reg_alpha': 0.5, 'reg_lambda': 1.0, 'subsample': 0.8}",-0.009355218660040734,-0.008415966403502811,-0.009375331900370066,-0.009194828661359296,-0.009015110573183679,-0.009071291239691318,0.0003523986112740374,1
0.35594887733459474,0.017019513727227705,0.003931903839111328,0.00016950273934394919,0.8,0.1,-1,10,700,50,1.0,0.0,0.8,"{'colsample_bytree': 0.8, 'learning_rate': 0.1, 'max_depth': -1, 'min_child_samples': 10, 'n_estimators': 700, 'num_leaves': 50, 'reg_alpha': 1.0, 'reg_lambda': 0.0, 'subsample': 0.8}",-0.00967561095168561,-0.008617348384306348,-0.00969297844901218,-0.009196467403632058,-0.009119348028853242,-0.009260350643497886,0.00039925496932613876,141
0.34316086769104004,0.019294894065049088,0.0038202762603759765,0.00011471136244727013,0.8,0.1,-1,10,700,50,1.0,0.5,0.8,"{'colsample_bytree': 0.8, 'learning_rate': 0.1, 'max_depth': -1, 'min_child_samples': 10, 'n_estimators': 700, 'num_leaves': 50, 'reg_alpha': 1.0, 'reg_lambda': 0.5, 'subsample': 0.8}",-0.009702630639517743,-0.008653107221874299,-0.009753503024280016,-0.009397216878618872,-0.009365871523915567,-0.0093744658576413,0.00039301680642966387,273
0.38835906982421875,0.06030023333554218,0.004870128631591797,0.0012282803588063499,0.8,0.1,-1,10,700,50,1.0,1.0,0.8,"{'colsample_bytree': 0.8, 'learning_rate': 0.1, 'max_depth': -1, 'min_child_samples': 10, 'n_estimators': 700, 'num_leaves': 50, 'reg_alpha': 1.0, 'reg_lambda': 1.0, 'subsample': 0.8}",-0.00980211507400737,-0.00854121465898747,-0.009602331002162078,-0.009329991511853779,-0.009255341815095533,-0.009306198812421246,0.00042941366863068567,215
3.305082893371582,0.15440864147782132,0.0308103084564209,0.0008822214431704357,0.8,0.1,-1,10,700,100,0.0,0.0,0.8,"{'colsample_bytree': 0.8, 'learning_rate': 0.1, 'max_depth': -1, 'min_child_samples': 10, 'n_estimators': 700, 'num_leaves': 100, 'reg_alpha': 0.0, 'reg_lambda': 0.0, 'subsample': 0.8}",-0.010308609139364456,-0.008928935102549428,-0.009698840916653437,-0.009104866939749014,-0.009293970210869217,-0.009467044461837111,0.0004924732762971191,322
3.8796626567840575,0.3276271079322774,0.03352751731872559,0.0032499922023491094,0.8,0.1,-1,10,700,100,0.0,0.5,0.8,"{'colsample_bytree': 0.8, 'learning_rate': 0.1, 'max_depth': -1, 'min_child_samples': 10, 'n_estimators': 700, 'num_leaves': 100, 'reg_alpha': 0.0, 'reg_lambda': 0.5, 'subsample': 0.8}",-0.01000656152157787,-0.008734719439841363,-0.009604544639239035,-0.009322796035220831,-0.008970815326864518,-0.009327887392548723,0.000450890764529548,236
3.9342697620391847,0.34480634397275917,0.03576273918151855,0.007032213674645938,0.8,0.1,-1,10,700,100,0.0,1.0,0.8,"{'colsample_bytree': 0.8, 'learning_rate': 0.1, 'max_depth': -1, 'min_child_samples': 10, 'n_estimators': 700, 'num_leaves': 100, 'reg_alpha': 0.0, 'reg_lambda': 1.0, 'subsample': 0.8}",-0.010133945749062838,-0.00876544442065692,-0.00955379629735868,-0.009157364306278731,-0.009291310923350596,-0.009380372339341553,0.00045469761751299457,283
0.5449705600738526,0.05571844978609315,0.004690790176391601,0.00028318441507487385,0.8,0.1,-1,10,700,100,0.5,0.0,0.8,"{'colsample_bytree': 0.8, 'learning_rate': 0.1, 'max_depth': -1, 'min_child_samples': 10, 'n_estimators': 700, 'num_leaves': 100, 'reg_alpha': 0.5, 'reg_lambda': 0.0, 'subsample': 0.8}",-0.009463290070472242,-0.008647407372522535,-0.009562625897628378,-0.009246881776791342,-0.00930078183460189,-0.009244197390403277,0.00031898766351413997,115
0.5929332256317139,0.06193287833908526,0.004968976974487305,0.00038716186915337526,0.8,0.1,-1,10,700,100,0.5,0.5,0.8,"{'colsample_bytree': 0.8, 'learning_rate': 0.1, 'max_depth': -1, 'min_child_samples': 10, 'n_estimators': 700, 'num_leaves': 100, 'reg_alpha': 0.5, 'reg_lambda': 0.5, 'subsample': 0.8}",-0.009641462596033051,-0.00866082090316188,-0.009424116836433098,-0.009398408425731404,-0.009065482767876732,-0.009238058305847233,0.0003423595462246388,105
0.5879271030426025,0.024530424522799136,0.0048233985900878905,0.0002185471366875205,0.8,0.1,-1,10,700,100,0.5,1.0,0.8,"{'colsample_bytree': 0.8, 'learning_rate': 0.1, 'max_depth': -1, 'min_child_samples': 10, 'n_estimators': 700, 'num_leaves': 100, 'reg_alpha': 0.5, 'reg_lambda': 1.0, 'subsample': 0.8}",-0.009595897635710126,-0.008605946844245857,-0.00957310926002439,-0.009349777081271132,-0.009032256554726545,-0.00923139747519561,0.0003726893183339939,95
0.42183427810668944,0.019700459865079695,0.0042079448699951175,0.00011786162593859675,0.8,0.1,-1,10,700,100,1.0,0.0,0.8,"{'colsample_bytree': 0.8, 'learning_rate': 0.1, 'max_depth': -1, 'min_child_samples': 10, 'n_estimators': 700, 'num_leaves': 100, 'reg_alpha': 1.0, 'reg_lambda': 0.0, 'subsample': 0.8}",-0.009402323607815758,-0.008545692517984097,-0.009697928706340364,-0.009359605468378725,-0.009392475569716762,-0.009279605174047141,0.0003867355560840432,173
0.4137129783630371,0.013695847685350879,0.0042172431945800785,0.00011471740780687635,0.8,0.1,-1,10,700,100,1.0,0.5,0.8,"{'colsample_bytree': 0.8, 'learning_rate': 0.1, 'max_depth': -1, 'min_child_samples': 10, 'n_estimators': 700, 'num_leaves': 100, 'reg_alpha': 1.0, 'reg_lambda': 0.5, 'subsample': 0.8}",-0.009659141536552882,-0.008484925476582026,-0.009663279752097383,-0.009268076896234304,-0.00935157711696725,-0.009285400155686768,0.0004307934090873196,185
0.39757599830627444,0.036513485936876235,0.004377126693725586,0.0005749819625126276,0.8,0.1,-1,10,700,100,1.0,1.0,0.8,"{'colsample_bytree': 0.8, 'learning_rate': 0.1, 'max_depth': -1, 'min_child_samples': 10, 'n_estimators': 700, 'num_leaves': 100, 'reg_alpha': 1.0, 'reg_lambda': 1.0, 'subsample': 0.8}",-0.009628465365271215,-0.008493382272703109,-0.009733074774939378,-0.009232448552607733,-0.009346322685382201,-0.009286738730180728,0.0004363267348446249,189
0.8940419673919677,0.028426116295313688,0.009636545181274414,9.189836013049093e-05,0.8,0.1,-1,20,500,31,0.0,0.0,0.8,"{'colsample_bytree': 0.8, 'learning_rate': 0.1, 'max_depth': -1, 'min_child_samples': 20, 'n_estimators': 500, 'num_leaves': 31, 'reg_alpha': 0.0, 'reg_lambda': 0.0, 'subsample': 0.8}",-0.009257147943655336,-0.008824229638342417,-0.00933938195342769,-0.009274847210348375,-0.009381247366762241,-0.009215370822507212,0.0002005831413843459,85
0.9004714012145996,0.010013573494863454,0.010075998306274415,0.0009700317471396261,0.8,0.1,-1,20,500,31,0.0,0.5,0.8,"{'colsample_bytree': 0.8, 'learning_rate': 0.1, 'max_depth': -1, 'min_child_samples': 20, 'n_estimators': 500, 'num_leaves': 31, 'reg_alpha': 0.0, 'reg_lambda': 0.5, 'subsample': 0.8}",-0.009528399768893315,-0.008918357153191073,-0.009287804151866206,-0.00927920319390438,-0.009070228837108858,-0.009216798620992766,0.00020812563645992519,88
0.9026949405670166,0.0165192817831779,0.009488916397094727,0.00015774999833759214,0.8,0.1,-1,20,500,31,0.0,1.0,0.8,"{'colsample_bytree': 0.8, 'learning_rate': 0.1, 'max_depth': -1, 'min_child_samples': 20, 'n_estimators': 500, 'num_leaves': 31, 'reg_alpha': 0.0, 'reg_lambda': 1.0, 'subsample': 0.8}",-0.009596419599934916,-0.00881091834424318,-0.009415108780567186,-0.009223905514038741,-0.009036264894588461,-0.009216523426674497,0.0002759783910875545,87
0.5708248615264893,0.0167687629042799,0.005849790573120117,0.00018348978857257663,0.8,0.1,-1,20,500,31,0.5,0.0,0.8,"{'colsample_bytree': 0.8, 'learning_rate': 0.1, 'max_depth': -1, 'min_child_samples': 20, 'n_estimators': 500, 'num_leaves': 31, 'reg_alpha': 0.5, 'reg_lambda': 0.0, 'subsample': 0.8}",-0.00923465338581035,-0.00830388851483775,-0.00955076199858288,-0.009265076698276226,-0.00928508661719643,-0.009127893442940727,0.0004272536862023374,17
0.5766691207885742,0.02145094987508238,0.006026220321655273,0.0003306809275667766,0.8,0.1,-1,20,500,31,0.5,0.5,0.8,"{'colsample_bytree': 0.8, 'learning_rate': 0.1, 'max_depth': -1, 'min_child_samples': 20, 'n_estimators': 500, 'num_leaves': 31, 'reg_alpha': 0.5, 'reg_lambda': 0.5, 'subsample': 0.8}",-0.00951192933762283,-0.008479548628770985,-0.009644353687141144,-0.009109300693743109,-0.009306096204796065,-0.009210245710414827,0.000408107384194308,77
0.4595519542694092,0.011381219029912149,0.005166482925415039,0.0003409329794045538,0.8,0.1,-1,20,500,31,0.5,1.0,0.8,"{'colsample_bytree': 0.8, 'learning_rate': 0.1, 'max_depth': -1, 'min_child_samples': 20, 'n_estimators': 500, 'num_leaves': 31, 'reg_alpha': 0.5, 'reg_lambda': 1.0, 'subsample': 0.8}",-0.009643180138509323,-0.008698155500798516,-0.009506349852411363,-0.009411138618350577,-0.009168107249796498,-0.009285386271973256,0.00033203896008976853,181
0.36957783699035646,0.0431227439276155,0.004646873474121094,0.00045516819570832735,0.8,0.1,-1,20,500,31,1.0,0.0,0.8,"{'colsample_bytree': 0.8, 'learning_rate': 0.1, 'max_depth': -1, 'min_child_samples': 20, 'n_estimators': 500, 'num_leaves': 31, 'reg_alpha': 1.0, 'reg_lambda': 0.0, 'subsample': 0.8}",-0.009687206215866353,-0.008651003502519052,-0.009831816121237005,-0.009335394338742985,-0.009428493759241988,-0.009386782787521475,0.00040842640426026685,289
0.33119544982910154,0.04922496691827348,0.004286813735961914,0.0004188502800993223,0.8,0.1,-1,20,500,31,1.0,0.5,0.8,"{'colsample_bytree': 0.8, 'learning_rate': 0.1, 'max_depth': -1, 'min_child_samples': 20, 'n_estimators': 500, 'num_leaves': 31, 'reg_alpha': 1.0, 'reg_lambda': 0.5, 'subsample': 0.8}",-0.009565394946974708,-0.008925720967970544,-0.009744280504111375,-0.009191797365652501,-0.00915534591113223,-0.00931650793916827,0.0002963695305722433,225
0.2991801261901855,0.013666059866220149,0.004133176803588867,0.0003013706809338639,0.8,0.1,-1,20,500,31,1.0,1.0,0.8,"{'colsample_bytree': 0.8, 'learning_rate': 0.1, 'max_depth': -1, 'min_child_samples': 20, 'n_estimators': 500, 'num_leaves': 31, 'reg_alpha': 1.0, 'reg_lambda': 1.0, 'subsample': 0.8}",-0.00961442169445479,-0.008531164697255057,-0.009622491192549413,-0.009285407612473234,-0.00920094519817191,-0.00925088607898088,0.00039797819018439813,128
1.202207899093628,0.11412079316550379,0.014129161834716797,0.0009882410702782142,0.8,0.1,-1,20,500,50,0.0,0.0,0.8,"{'colsample_bytree': 0.8, 'learning_rate': 0.1, 'max_depth': -1, 'min_child_samples': 20, 'n_estimators': 500, 'num_leaves': 50, 'reg_alpha': 0.0, 'reg_lambda': 0.0, 'subsample': 0.8}",-0.00950227451866026,-0.00887781515867358,-0.009602096799672293,-0.009082220547195284,-0.009135779558435942,-0.009240037316527472,0.0002708638491798337,108
1.4294497966766357,0.011662566344725796,0.015430355072021484,0.0001388011129660216,0.8,0.1,-1,20,500,50,0.0,0.5,0.8,"{'colsample_bytree': 0.8, 'learning_rate': 0.1, 'max_depth': -1, 'min_child_samples': 20, 'n_estimators': 500, 'num_leaves': 50, 'reg_alpha': 0.0, 'reg_lambda': 0.5, 'subsample': 0.8}",-0.009722035972587004,-0.008796204254895362,-0.009543588495432168,-0.009042666955237009,-0.00916624490917219,-0.009254148117464745,0.00033611266403963937,138
1.3913259506225586,0.041465344940193015,0.015297555923461914,0.0002461317570298306,0.8,0.1,-1,20,500,50,0.0,1.0,0.8,"{'colsample_bytree': 0.8, 'learning_rate': 0.1, 'max_depth': -1, 'min_child_samples': 20, 'n_estimators': 500, 'num_leaves': 50, 'reg_alpha': 0.0, 'reg_lambda': 1.0, 'subsample': 0.8}",-0.009472379065864785,-0.008712803535922764,-0.00949694635785368,-0.009088656397467155,-0.009139186806731456,-0.009181994432767968,0.00028782026670027015,60
0.5623380184173584,0.019013106293010184,0.005578422546386718,0.0001075178024198909,0.8,0.1,-1,20,500,50,0.5,0.0,0.8,"{'colsample_bytree': 0.8, 'learning_rate': 0.1, 'max_depth': -1, 'min_child_samples': 20, 'n_estimators': 500, 'num_leaves': 50, 'reg_alpha': 0.5, 'reg_lambda': 0.0, 'subsample': 0.8}",-0.009496423513200954,-0.008427254401690471,-0.009432223754833189,-0.009071564534901058,-0.009270780003421032,-0.00913964924160934,0.0003852855924069306,25
0.5663897514343261,0.032257359928119525,0.005615043640136719,0.0001871055418524488,0.8,0.1,-1,20,500,50,0.5,0.5,0.8,"{'colsample_bytree': 0.8, 'learning_rate': 0.1, 'max_depth': -1, 'min_child_samples': 20, 'n_estimators': 500, 'num_leaves': 50, 'reg_alpha': 0.5, 'reg_lambda': 0.5, 'subsample': 0.8}",-0.009623972505587466,-0.00853676873605648,-0.009335396407321858,-0.009141979034269065,-0.009092152051931965,-0.009146053747033367,0.0003573253988742013,37
0.5033152103424072,0.061057974455444,0.005282068252563476,0.00043003110679191384,0.8,0.1,-1,20,500,50,0.5,1.0,0.8,"{'colsample_bytree': 0.8, 'learning_rate': 0.1, 'max_depth': -1, 'min_child_samples': 20, 'n_estimators': 500, 'num_leaves': 50, 'reg_alpha': 0.5, 'reg_lambda': 1.0, 'subsample': 0.8}",-0.009596716626514554,-0.008375279422726558,-0.009337836169525325,-0.009170733625591055,-0.009121825553324402,-0.009120478279536378,0.0004078961060410727,13
0.375469446182251,0.018218912267046698,0.004753637313842774,8.162324038661902e-05,0.8,0.1,-1,20,500,50,1.0,0.0,0.8,"{'colsample_bytree': 0.8, 'learning_rate': 0.1, 'max_depth': -1, 'min_child_samples': 20, 'n_estimators': 500, 'num_leaves': 50, 'reg_alpha': 1.0, 'reg_lambda': 0.0, 'subsample': 0.8}",-0.00938136899749156,-0.008706594011461347,-0.009735791113325737,-0.009245323143832638,-0.009381848679913615,-0.009290185189204981,0.0003340277197746437,195
0.34688920974731446,0.03815116856309653,0.004397344589233398,0.00036814618499068924,0.8,0.1,-1,20,500,50,1.0,0.5,0.8,"{'colsample_bytree': 0.8, 'learning_rate': 0.1, 'max_depth': -1, 'min_child_samples': 20, 'n_estimators': 500, 'num_leaves': 50, 'reg_alpha': 1.0, 'reg_lambda': 0.5, 'subsample': 0.8}",-0.00976546209838705,-0.008777144068051659,-0.009902112598019373,-0.009079306500783842,-0.009296544728690962,-0.009364113998786578,0.0004196992748614532,265
0.31072750091552737,0.008674740297210576,0.004256248474121094,0.0002464004051443078,0.8,0.1,-1,20,500,50,1.0,1.0,0.8,"{'colsample_bytree': 0.8, 'learning_rate': 0.1, 'max_depth': -1, 'min_child_samples': 20, 'n_estimators': 500, 'num_leaves': 50, 'reg_alpha': 1.0, 'reg_lambda': 1.0, 'subsample': 0.8}",-0.00968183414296238,-0.008761797336486635,-0.009834846899338558,-0.00945743181962808,-0.00944103943779574,-0.00943538992724228,0.00036729970441822137,311
2.2505419731140135,0.15180577171036866,0.022203826904296876,0.0009840703282019002,0.8,0.1,-1,20,500,100,0.0,0.0,0.8,"{'colsample_bytree': 0.8, 'learning_rate': 0.1, 'max_depth': -1, 'min_child_samples': 20, 'n_estimators': 500, 'num_leaves': 100, 'reg_alpha': 0.0, 'reg_lambda': 0.0, 'subsample': 0.8}",-0.00982785960271811,-0.008863490017962578,-0.00997045678317942,-0.009263863656793431,-0.009251708225671819,-0.009435475657265071,0.00040756807650315746,315
2.421764373779297,0.06891648987967672,0.02224760055541992,0.00100422724469605,0.8,0.1,-1,20,500,100,0.0,0.5,0.8,"{'colsample_bytree': 0.8, 'learning_rate': 0.1, 'max_depth': -1, 'min_child_samples': 20, 'n_estimators': 500, 'num_leaves': 100, 'reg_alpha': 0.0, 'reg_lambda': 0.5, 'subsample': 0.8}",-0.009707810260066584,-0.008889981221974656,-0.009693072826509037,-0.009058458177770743,-0.009430091116580651,-0.009355882720580333,0.00033123484469195177,262
2.3901628494262694,0.08062701612229363,0.022020912170410155,0.00032053338525399815,0.8,0.1,-1,20,500,100,0.0,1.0,0.8,"{'colsample_bytree': 0.8, 'learning_rate': 0.1, 'max_depth': -1, 'min_child_samples': 20, 'n_estimators': 500, 'num_leaves': 100, 'reg_alpha': 0.0, 'reg_lambda': 1.0, 'subsample': 0.8}",-0.009779577281328599,-0.008513237507606143,-0.009592021016191058,-0.009124211015585476,-0.009405511910255146,-0.009282911746193284,0.00044155188828900923,179
0.5283774852752685,0.04170969681169654,0.005285453796386719,0.00039388034859613247,0.8,0.1,-1,20,500,100,0.5,0.0,0.8,"{'colsample_bytree': 0.8, 'learning_rate': 0.1, 'max_depth': -1, 'min_child_samples': 20, 'n_estimators': 500, 'num_leaves': 100, 'reg_alpha': 0.5, 'reg_lambda': 0.0, 'subsample': 0.8}",-0.009688404967922011,-0.008632780976306645,-0.009236847615968375,-0.009069001011165851,-0.009418655997542392,-0.009209138113781056,0.00035388931463172136,73
0.5862009048461914,0.03294674815762656,0.005607223510742188,7.923816996083638e-05,0.8,0.1,-1,20,500,100,0.5,0.5,0.8,"{'colsample_bytree': 0.8, 'learning_rate': 0.1, 'max_depth': -1, 'min_child_samples': 20, 'n_estimators': 500, 'num_leaves': 100, 'reg_alpha': 0.5, 'reg_lambda': 0.5, 'subsample': 0.8}",-0.009635862055688298,-0.008454007466142865,-0.009528082749723369,-0.00957802884012777,-0.009195335063161125,-0.009278263234968684,0.00043964093956107037,169
0.5772861957550048,0.0170194471215401,0.005633831024169922,6.95558163732265e-05,0.8,0.1,-1,20,500,100,0.5,1.0,0.8,"{'colsample_bytree': 0.8, 'learning_rate': 0.1, 'max_depth': -1, 'min_child_samples': 20, 'n_estimators': 500, 'num_leaves': 100, 'reg_alpha': 0.5, 'reg_lambda': 1.0, 'subsample': 0.8}",-0.009739524835879794,-0.008339343105166232,-0.009572187363235628,-0.009248354266061732,-0.00919930228280936,-0.009219742370630548,0.0004838864718864101,91
0.39798846244812014,0.014507058330347301,0.004805469512939453,5.1156338414065626e-05,0.8,0.1,-1,20,500,100,1.0,0.0,0.8,"{'colsample_bytree': 0.8, 'learning_rate': 0.1, 'max_depth': -1, 'min_child_samples': 20, 'n_estimators': 500, 'num_leaves': 100, 'reg_alpha': 1.0, 'reg_lambda': 0.0, 'subsample': 0.8}",-0.009529943033711429,-0.008608899378781943,-0.00962730884518115,-0.009482014870327371,-0.009403398838178062,-0.00933031299323599,0.0003679269744110791,241
0.40282459259033204,0.026193097137823557,0.0048176288604736325,0.00017941701279606582,0.8,0.1,-1,20,500,100,1.0,0.5,0.8,"{'colsample_bytree': 0.8, 'learning_rate': 0.1, 'max_depth': -1, 'min_child_samples': 20, 'n_estimators': 500, 'num_leaves': 100, 'reg_alpha': 1.0, 'reg_lambda': 0.5, 'subsample': 0.8}",-0.009656890062394449,-0.00855803622160484,-0.009972126795582209,-0.009024874141355062,-0.009347010854076406,-0.009311787615002592,0.0004912931331872663,221
0.36401000022888186,0.025422592546587398,0.004463958740234375,0.0002681567178862228,0.8,0.1,-1,20,500,100,1.0,1.0,0.8,"{'colsample_bytree': 0.8, 'learning_rate': 0.1, 'max_depth': -1, 'min_child_samples': 20, 'n_estimators': 500, 'num_leaves': 100, 'reg_alpha': 1.0, 'reg_lambda': 1.0, 'subsample': 0.8}",-0.009542626241496635,-0.00869278571615109,-0.009808161485007849,-0.009452948718418433,-0.009457545101233176,-0.009390813452461436,0.00037223195136014214,295
1.2493205547332764,0.015926091558351545,0.015355730056762695,0.000336171772459408,0.8,0.1,-1,20,700,31,0.0,0.0,0.8,"{'colsample_bytree': 0.8, 'learning_rate': 0.1, 'max_depth': -1, 'min_child_samples': 20, 'n_estimators': 700, 'num_leaves': 31, 'reg_alpha': 0.0, 'reg_lambda': 0.0, 'subsample': 0.8}",-0.009254534339659637,-0.008830868922417657,-0.009338287141454984,-0.009270602004003845,-0.00936940016165141,-0.009212738513837505,0.00019556318119418403,82
1.2460118770599364,0.04600906652762172,0.01635913848876953,0.001429725521662216,0.8,0.1,-1,20,700,31,0.0,0.5,0.8,"{'colsample_bytree': 0.8, 'learning_rate': 0.1, 'max_depth': -1, 'min_child_samples': 20, 'n_estimators': 700, 'num_leaves': 31, 'reg_alpha': 0.0, 'reg_lambda': 0.5, 'subsample': 0.8}",-0.009526146954805864,-0.008922770616943923,-0.00928985412816407,-0.009266791211145544,-0.009062856022579101,-0.0092136837867277,0.000206705122161974,84
1.297867727279663,0.04504504133090785,0.015427398681640624,0.000275705389308854,0.8,0.1,-1,20,700,31,0.0,1.0,0.8,"{'colsample_bytree': 0.8, 'learning_rate': 0.1, 'max_depth': -1, 'min_child_samples': 20, 'n_estimators': 700, 'num_leaves': 31, 'reg_alpha': 0.0, 'reg_lambda': 1.0, 'subsample': 0.8}",-0.009588943473369044,-0.008813430516817366,-0.009408933514656947,-0.009224474020457993,-0.009032567004540889,-0.009213669705968448,0.00027278734783374404,83
0.6148666381835938,0.01367576881625886,0.005910682678222656,0.0001337913128011426,0.8,0.1,-1,20,700,31,0.5,0.0,0.8,"{'colsample_bytree': 0.8, 'learning_rate': 0.1, 'max_depth': -1, 'min_child_samples': 20, 'n_estimators': 700, 'num_leaves': 31, 'reg_alpha': 0.5, 'reg_lambda': 0.0, 'subsample': 0.8}",-0.00923465338581035,-0.00830388851483775,-0.00955076199858288,-0.009265076698276226,-0.00928508661719643,-0.009127893442940727,0.0004272536862023374,17
0.6250582218170166,0.008260590163613487,0.005966472625732422,0.0001530199639055763,0.8,0.1,-1,20,700,31,0.5,0.5,0.8,"{'colsample_bytree': 0.8, 'learning_rate': 0.1, 'max_depth': -1, 'min_child_samples': 20, 'n_estimators': 700, 'num_leaves': 31, 'reg_alpha': 0.5, 'reg_lambda': 0.5, 'subsample': 0.8}",-0.00951192933762283,-0.008479548628770985,-0.009644353687141144,-0.009109300693743109,-0.009306096204796065,-0.009210245710414827,0.000408107384194308,77
0.6184794902801514,0.0050231522280184075,0.00590057373046875,0.0001306390580449748,0.8,0.1,-1,20,700,31,0.5,1.0,0.8,"{'colsample_bytree': 0.8, 'learning_rate': 0.1, 'max_depth': -1, 'min_child_samples': 20, 'n_estimators': 700, 'num_leaves': 31, 'reg_alpha': 0.5, 'reg_lambda': 1.0, 'subsample': 0.8}",-0.009643180138509323,-0.008698155500798516,-0.009506349852411363,-0.009411138618350577,-0.009168107249796498,-0.009285386271973256,0.00033203896008976853,181
0.4151304721832275,0.01807641896970344,0.0049380302429199215,0.00016636120672863748,0.8,0.1,-1,20,700,31,1.0,0.0,0.8,"{'colsample_bytree': 0.8, 'learning_rate': 0.1, 'max_depth': -1, 'min_child_samples': 20, 'n_estimators': 700, 'num_leaves': 31, 'reg_alpha': 1.0, 'reg_lambda': 0.0, 'subsample': 0.8}",-0.009687206215866353,-0.008651003502519052,-0.009831816121237005,-0.009335394338742985,-0.009428493759241988,-0.009386782787521475,0.00040842640426026685,289
0.4129535675048828,0.011040777810861296,0.004832124710083008,0.00010084633556875238,0.8,0.1,-1,20,700,31,1.0,0.5,0.8,"{'colsample_bytree': 0.8, 'learning_rate': 0.1, 'max_depth': -1, 'min_child_samples': 20, 'n_estimators': 700, 'num_leaves': 31, 'reg_alpha': 1.0, 'reg_lambda': 0.5, 'subsample': 0.8}",-0.009565394946974708,-0.008925720967970544,-0.009744280504111375,-0.009191797365652501,-0.00915534591113223,-0.00931650793916827,0.0002963695305722433,225
0.3815030097961426,0.01913054100382675,0.005642843246459961,0.0020333242071909176,0.8,0.1,-1,20,700,31,1.0,1.0,0.8,"{'colsample_bytree': 0.8, 'learning_rate': 0.1, 'max_depth': -1, 'min_child_samples': 20, 'n_estimators': 700, 'num_leaves': 31, 'reg_alpha': 1.0, 'reg_lambda': 1.0, 'subsample': 0.8}",-0.00961442169445479,-0.008531164697255057,-0.009622491192549413,-0.009285407612473234,-0.00920094519817191,-0.00925088607898088,0.00039797819018439813,128
1.8095775604248048,0.014355591711771169,0.021363496780395508,0.0005839023358346021,0.8,0.1,-1,20,700,50,0.0,0.0,0.8,"{'colsample_bytree': 0.8, 'learning_rate': 0.1, 'max_depth': -1, 'min_child_samples': 20, 'n_estimators': 700, 'num_leaves': 50, 'reg_alpha': 0.0, 'reg_lambda': 0.0, 'subsample': 0.8}",-0.009500921914454051,-0.008879192520325806,-0.00960183353458673,-0.009082195543845905,-0.009134855514425166,-0.009239799805527532,0.00027023811663882247,107
1.904783296585083,0.1808578472433968,0.022004318237304688,0.00040432946761882456,0.8,0.1,-1,20,700,50,0.0,0.5,0.8,"{'colsample_bytree': 0.8, 'learning_rate': 0.1, 'max_depth': -1, 'min_child_samples': 20, 'n_estimators': 700, 'num_leaves': 50, 'reg_alpha': 0.0, 'reg_lambda': 0.5, 'subsample': 0.8}",-0.009720073188462993,-0.008797597326835256,-0.009543500707485112,-0.00904246337191122,-0.009165054681482047,-0.009253737855235325,0.00033526018189472133,137
1.9064292907714844,0.07525222549559009,0.022051525115966798,0.0002697991414236082,0.8,0.1,-1,20,700,50,0.0,1.0,0.8,"{'colsample_bytree': 0.8, 'learning_rate': 0.1, 'max_depth': -1, 'min_child_samples': 20, 'n_estimators': 700, 'num_leaves': 50, 'reg_alpha': 0.0, 'reg_lambda': 1.0, 'subsample': 0.8}",-0.009471155054988436,-0.008712656646569691,-0.009494928652618433,-0.009088619478518937,-0.00913874004089166,-0.009181219974717431,0.0002871955690887603,55
0.5413278579711914,0.007654290282096927,0.005230855941772461,0.00027011452544884655,0.8,0.1,-1,20,700,50,0.5,0.0,0.8,"{'colsample_bytree': 0.8, 'learning_rate': 0.1, 'max_depth': -1, 'min_child_samples': 20, 'n_estimators': 700, 'num_leaves': 50, 'reg_alpha': 0.5, 'reg_lambda': 0.0, 'subsample': 0.8}",-0.009496423513200954,-0.008427254401690471,-0.009432223754833189,-0.009071564534901058,-0.009270780003421032,-0.00913964924160934,0.0003852855924069306,25
0.5545300483703614,0.02026377637675352,0.005187606811523438,0.00019132175750471306,0.8,0.1,-1,20,700,50,0.5,0.5,0.8,"{'colsample_bytree': 0.8, 'learning_rate': 0.1, 'max_depth': -1, 'min_child_samples': 20, 'n_estimators': 700, 'num_leaves': 50, 'reg_alpha': 0.5, 'reg_lambda': 0.5, 'subsample': 0.8}",-0.009623972505587466,-0.00853676873605648,-0.009335396407321858,-0.009141979034269065,-0.009092152051931965,-0.009146053747033367,0.0003573253988742013,37
0.577354097366333,0.012213007355005573,0.0052872180938720705,0.0002761978714356278,0.8,0.1,-1,20,700,50,0.5,1.0,0.8,"{'colsample_bytree': 0.8, 'learning_rate': 0.1, 'max_depth': -1, 'min_child_samples': 20, 'n_estimators': 700, 'num_leaves': 50, 'reg_alpha': 0.5, 'reg_lambda': 1.0, 'subsample': 0.8}",-0.009596716626514554,-0.008375279422726558,-0.009337836169525325,-0.009170733625591055,-0.009121825553324402,-0.009120478279536378,0.0004078961060410727,13
0.42483792304992674,0.033146774133387985,0.004843664169311523,0.00021767652308924115,0.8,0.1,-1,20,700,50,1.0,0.0,0.8,"{'colsample_bytree': 0.8, 'learning_rate': 0.1, 'max_depth': -1, 'min_child_samples': 20, 'n_estimators': 700, 'num_leaves': 50, 'reg_alpha': 1.0, 'reg_lambda': 0.0, 'subsample': 0.8}",-0.00938136899749156,-0.008706594011461347,-0.009735791113325737,-0.009245323143832638,-0.009381848679913615,-0.009290185189204981,0.0003340277197746437,195
0.4181544303894043,0.008865412477605106,0.004791355133056641,7.459806071243347e-05,0.8,0.1,-1,20,700,50,1.0,0.5,0.8,"{'colsample_bytree': 0.8, 'learning_rate': 0.1, 'max_depth': -1, 'min_child_samples': 20, 'n_estimators': 700, 'num_leaves': 50, 'reg_alpha': 1.0, 'reg_lambda': 0.5, 'subsample': 0.8}",-0.00976546209838705,-0.008777144068051659,-0.009902112598019373,-0.009079306500783842,-0.009296544728690962,-0.009364113998786578,0.0004196992748614532,265
0.417725658416748,0.012213493145208577,0.004790067672729492,0.0001285427749601652,0.8,0.1,-1,20,700,50,1.0,1.0,0.8,"{'colsample_bytree': 0.8, 'learning_rate': 0.1, 'max_depth': -1, 'min_child_samples': 20, 'n_estimators': 700, 'num_leaves': 50, 'reg_alpha': 1.0, 'reg_lambda': 1.0, 'subsample': 0.8}",-0.00968183414296238,-0.008761797336486635,-0.009834846899338558,-0.00945743181962808,-0.00944103943779574,-0.00943538992724228,0.00036729970441822137,311
3.4001625061035154,0.11572905211095331,0.03182539939880371,0.00024249753279854199,0.8,0.1,-1,20,700,100,0.0,0.0,0.8,"{'colsample_bytree': 0.8, 'learning_rate': 0.1, 'max_depth': -1, 'min_child_samples': 20, 'n_estimators': 700, 'num_leaves': 100, 'reg_alpha': 0.0, 'reg_lambda': 0.0, 'subsample': 0.8}",-0.00982921609175324,-0.00886126326961237,-0.009968902377995028,-0.00926512732128574,-0.009254940164398108,-0.009435889845008897,0.00040765333906928123,316
3.3310498237609862,0.22400305275556906,0.03099966049194336,0.0016043797404947488,0.8,0.1,-1,20,700,100,0.0,0.5,0.8,"{'colsample_bytree': 0.8, 'learning_rate': 0.1, 'max_depth': -1, 'min_child_samples': 20, 'n_estimators': 700, 'num_leaves': 100, 'reg_alpha': 0.0, 'reg_lambda': 0.5, 'subsample': 0.8}",-0.009708736643569181,-0.008888921718868995,-0.009689776973577173,-0.009056466637235593,-0.009432341772170715,-0.00935524874908433,0.00033152309367780403,261
3.4272669315338136,0.1042193324670393,0.03224363327026367,0.0009380055904528911,0.8,0.1,-1,20,700,100,0.0,1.0,0.8,"{'colsample_bytree': 0.8, 'learning_rate': 0.1, 'max_depth': -1, 'min_child_samples': 20, 'n_estimators': 700, 'num_leaves': 100, 'reg_alpha': 0.0, 'reg_lambda': 1.0, 'subsample': 0.8}",-0.009780827690512896,-0.0085116864820614,-0.009591146033355607,-0.009124873538721141,-0.009408649560140103,-0.00928343666095823,0.00044238032655737075,180
0.5893432140350342,0.008590798167522874,0.0055443763732910155,7.221452781868248e-05,0.8,0.1,-1,20,700,100,0.5,0.0,0.8,"{'colsample_bytree': 0.8, 'learning_rate': 0.1, 'max_depth': -1, 'min_child_samples': 20, 'n_estimators': 700, 'num_leaves': 100, 'reg_alpha': 0.5, 'reg_lambda': 0.0, 'subsample': 0.8}",-0.009688404967922011,-0.008632780976306645,-0.009236847615968375,-0.009069001011165851,-0.009418655997542392,-0.009209138113781056,0.00035388931463172136,73
0.6012125015258789,0.013884215113890534,0.005547046661376953,0.00011682617420562479,0.8,0.1,-1,20,700,100,0.5,0.5,0.8,"{'colsample_bytree': 0.8, 'learning_rate': 0.1, 'max_depth': -1, 'min_child_samples': 20, 'n_estimators': 700, 'num_leaves': 100, 'reg_alpha': 0.5, 'reg_lambda': 0.5, 'subsample': 0.8}",-0.009635862055688298,-0.008454007466142865,-0.009528082749723369,-0.00957802884012777,-0.009195335063161125,-0.009278263234968684,0.00043964093956107037,169
0.5992989063262939,0.015551604124363001,0.005581903457641602,6.031535813790417e-05,0.8,0.1,-1,20,700,100,0.5,1.0,0.8,"{'colsample_bytree': 0.8, 'learning_rate': 0.1, 'max_depth': -1, 'min_child_samples': 20, 'n_estimators': 700, 'num_leaves': 100, 'reg_alpha': 0.5, 'reg_lambda': 1.0, 'subsample': 0.8}",-0.009739524835879794,-0.008339343105166232,-0.009572187363235628,-0.009248354266061732,-0.00919930228280936,-0.009219742370630548,0.0004838864718864101,91
0.4185210704803467,0.01643474186992741,0.004768085479736328,8.665292343990295e-05,0.8,0.1,-1,20,700,100,1.0,0.0,0.8,"{'colsample_bytree': 0.8, 'learning_rate': 0.1, 'max_depth': -1, 'min_child_samples': 20, 'n_estimators': 700, 'num_leaves': 100, 'reg_alpha': 1.0, 'reg_lambda': 0.0, 'subsample': 0.8}",-0.009529943033711429,-0.008608899378781943,-0.00962730884518115,-0.009482014870327371,-0.009403398838178062,-0.00933031299323599,0.0003679269744110791,241
0.35267953872680663,0.03852406081972112,0.004219675064086914,0.000404078475873722,0.8,0.1,-1,20,700,100,1.0,0.5,0.8,"{'colsample_bytree': 0.8, 'learning_rate': 0.1, 'max_depth': -1, 'min_child_samples': 20, 'n_estimators': 700, 'num_leaves': 100, 'reg_alpha': 1.0, 'reg_lambda': 0.5, 'subsample': 0.8}",-0.009656890062394449,-0.00855803622160484,-0.009972126795582209,-0.009024874141355062,-0.009347010854076406,-0.009311787615002592,0.0004912931331872663,221
0.41883058547973634,0.022249758294014665,0.004825878143310547,0.00017015534283065833,0.8,0.1,-1,20,700,100,1.0,1.0,0.8,"{'colsample_bytree': 0.8, 'learning_rate': 0.1, 'max_depth': -1, 'min_child_samples': 20, 'n_estimators': 700, 'num_leaves': 100, 'reg_alpha': 1.0, 'reg_lambda': 1.0, 'subsample': 0.8}",-0.009542626241496635,-0.00869278571615109,-0.009808161485007849,-0.009452948718418433,-0.009457545101233176,-0.009390813452461436,0.00037223195136014214,295
0.8845940113067627,0.02417171318002941,0.01218276023864746,0.0019391863643572979,0.8,0.1,-1,30,500,31,0.0,0.0,0.8,"{'colsample_bytree': 0.8, 'learning_rate': 0.1, 'max_depth': -1, 'min_child_samples': 30, 'n_estimators': 500, 'num_leaves': 31, 'reg_alpha': 0.0, 'reg_lambda': 0.0, 'subsample': 0.8}",-0.009568211297565195,-0.008948460278015694,-0.009550804139509475,-0.009280891902252113,-0.009501471373207393,-0.009369967798109974,0.00023447753087633874,271
0.8635347366333008,0.047055582576163144,0.011261606216430664,0.0006589001969825511,0.8,0.1,-1,30,500,31,0.0,0.5,0.8,"{'colsample_bytree': 0.8, 'learning_rate': 0.1, 'max_depth': -1, 'min_child_samples': 30, 'n_estimators': 500, 'num_leaves': 31, 'reg_alpha': 0.0, 'reg_lambda': 0.5, 'subsample': 0.8}",-0.009479851756100081,-0.008721748881030942,-0.009574508977056815,-0.009315649989039797,-0.00958695812613815,-0.009335743545873156,0.000321955920026876,250
0.805357837677002,0.05318140957653166,0.01060786247253418,0.0007664359794288145,0.8,0.1,-1,30,500,31,0.0,1.0,0.8,"{'colsample_bytree': 0.8, 'learning_rate': 0.1, 'max_depth': -1, 'min_child_samples': 30, 'n_estimators': 500, 'num_leaves': 31, 'reg_alpha': 0.0, 'reg_lambda': 1.0, 'subsample': 0.8}",-0.009599584145476818,-0.008823997593943336,-0.009867101752131532,-0.009468098162877765,-0.009187383090366957,-0.00938923294895928,0.00035750812937940024,293
0.5486671447753906,0.012244631610239119,0.005870819091796875,0.0001962472551567486,0.8,0.1,-1,30,500,31,0.5,0.0,0.8,"{'colsample_bytree': 0.8, 'learning_rate': 0.1, 'max_depth': -1, 'min_child_samples': 30, 'n_estimators': 500, 'num_leaves': 31, 'reg_alpha': 0.5, 'reg_lambda': 0.0, 'subsample': 0.8}",-0.009527292495300894,-0.008673543315395623,-0.009670860946643618,-0.009258382319930501,-0.009314300965572292,-0.009288876008568585,0.00034145732700729985,191
0.5460470199584961,0.04376516496489824,0.005566930770874024,0.00017301697068649569,0.8,0.1,-1,30,500,31,0.5,0.5,0.8,"{'colsample_bytree': 0.8, 'learning_rate': 0.1, 'max_depth': -1, 'min_child_samples': 30, 'n_estimators': 500, 'num_leaves': 31, 'reg_alpha': 0.5, 'reg_lambda': 0.5, 'subsample': 0.8}",-0.009252607211038186,-0.008527589265114833,-0.009633457510664216,-0.00921614062251442,-0.009106891598812322,-0.009147337241628795,0.0003571699853189806,41
0.5313218593597412,0.03822057121738634,0.0056873798370361325,0.00017366528445175025,0.8,0.1,-1,30,500,31,0.5,1.0,0.8,"{'colsample_bytree': 0.8, 'learning_rate': 0.1, 'max_depth': -1, 'min_child_samples': 30, 'n_estimators': 500, 'num_leaves': 31, 'reg_alpha': 0.5, 'reg_lambda': 1.0, 'subsample': 0.8}",-0.009401117227003377,-0.008468434536282016,-0.009315418206236457,-0.00943120726165564,-0.009108156984747267,-0.00914486684318495,0.0003565532614980063,33
0.3227104663848877,0.017233077235515943,0.004373025894165039,5.2991906917694204e-05,0.8,0.1,-1,30,500,31,1.0,0.0,0.8,"{'colsample_bytree': 0.8, 'learning_rate': 0.1, 'max_depth': -1, 'min_child_samples': 30, 'n_estimators': 500, 'num_leaves': 31, 'reg_alpha': 1.0, 'reg_lambda': 0.0, 'subsample': 0.8}",-0.009563205138625321,-0.008649790913408608,-0.00998040600517005,-0.009137883935674591,-0.009312557178076403,-0.009328768634190996,0.0004421090957272378,237
0.3452629089355469,0.013379330863474663,0.004614067077636719,0.00037340957410845436,0.8,0.1,-1,30,500,31,1.0,0.5,0.8,"{'colsample_bytree': 0.8, 'learning_rate': 0.1, 'max_depth': -1, 'min_child_samples': 30, 'n_estimators': 500, 'num_leaves': 31, 'reg_alpha': 1.0, 'reg_lambda': 0.5, 'subsample': 0.8}",-0.009521498336911379,-0.008668818206518979,-0.009736837997220322,-0.00918649026555646,-0.009263506121810924,-0.009275430185603614,0.00036041012459509073,161
0.33168649673461914,0.03637579019141433,0.004582786560058593,0.00042274863058539556,0.8,0.1,-1,30,500,31,1.0,1.0,0.8,"{'colsample_bytree': 0.8, 'learning_rate': 0.1, 'max_depth': -1, 'min_child_samples': 30, 'n_estimators': 500, 'num_leaves': 31, 'reg_alpha': 1.0, 'reg_lambda': 1.0, 'subsample': 0.8}",-0.009561935139398096,-0.008633128152784783,-0.009955043048978294,-0.00916721350067314,-0.009186591451032854,-0.009300782258573434,0.00044111226861524757,209
1.3588529586791993,0.03410402839544998,0.016680526733398437,0.0003985590096359486,0.8,0.1,-1,30,500,50,0.0,0.0,0.8,"{'colsample_bytree': 0.8, 'learning_rate': 0.1, 'max_depth': -1, 'min_child_samples': 30, 'n_estimators': 500, 'num_leaves': 50, 'reg_alpha': 0.0, 'reg_lambda': 0.0, 'subsample': 0.8}",-0.00962467633184587,-0.008773181214785018,-0.00986513862937376,-0.00921089105916352,-0.009206726048163826,-0.0093361226566664,0.00037747864181478556,251
1.3883821964263916,0.025751893370903455,0.016520309448242187,0.00046578014996806363,0.8,0.1,-1,30,500,50,0.0,0.5,0.8,"{'colsample_bytree': 0.8, 'learning_rate': 0.1, 'max_depth': -1, 'min_child_samples': 30, 'n_estimators': 500, 'num_leaves': 50, 'reg_alpha': 0.0, 'reg_lambda': 0.5, 'subsample': 0.8}",-0.009776472699704162,-0.00871886945582412,-0.009634140720423783,-0.00944751027345534,-0.008955611408374236,-0.009306520911556329,0.0004041136313865371,219
1.3845915794372559,0.02844312255959588,0.01674361228942871,0.0005621828073771998,0.8,0.1,-1,30,500,50,0.0,1.0,0.8,"{'colsample_bytree': 0.8, 'learning_rate': 0.1, 'max_depth': -1, 'min_child_samples': 30, 'n_estimators': 500, 'num_leaves': 50, 'reg_alpha': 0.0, 'reg_lambda': 1.0, 'subsample': 0.8}",-0.00935824288315724,-0.008653673729059144,-0.009662172860120841,-0.009073710110175073,-0.009003492631103843,-0.00915025844272323,0.0003403851132829481,45
0.5160796642303467,0.017034547178911563,0.005433177947998047,0.00034940825102504336,0.8,0.1,-1,30,500,50,0.5,0.0,0.8,"{'colsample_bytree': 0.8, 'learning_rate': 0.1, 'max_depth': -1, 'min_child_samples': 30, 'n_estimators': 500, 'num_leaves': 50, 'reg_alpha': 0.5, 'reg_lambda': 0.0, 'subsample': 0.8}",-0.00957718967549756,-0.00839107032816931,-0.009512799931872174,-0.00903921367773713,-0.009197326150170132,-0.00914351995268926,0.000425298124808449,29
0.519493293762207,0.013198339947596565,0.005558919906616211,0.0004496430134810257,0.8,0.1,-1,30,500,50,0.5,0.5,0.8,"{'colsample_bytree': 0.8, 'learning_rate': 0.1, 'max_depth': -1, 'min_child_samples': 30, 'n_estimators': 500, 'num_leaves': 50, 'reg_alpha': 0.5, 'reg_lambda': 0.5, 'subsample': 0.8}",-0.009564326050597137,-0.008660121932319574,-0.009646021591903276,-0.009261786356743436,-0.00921143736643723,-0.00926873865960013,0.00034740765972054343,155
0.5170233249664307,0.01591630330412899,0.005363893508911133,0.00010608018260279865,0.8,0.1,-1,30,500,50,0.5,1.0,0.8,"{'colsample_bytree': 0.8, 'learning_rate': 0.1, 'max_depth': -1, 'min_child_samples': 30, 'n_estimators': 500, 'num_leaves': 50, 'reg_alpha': 0.5, 'reg_lambda': 1.0, 'subsample': 0.8}",-0.009483851868370521,-0.008501244598153027,-0.009427685865361071,-0.00941056328632366,-0.009079596348729693,-0.009180588393387595,0.0003681363151071209,51
0.3560514450073242,0.015126465228030543,0.004448556900024414,0.00018867191251744885,0.8,0.1,-1,30,500,50,1.0,0.0,0.8,"{'colsample_bytree': 0.8, 'learning_rate': 0.1, 'max_depth': -1, 'min_child_samples': 30, 'n_estimators': 500, 'num_leaves': 50, 'reg_alpha': 1.0, 'reg_lambda': 0.0, 'subsample': 0.8}",-0.009554848019504094,-0.008577920596915128,-0.009616319115812321,-0.009116293651245602,-0.009516543127803333,-0.009276384902256097,0.0003909615185659851,165
0.35400996208190916,0.010924771603597649,0.004532814025878906,9.120649690489957e-05,0.8,0.1,-1,30,500,50,1.0,0.5,0.8,"{'colsample_bytree': 0.8, 'learning_rate': 0.1, 'max_depth': -1, 'min_child_samples': 30, 'n_estimators': 500, 'num_leaves': 50, 'reg_alpha': 1.0, 'reg_lambda': 0.5, 'subsample': 0.8}",-0.009595132592647182,-0.008538911878434823,-0.009529737564120821,-0.009198785404574548,-0.009342725419658414,-0.009241058571887157,0.0003778457676011852,109
0.35159778594970703,0.011605094589604624,0.00442972183227539,0.00012335534898863504,0.8,0.1,-1,30,500,50,1.0,1.0,0.8,"{'colsample_bytree': 0.8, 'learning_rate': 0.1, 'max_depth': -1, 'min_child_samples': 30, 'n_estimators': 500, 'num_leaves': 50, 'reg_alpha': 1.0, 'reg_lambda': 1.0, 'subsample': 0.8}",-0.009474676482938918,-0.00862542931009658,-0.009751685113086881,-0.009151522669969697,-0.009258298262015439,-0.009252322367621501,0.0003746987323412661,132
1.677830457687378,0.12178316261146002,0.023004961013793946,0.006174085851359148,0.8,0.1,-1,30,500,100,0.0,0.0,0.8,"{'colsample_bytree': 0.8, 'learning_rate': 0.1, 'max_depth': -1, 'min_child_samples': 30, 'n_estimators': 500, 'num_leaves': 100, 'reg_alpha': 0.0, 'reg_lambda': 0.0, 'subsample': 0.8}",-0.00996061660524829,-0.008790927098040916,-0.00979096921795292,-0.009418813462791624,-0.009227355659705585,-0.009437736408747868,0.000415007840711394,317
1.4879422664642334,0.04754558874540321,0.018267440795898437,0.00044132157177382024,0.8,0.1,-1,30,500,100,0.0,0.5,0.8,"{'colsample_bytree': 0.8, 'learning_rate': 0.1, 'max_depth': -1, 'min_child_samples': 30, 'n_estimators': 500, 'num_leaves': 100, 'reg_alpha': 0.0, 'reg_lambda': 0.5, 'subsample': 0.8}",-0.009580573010397529,-0.008876359082673323,-0.00979421220232475,-0.009226791205682925,-0.009207926598476045,-0.009337172419910915,0.0003191760131172092,253
1.3878180980682373,0.09234392042486336,0.017301368713378906,0.0010054493655548202,0.8,0.1,-1,30,500,100,0.0,1.0,0.8,"{'colsample_bytree': 0.8, 'learning_rate': 0.1, 'max_depth': -1, 'min_child_samples': 30, 'n_estimators': 500, 'num_leaves': 100, 'reg_alpha': 0.0, 'reg_lambda': 1.0, 'subsample': 0.8}",-0.009380764496739883,-0.00886864708279833,-0.00981316840560934,-0.009315699895010873,-0.009498573770551619,-0.009375370730142009,0.0003056809938060958,278
0.48745040893554686,0.06357783493605129,0.005431938171386719,0.0005229033846235795,0.8,0.1,-1,30,500,100,0.5,0.0,0.8,"{'colsample_bytree': 0.8, 'learning_rate': 0.1, 'max_depth': -1, 'min_child_samples': 30, 'n_estimators': 500, 'num_leaves': 100, 'reg_alpha': 0.5, 'reg_lambda': 0.0, 'subsample': 0.8}",-0.009582001277989083,-0.008310838353303018,-0.009491703928893045,-0.009001208534217923,-0.009204784210299974,-0.009118107260940608,0.0004533505099713803,9
0.536083984375,0.012276394877234477,0.005789709091186523,9.373003062763666e-05,0.8,0.1,-1,30,500,100,0.5,0.5,0.8,"{'colsample_bytree': 0.8, 'learning_rate': 0.1, 'max_depth': -1, 'min_child_samples': 30, 'n_estimators': 500, 'num_leaves': 100, 'reg_alpha': 0.5, 'reg_lambda': 0.5, 'subsample': 0.8}",-0.009607277030087862,-0.008642402560239192,-0.009761022157064978,-0.009250143176963406,-0.009227037873625917,-0.00929757655959627,0.0003865681840699799,205
0.5317498683929444,0.01217677950494199,0.00586085319519043,4.146548071928257e-05,0.8,0.1,-1,30,500,100,0.5,1.0,0.8,"{'colsample_bytree': 0.8, 'learning_rate': 0.1, 'max_depth': -1, 'min_child_samples': 30, 'n_estimators': 500, 'num_leaves': 100, 'reg_alpha': 0.5, 'reg_lambda': 1.0, 'subsample': 0.8}",-0.009524309898235614,-0.008397112824424183,-0.009447109189949062,-0.009476982298338725,-0.009135130865298642,-0.009196129015249247,0.0004223079336622013,65
0.37197580337524416,0.02815479555140083,0.005052900314331055,0.0004894269599808067,0.8,0.1,-1,30,500,100,1.0,0.0,0.8,"{'colsample_bytree': 0.8, 'learning_rate': 0.1, 'max_depth': -1, 'min_child_samples': 30, 'n_estimators': 500, 'num_leaves': 100, 'reg_alpha': 1.0, 'reg_lambda': 0.0, 'subsample': 0.8}",-0.009658102860284384,-0.008577920596915128,-0.009616319115812321,-0.009116293651245602,-0.009516543127803333,-0.009297035870412154,0.00040750193235910095,201
0.38532328605651855,0.01411692751947841,0.00492548942565918,0.00010640885883793815,0.8,0.1,-1,30,500,100,1.0,0.5,0.8,"{'colsample_bytree': 0.8, 'learning_rate': 0.1, 'max_depth': -1, 'min_child_samples': 30, 'n_estimators': 500, 'num_leaves': 100, 'reg_alpha': 1.0, 'reg_lambda': 0.5, 'subsample': 0.8}",-0.009595132592647182,-0.008538911878434823,-0.009530830817665092,-0.009223940447350273,-0.009342725419658414,-0.009246308231151157,0.00037758117782481394,122
0.38110671043395994,0.010614974182628722,0.00490274429321289,6.165425166588659e-05,0.8,0.1,-1,30,500,100,1.0,1.0,0.8,"{'colsample_bytree': 0.8, 'learning_rate': 0.1, 'max_depth': -1, 'min_child_samples': 30, 'n_estimators': 500, 'num_leaves': 100, 'reg_alpha': 1.0, 'reg_lambda': 1.0, 'subsample': 0.8}",-0.009474676482938918,-0.008676491164914238,-0.009751685113086881,-0.009151522669969697,-0.009258298262015439,-0.009262534738585034,0.0003577878997187089,147
1.2586502075195312,0.017036429322916817,0.01701359748840332,0.00016612491971967756,0.8,0.1,-1,30,700,31,0.0,0.0,0.8,"{'colsample_bytree': 0.8, 'learning_rate': 0.1, 'max_depth': -1, 'min_child_samples': 30, 'n_estimators': 700, 'num_leaves': 31, 'reg_alpha': 0.0, 'reg_lambda': 0.0, 'subsample': 0.8}",-0.009571479801656657,-0.008964511067152363,-0.009534552297285524,-0.009282255357012591,-0.00948727176489614,-0.009368014057600654,0.00022517766898972924,270
1.2835206031799316,0.0091099337569697,0.016762447357177735,0.00042134040396557223,0.8,0.1,-1,30,700,31,0.0,0.5,0.8,"{'colsample_bytree': 0.8, 'learning_rate': 0.1, 'max_depth': -1, 'min_child_samples': 30, 'n_estimators': 700, 'num_leaves': 31, 'reg_alpha': 0.0, 'reg_lambda': 0.5, 'subsample': 0.8}",-0.009495792850530151,-0.008728398633019203,-0.009565942645528031,-0.009311410353855994,-0.00958345121946616,-0.009336999140479908,0.0003191922811642532,252
1.2014198780059815,0.04855684742073101,0.016781139373779296,0.0001809659147640883,0.8,0.1,-1,30,700,31,0.0,1.0,0.8,"{'colsample_bytree': 0.8, 'learning_rate': 0.1, 'max_depth': -1, 'min_child_samples': 30, 'n_estimators': 700, 'num_leaves': 31, 'reg_alpha': 0.0, 'reg_lambda': 1.0, 'subsample': 0.8}",-0.009593545780622301,-0.008833894143210608,-0.009862490426682698,-0.009464593614379305,-0.009191858916146566,-0.009389276576208295,0.00035178211773149385,294
0.4726424694061279,0.03339386272415428,0.005495262145996094,0.0005705654867388426,0.8,0.1,-1,30,700,31,0.5,0.0,0.8,"{'colsample_bytree': 0.8, 'learning_rate': 0.1, 'max_depth': -1, 'min_child_samples': 30, 'n_estimators': 700, 'num_leaves': 31, 'reg_alpha': 0.5, 'reg_lambda': 0.0, 'subsample': 0.8}",-0.009527292495300894,-0.008673543315395623,-0.009670860946643618,-0.009258382319930501,-0.009314300965572292,-0.009288876008568585,0.00034145732700729985,191
0.47200970649719237,0.0177533494908872,0.005061197280883789,9.555493042847691e-05,0.8,0.1,-1,30,700,31,0.5,0.5,0.8,"{'colsample_bytree': 0.8, 'learning_rate': 0.1, 'max_depth': -1, 'min_child_samples': 30, 'n_estimators': 700, 'num_leaves': 31, 'reg_alpha': 0.5, 'reg_lambda': 0.5, 'subsample': 0.8}",-0.009252607211038186,-0.008527589265114833,-0.009633457510664216,-0.00921614062251442,-0.009106891598812322,-0.009147337241628795,0.0003571699853189806,41
0.5177278041839599,0.05740430429049571,0.005684614181518555,0.00038706608315422405,0.8,0.1,-1,30,700,31,0.5,1.0,0.8,"{'colsample_bytree': 0.8, 'learning_rate': 0.1, 'max_depth': -1, 'min_child_samples': 30, 'n_estimators': 700, 'num_leaves': 31, 'reg_alpha': 0.5, 'reg_lambda': 1.0, 'subsample': 0.8}",-0.009401117227003377,-0.008468434536282016,-0.009315418206236457,-0.00943120726165564,-0.009108156984747267,-0.00914486684318495,0.0003565532614980063,33
0.3565531253814697,0.018952651818133045,0.0043639659881591795,0.00010585091112787308,0.8,0.1,-1,30,700,31,1.0,0.0,0.8,"{'colsample_bytree': 0.8, 'learning_rate': 0.1, 'max_depth': -1, 'min_child_samples': 30, 'n_estimators': 700, 'num_leaves': 31, 'reg_alpha': 1.0, 'reg_lambda': 0.0, 'subsample': 0.8}",-0.009563205138625321,-0.008649790913408608,-0.00998040600517005,-0.009137883935674591,-0.009312557178076403,-0.009328768634190996,0.0004421090957272378,237
0.3634587287902832,0.027327179396204025,0.004798603057861328,0.00044482260797408654,0.8,0.1,-1,30,700,31,1.0,0.5,0.8,"{'colsample_bytree': 0.8, 'learning_rate': 0.1, 'max_depth': -1, 'min_child_samples': 30, 'n_estimators': 700, 'num_leaves': 31, 'reg_alpha': 1.0, 'reg_lambda': 0.5, 'subsample': 0.8}",-0.009521498336911379,-0.008668818206518979,-0.009736837997220322,-0.00918649026555646,-0.009263506121810924,-0.009275430185603614,0.00036041012459509073,161
0.36926021575927737,0.017627931826916278,0.004550933837890625,0.0004783406872220537,0.8,0.1,-1,30,700,31,1.0,1.0,0.8,"{'colsample_bytree': 0.8, 'learning_rate': 0.1, 'max_depth': -1, 'min_child_samples': 30, 'n_estimators': 700, 'num_leaves': 31, 'reg_alpha': 1.0, 'reg_lambda': 1.0, 'subsample': 0.8}",-0.009561935139398096,-0.008633128152784783,-0.009955043048978294,-0.00916721350067314,-0.009186591451032854,-0.009300782258573434,0.00044111226861524757,209
1.7472451686859132,0.09893934160843837,0.025300121307373045,0.0011240391374272686,0.8,0.1,-1,30,700,50,0.0,0.0,0.8,"{'colsample_bytree': 0.8, 'learning_rate': 0.1, 'max_depth': -1, 'min_child_samples': 30, 'n_estimators': 700, 'num_leaves': 50, 'reg_alpha': 0.0, 'reg_lambda': 0.0, 'subsample': 0.8}",-0.009622543442752552,-0.008772520229715065,-0.009863996983523813,-0.009208074007408416,-0.009209299205475785,-0.009335286773775127,0.00037704456452002154,249
1.8177314281463623,0.13070613354425487,0.02524724006652832,0.002724211764447398,0.8,0.1,-1,30,700,50,0.0,0.5,0.8,"{'colsample_bytree': 0.8, 'learning_rate': 0.1, 'max_depth': -1, 'min_child_samples': 30, 'n_estimators': 700, 'num_leaves': 50, 'reg_alpha': 0.0, 'reg_lambda': 0.5, 'subsample': 0.8}",-0.009776482512625882,-0.008721443748745615,-0.009634486661420243,-0.009445594584302743,-0.008957289996807428,-0.009307059500780384,0.000402999502203678,220
2.000174951553345,0.03429312983083769,0.029215669631958006,0.007101256924671357,0.8,0.1,-1,30,700,50,0.0,1.0,0.8,"{'colsample_bytree': 0.8, 'learning_rate': 0.1, 'max_depth': -1, 'min_child_samples': 30, 'n_estimators': 700, 'num_leaves': 50, 'reg_alpha': 0.0, 'reg_lambda': 1.0, 'subsample': 0.8}",-0.009357878956479168,-0.008657011523303554,-0.009665589101386055,-0.0090715400066934,-0.00900563216002906,-0.009151530349578248,0.00034031448811028237,46
0.5212141513824463,0.0299257959395717,0.0054699420928955075,0.0003391118429924487,0.8,0.1,-1,30,700,50,0.5,0.0,0.8,"{'colsample_bytree': 0.8, 'learning_rate': 0.1, 'max_depth': -1, 'min_child_samples': 30, 'n_estimators': 700, 'num_leaves': 50, 'reg_alpha': 0.5, 'reg_lambda': 0.0, 'subsample': 0.8}",-0.00957718967549756,-0.00839107032816931,-0.009512799931872174,-0.00903921367773713,-0.009197326150170132,-0.00914351995268926,0.000425298124808449,29
0.5134328365325928,0.03292619807099397,0.005360269546508789,0.0001067272560612566,0.8,0.1,-1,30,700,50,0.5,0.5,0.8,"{'colsample_bytree': 0.8, 'learning_rate': 0.1, 'max_depth': -1, 'min_child_samples': 30, 'n_estimators': 700, 'num_leaves': 50, 'reg_alpha': 0.5, 'reg_lambda': 0.5, 'subsample': 0.8}",-0.009564326050597137,-0.008660121932319574,-0.009646021591903276,-0.009261786356743436,-0.00921143736643723,-0.00926873865960013,0.00034740765972054343,155
0.4836566925048828,0.030236211842139253,0.005129957199096679,0.0001958983545645465,0.8,0.1,-1,30,700,50,0.5,1.0,0.8,"{'colsample_bytree': 0.8, 'learning_rate': 0.1, 'max_depth': -1, 'min_child_samples': 30, 'n_estimators': 700, 'num_leaves': 50, 'reg_alpha': 0.5, 'reg_lambda': 1.0, 'subsample': 0.8}",-0.009483851868370521,-0.008501244598153027,-0.009427685865361071,-0.00941056328632366,-0.009079596348729693,-0.009180588393387595,0.0003681363151071209,51
0.34375524520874023,0.03488952015668754,0.0042855262756347655,0.0002770108879682635,0.8,0.1,-1,30,700,50,1.0,0.0,0.8,"{'colsample_bytree': 0.8, 'learning_rate': 0.1, 'max_depth': -1, 'min_child_samples': 30, 'n_estimators': 700, 'num_leaves': 50, 'reg_alpha': 1.0, 'reg_lambda': 0.0, 'subsample': 0.8}",-0.009554848019504094,-0.008577920596915128,-0.009616319115812321,-0.009116293651245602,-0.009516543127803333,-0.009276384902256097,0.0003909615185659851,165
0.3941549301147461,0.01961504846157182,0.00471653938293457,0.0002788489151380653,0.8,0.1,-1,30,700,50,1.0,0.5,0.8,"{'colsample_bytree': 0.8, 'learning_rate': 0.1, 'max_depth': -1, 'min_child_samples': 30, 'n_estimators': 700, 'num_leaves': 50, 'reg_alpha': 1.0, 'reg_lambda': 0.5, 'subsample': 0.8}",-0.009595132592647182,-0.008538911878434823,-0.009529737564120821,-0.009198785404574548,-0.009342725419658414,-0.009241058571887157,0.0003778457676011852,109
0.3812081336975098,0.0077707955129879824,0.00443120002746582,0.00013338554499120903,0.8,0.1,-1,30,700,50,1.0,1.0,0.8,"{'colsample_bytree': 0.8, 'learning_rate': 0.1, 'max_depth': -1, 'min_child_samples': 30, 'n_estimators': 700, 'num_leaves': 50, 'reg_alpha': 1.0, 'reg_lambda': 1.0, 'subsample': 0.8}",-0.009474676482938918,-0.00862542931009658,-0.009751685113086881,-0.009151522669969697,-0.009258298262015439,-0.009252322367621501,0.0003746987323412661,132
2.1328943729400636,0.1755963500434381,0.026688814163208008,0.0017560612935731597,0.8,0.1,-1,30,700,100,0.0,0.0,0.8,"{'colsample_bytree': 0.8, 'learning_rate': 0.1, 'max_depth': -1, 'min_child_samples': 30, 'n_estimators': 700, 'num_leaves': 100, 'reg_alpha': 0.0, 'reg_lambda': 0.0, 'subsample': 0.8}",-0.009958969524381307,-0.008792898720567105,-0.00979292782804003,-0.009419183413270226,-0.009231223940750653,-0.009439040685401866,0.0004139187496747587,319
2.339207315444946,0.07325378663177827,0.027348899841308595,0.0007400597278121439,0.8,0.1,-1,30,700,100,0.0,0.5,0.8,"{'colsample_bytree': 0.8, 'learning_rate': 0.1, 'max_depth': -1, 'min_child_samples': 30, 'n_estimators': 700, 'num_leaves': 100, 'reg_alpha': 0.0, 'reg_lambda': 0.5, 'subsample': 0.8}",-0.009580664103029683,-0.008871304747282684,-0.00979181314571138,-0.00923230717653545,-0.009216305031531306,-0.009338478840818102,0.0003189408060654511,254
2.337165689468384,0.031782731378159415,0.027162647247314452,0.0004875656934704587,0.8,0.1,-1,30,700,100,0.0,1.0,0.8,"{'colsample_bytree': 0.8, 'learning_rate': 0.1, 'max_depth': -1, 'min_child_samples': 30, 'n_estimators': 700, 'num_leaves': 100, 'reg_alpha': 0.0, 'reg_lambda': 1.0, 'subsample': 0.8}",-0.0093808635492393,-0.008868171382976494,-0.009811355006878734,-0.009314761340686723,-0.009504185322027792,-0.009375867320361808,0.0003058199151631618,280
0.5793224334716797,0.016058089716380057,0.0061280250549316405,0.0005513781979617923,0.8,0.1,-1,30,700,100,0.5,0.0,0.8,"{'colsample_bytree': 0.8, 'learning_rate': 0.1, 'max_depth': -1, 'min_child_samples': 30, 'n_estimators': 700, 'num_leaves': 100, 'reg_alpha': 0.5, 'reg_lambda': 0.0, 'subsample': 0.8}",-0.009582001277989083,-0.008310838353303018,-0.009491703928893045,-0.009001208534217923,-0.009204784210299974,-0.009118107260940608,0.0004533505099713803,9
0.5634151935577393,0.03425413515715141,0.00574183464050293,0.00010910978226398615,0.8,0.1,-1,30,700,100,0.5,0.5,0.8,"{'colsample_bytree': 0.8, 'learning_rate': 0.1, 'max_depth': -1, 'min_child_samples': 30, 'n_estimators': 700, 'num_leaves': 100, 'reg_alpha': 0.5, 'reg_lambda': 0.5, 'subsample': 0.8}",-0.009607277030087862,-0.008642402560239192,-0.009761022157064978,-0.009250143176963406,-0.009227037873625917,-0.00929757655959627,0.0003865681840699799,205
0.5164272785186768,0.037633515270266184,0.005530738830566406,0.00018375479038918165,0.8,0.1,-1,30,700,100,0.5,1.0,0.8,"{'colsample_bytree': 0.8, 'learning_rate': 0.1, 'max_depth': -1, 'min_child_samples': 30, 'n_estimators': 700, 'num_leaves': 100, 'reg_alpha': 0.5, 'reg_lambda': 1.0, 'subsample': 0.8}",-0.009524309898235614,-0.008397112824424183,-0.009447109189949062,-0.009476982298338725,-0.009135130865298642,-0.009196129015249247,0.0004223079336622013,65
0.3750468730926514,0.039878660714721785,0.004673480987548828,0.0003010473549812539,0.8,0.1,-1,30,700,100,1.0,0.0,0.8,"{'colsample_bytree': 0.8, 'learning_rate': 0.1, 'max_depth': -1, 'min_child_samples': 30, 'n_estimators': 700, 'num_leaves': 100, 'reg_alpha': 1.0, 'reg_lambda': 0.0, 'subsample': 0.8}",-0.009658102860284384,-0.008577920596915128,-0.009616319115812321,-0.009116293651245602,-0.009516543127803333,-0.009297035870412154,0.00040750193235910095,201
0.3589487075805664,0.02767572569756155,0.004504537582397461,0.0002462902742728004,0.8,0.1,-1,30,700,100,1.0,0.5,0.8,"{'colsample_bytree': 0.8, 'learning_rate': 0.1, 'max_depth': -1, 'min_child_samples': 30, 'n_estimators': 700, 'num_leaves': 100, 'reg_alpha': 1.0, 'reg_lambda': 0.5, 'subsample': 0.8}",-0.009595132592647182,-0.008538911878434823,-0.009530830817665092,-0.009223940447350273,-0.009342725419658414,-0.009246308231151157,0.00037758117782481394,122
0.35717239379882815,0.022530365268265587,0.004412412643432617,0.00011073848766252169,0.8,0.1,-1,30,700,100,1.0,1.0,0.8,"{'colsample_bytree': 0.8, 'learning_rate': 0.1, 'max_depth': -1, 'min_child_samples': 30, 'n_estimators': 700, 'num_leaves': 100, 'reg_alpha': 1.0, 'reg_lambda': 1.0, 'subsample': 0.8}",-0.009474676482938918,-0.008676491164914238,-0.009751685113086881,-0.009151522669969697,-0.009258298262015439,-0.009262534738585034,0.0003577878997187089,147
0.8910583972930908,0.06282733271462931,0.008260059356689452,0.0001816175274926854,0.8,0.1,20,10,500,31,0.0,0.0,0.8,"{'colsample_bytree': 0.8, 'learning_rate': 0.1, 'max_depth': 20, 'min_child_samples': 10, 'n_estimators': 500, 'num_leaves': 31, 'reg_alpha': 0.0, 'reg_lambda': 0.0, 'subsample': 0.8}",-0.009741046428960905,-0.008628646287142442,-0.009762993809377398,-0.009014676275462914,-0.009106666530107298,-0.009250805866210191,0.0004396107760636466,127
0.9314093589782715,0.03754954101641585,0.008450031280517578,0.0004101431043929428,0.8,0.1,20,10,500,31,0.0,0.5,0.8,"{'colsample_bytree': 0.8, 'learning_rate': 0.1, 'max_depth': 20, 'min_child_samples': 10, 'n_estimators': 500, 'num_leaves': 31, 'reg_alpha': 0.0, 'reg_lambda': 0.5, 'subsample': 0.8}",-0.009952645816714867,-0.008897349170791153,-0.009321594991198478,-0.009018331812861649,-0.009212268246414952,-0.00928043800759622,0.00036705886897927853,177
0.9770718097686768,0.0384428986855334,0.008468818664550782,7.322601174505571e-05,0.8,0.1,20,10,500,31,0.0,1.0,0.8,"{'colsample_bytree': 0.8, 'learning_rate': 0.1, 'max_depth': 20, 'min_child_samples': 10, 'n_estimators': 500, 'num_leaves': 31, 'reg_alpha': 0.0, 'reg_lambda': 1.0, 'subsample': 0.8}",-0.009531441337990469,-0.009077376770321315,-0.009534376126080024,-0.009213072827057646,-0.009418456914815306,-0.009354944795252952,0.00018141228471965873,259
0.6087446689605713,0.01696540326531992,0.005723047256469727,0.00016571428395939855,0.8,0.1,20,10,500,31,0.5,0.0,0.8,"{'colsample_bytree': 0.8, 'learning_rate': 0.1, 'max_depth': 20, 'min_child_samples': 10, 'n_estimators': 500, 'num_leaves': 31, 'reg_alpha': 0.5, 'reg_lambda': 0.0, 'subsample': 0.8}",-0.00957202621975863,-0.008304288095499907,-0.009607509870120422,-0.009293057033604772,-0.009400715157461367,-0.00923551927528902,0.00047945921821348266,101
0.607268238067627,0.02224316497967702,0.005732059478759766,3.5408490277919585e-05,0.8,0.1,20,10,500,31,0.5,0.5,0.8,"{'colsample_bytree': 0.8, 'learning_rate': 0.1, 'max_depth': 20, 'min_child_samples': 10, 'n_estimators': 500, 'num_leaves': 31, 'reg_alpha': 0.5, 'reg_lambda': 0.5, 'subsample': 0.8}",-0.009508348458875793,-0.008414975012009086,-0.00942730042211447,-0.009114349719577046,-0.009174770155539452,-0.00912794875362317,0.0003860114223233264,21
0.5684328556060791,0.06913420514950902,0.005196332931518555,0.00037981293426007733,0.8,0.1,20,10,500,31,0.5,1.0,0.8,"{'colsample_bytree': 0.8, 'learning_rate': 0.1, 'max_depth': 20, 'min_child_samples': 10, 'n_estimators': 500, 'num_leaves': 31, 'reg_alpha': 0.5, 'reg_lambda': 1.0, 'subsample': 0.8}",-0.009156405222147855,-0.008576944974321913,-0.009525731502639505,-0.009597511741799104,-0.009050465488780688,-0.009181411785937812,0.00036738198864237696,56
0.3579394340515137,0.053317256872499684,0.005017518997192383,0.0014417318187551955,0.8,0.1,20,10,500,31,1.0,0.0,0.8,"{'colsample_bytree': 0.8, 'learning_rate': 0.1, 'max_depth': 20, 'min_child_samples': 10, 'n_estimators': 500, 'num_leaves': 31, 'reg_alpha': 1.0, 'reg_lambda': 0.0, 'subsample': 0.8}",-0.00958086425328223,-0.00866548731604849,-0.009580437630756843,-0.009031077051742,-0.009469603999881192,-0.009265494050342151,0.00036201328861746733,151
0.3709397792816162,0.026656410131424526,0.004486608505249024,0.00025657159916527895,0.8,0.1,20,10,500,31,1.0,0.5,0.8,"{'colsample_bytree': 0.8, 'learning_rate': 0.1, 'max_depth': 20, 'min_child_samples': 10, 'n_estimators': 500, 'num_leaves': 31, 'reg_alpha': 1.0, 'reg_lambda': 0.5, 'subsample': 0.8}",-0.009733447747596375,-0.008583055129525861,-0.009714297397932982,-0.009560978579615341,-0.009379761202126493,-0.009394308011359409,0.0004250954938550773,301
0.38401403427124026,0.029188583384357345,0.0043700218200683595,0.00043628055206462756,0.8,0.1,20,10,500,31,1.0,1.0,0.8,"{'colsample_bytree': 0.8, 'learning_rate': 0.1, 'max_depth': 20, 'min_child_samples': 10, 'n_estimators': 500, 'num_leaves': 31, 'reg_alpha': 1.0, 'reg_lambda': 1.0, 'subsample': 0.8}",-0.00967997674939968,-0.008809069946374102,-0.009677799431109892,-0.009405550760130447,-0.00934011246024596,-0.009382501869452017,0.0003183847477189017,285
1.3487975597381592,0.05010085621514884,0.013030481338500977,0.0010577052763422366,0.8,0.1,20,10,500,50,0.0,0.0,0.8,"{'colsample_bytree': 0.8, 'learning_rate': 0.1, 'max_depth': 20, 'min_child_samples': 10, 'n_estimators': 500, 'num_leaves': 50, 'reg_alpha': 0.0, 'reg_lambda': 0.0, 'subsample': 0.8}",-0.009819887571666032,-0.008989059745125942,-0.009449735712748888,-0.009036991588359496,-0.009338802266278853,-0.009326895376835842,0.00030214233299314107,233
1.4269745826721192,0.06034934294885776,0.012785911560058594,0.0002708474934647061,0.8,0.1,20,10,500,50,0.0,0.5,0.8,"{'colsample_bytree': 0.8, 'learning_rate': 0.1, 'max_depth': 20, 'min_child_samples': 10, 'n_estimators': 500, 'num_leaves': 50, 'reg_alpha': 0.0, 'reg_lambda': 0.5, 'subsample': 0.8}",-0.009425389378229515,-0.008857846842734987,-0.009391442288335553,-0.009032174486900626,-0.009162548605785734,-0.009173880320397284,0.00021479111996131251,48
1.3803347110748292,0.16651835634307927,0.013960313796997071,0.0045442881222922185,0.8,0.1,20,10,500,50,0.0,1.0,0.8,"{'colsample_bytree': 0.8, 'learning_rate': 0.1, 'max_depth': 20, 'min_child_samples': 10, 'n_estimators': 500, 'num_leaves': 50, 'reg_alpha': 0.0, 'reg_lambda': 1.0, 'subsample': 0.8}",-0.009663501687023165,-0.008818987914757303,-0.00987614946625271,-0.009092663937367518,-0.00927562377534448,-0.009345385356149035,0.0003817689354869045,256
0.6038632392883301,0.024215250908858607,0.005349588394165039,0.00015487142375327862,0.8,0.1,20,10,500,50,0.5,0.0,0.8,"{'colsample_bytree': 0.8, 'learning_rate': 0.1, 'max_depth': 20, 'min_child_samples': 10, 'n_estimators': 500, 'num_leaves': 50, 'reg_alpha': 0.5, 'reg_lambda': 0.0, 'subsample': 0.8}",-0.009516305342904641,-0.008507740884820461,-0.009489106994498071,-0.009009408843534728,-0.008921827174894167,-0.009088877848130415,0.0003781055548749268,5
0.6047522068023682,0.01730971808031663,0.005356597900390625,8.373488594719626e-05,0.8,0.1,20,10,500,50,0.5,0.5,0.8,"{'colsample_bytree': 0.8, 'learning_rate': 0.1, 'max_depth': 20, 'min_child_samples': 10, 'n_estimators': 500, 'num_leaves': 50, 'reg_alpha': 0.5, 'reg_lambda': 0.5, 'subsample': 0.8}",-0.009523222579827951,-0.008741932909669067,-0.009658915559464593,-0.009062816259460533,-0.008953832196321372,-0.009188143900948704,0.00034745270667714556,61
0.630681324005127,0.02224253696790581,0.0054721832275390625,0.0001537422385209617,0.8,0.1,20,10,500,50,0.5,1.0,0.8,"{'colsample_bytree': 0.8, 'learning_rate': 0.1, 'max_depth': 20, 'min_child_samples': 10, 'n_estimators': 500, 'num_leaves': 50, 'reg_alpha': 0.5, 'reg_lambda': 1.0, 'subsample': 0.8}",-0.009355218660040734,-0.008415966403502811,-0.009375331900370066,-0.009194828661359296,-0.009015110573183679,-0.009071291239691318,0.0003523986112740374,1
0.421021032333374,0.024135896999351408,0.004644870758056641,0.00015552765952154673,0.8,0.1,20,10,500,50,1.0,0.0,0.8,"{'colsample_bytree': 0.8, 'learning_rate': 0.1, 'max_depth': 20, 'min_child_samples': 10, 'n_estimators': 500, 'num_leaves': 50, 'reg_alpha': 1.0, 'reg_lambda': 0.0, 'subsample': 0.8}",-0.00967561095168561,-0.008617348384306348,-0.00969297844901218,-0.009196467403632058,-0.009119348028853242,-0.009260350643497886,0.00039925496932613876,141
0.35811262130737304,0.05234271178895886,0.0041315555572509766,0.0004889680829987484,0.8,0.1,20,10,500,50,1.0,0.5,0.8,"{'colsample_bytree': 0.8, 'learning_rate': 0.1, 'max_depth': 20, 'min_child_samples': 10, 'n_estimators': 500, 'num_leaves': 50, 'reg_alpha': 1.0, 'reg_lambda': 0.5, 'subsample': 0.8}",-0.009702630639517743,-0.008653107221874299,-0.009753503024280016,-0.009397216878618872,-0.009365871523915567,-0.0093744658576413,0.00039301680642966387,273
0.3663772106170654,0.034508841341426434,0.004241085052490235,0.0003458534653679891,0.8,0.1,20,10,500,50,1.0,1.0,0.8,"{'colsample_bytree': 0.8, 'learning_rate': 0.1, 'max_depth': 20, 'min_child_samples': 10, 'n_estimators': 500, 'num_leaves': 50, 'reg_alpha': 1.0, 'reg_lambda': 1.0, 'subsample': 0.8}",-0.00980211507400737,-0.00854121465898747,-0.009602331002162078,-0.009329991511853779,-0.009255341815095533,-0.009306198812421246,0.00042941366863068567,215
2.1426531314849853,0.28824146727572186,0.020392513275146483,0.0021081517086702748,0.8,0.1,20,10,500,100,0.0,0.0,0.8,"{'colsample_bytree': 0.8, 'learning_rate': 0.1, 'max_depth': 20, 'min_child_samples': 10, 'n_estimators': 500, 'num_leaves': 100, 'reg_alpha': 0.0, 'reg_lambda': 0.0, 'subsample': 0.8}",-0.010388109450851534,-0.009022986802816843,-0.009755831006474794,-0.009090531735135809,-0.009247579093227685,-0.009501007617701332,0.0005124656063565841,323
2.2118303775787354,0.12153523086686609,0.021015119552612305,0.002635730322828108,0.8,0.1,20,10,500,100,0.0,0.5,0.8,"{'colsample_bytree': 0.8, 'learning_rate': 0.1, 'max_depth': 20, 'min_child_samples': 10, 'n_estimators': 500, 'num_leaves': 100, 'reg_alpha': 0.0, 'reg_lambda': 0.5, 'subsample': 0.8}",-0.010086465016743004,-0.008740953755986136,-0.009485785840737088,-0.009176531087779176,-0.00912782847464887,-0.009323512835178854,0.0004489319867108953,231
2.2927159309387206,0.26459496828537316,0.019350194931030275,0.00208442788400518,0.8,0.1,20,10,500,100,0.0,1.0,0.8,"{'colsample_bytree': 0.8, 'learning_rate': 0.1, 'max_depth': 20, 'min_child_samples': 10, 'n_estimators': 500, 'num_leaves': 100, 'reg_alpha': 0.0, 'reg_lambda': 1.0, 'subsample': 0.8}",-0.010099273933547554,-0.008768635410869644,-0.009792987464763129,-0.0090901605601782,-0.009443980854055362,-0.009439007644682779,0.00047589310528348686,318
0.6184075355529786,0.019764622083761715,0.005158805847167968,0.00010351547152495478,0.8,0.1,20,10,500,100,0.5,0.0,0.8,"{'colsample_bytree': 0.8, 'learning_rate': 0.1, 'max_depth': 20, 'min_child_samples': 10, 'n_estimators': 500, 'num_leaves': 100, 'reg_alpha': 0.5, 'reg_lambda': 0.0, 'subsample': 0.8}",-0.009463290070472242,-0.008647407372522535,-0.009562625897628378,-0.009246881776791342,-0.00930078183460189,-0.009244197390403277,0.00031898766351413997,115
0.6239702224731445,0.021273090498433678,0.005323886871337891,7.728543356798273e-05,0.8,0.1,20,10,500,100,0.5,0.5,0.8,"{'colsample_bytree': 0.8, 'learning_rate': 0.1, 'max_depth': 20, 'min_child_samples': 10, 'n_estimators': 500, 'num_leaves': 100, 'reg_alpha': 0.5, 'reg_lambda': 0.5, 'subsample': 0.8}",-0.00972516657070224,-0.00866082090316188,-0.009424116836433098,-0.009398408425731404,-0.009065482767876732,-0.009254799100781072,0.0003630946057793616,139
0.6429276466369629,0.042896298848550465,0.005272293090820312,0.00021412895956758932,0.8,0.1,20,10,500,100,0.5,1.0,0.8,"{'colsample_bytree': 0.8, 'learning_rate': 0.1, 'max_depth': 20, 'min_child_samples': 10, 'n_estimators': 500, 'num_leaves': 100, 'reg_alpha': 0.5, 'reg_lambda': 1.0, 'subsample': 0.8}",-0.009595897635710126,-0.008605946844245857,-0.00957310926002439,-0.009349777081271132,-0.009032256554726545,-0.00923139747519561,0.0003726893183339939,95
0.4307138919830322,0.014360952032877392,0.004675817489624023,7.349442099012553e-05,0.8,0.1,20,10,500,100,1.0,0.0,0.8,"{'colsample_bytree': 0.8, 'learning_rate': 0.1, 'max_depth': 20, 'min_child_samples': 10, 'n_estimators': 500, 'num_leaves': 100, 'reg_alpha': 1.0, 'reg_lambda': 0.0, 'subsample': 0.8}",-0.009402323607815758,-0.008545692517984097,-0.009697928706340364,-0.009359605468378725,-0.009392475569716762,-0.009279605174047141,0.0003867355560840432,173
0.42325434684753416,0.010265276160879393,0.004656219482421875,0.00010865355922355374,0.8,0.1,20,10,500,100,1.0,0.5,0.8,"{'colsample_bytree': 0.8, 'learning_rate': 0.1, 'max_depth': 20, 'min_child_samples': 10, 'n_estimators': 500, 'num_leaves': 100, 'reg_alpha': 1.0, 'reg_lambda': 0.5, 'subsample': 0.8}",-0.009659141536552882,-0.008484925476582026,-0.009663279752097383,-0.009268076896234304,-0.00935157711696725,-0.009285400155686768,0.0004307934090873196,185
0.43648538589477537,0.021138249577046537,0.005566740036010742,0.001863800162064552,0.8,0.1,20,10,500,100,1.0,1.0,0.8,"{'colsample_bytree': 0.8, 'learning_rate': 0.1, 'max_depth': 20, 'min_child_samples': 10, 'n_estimators': 500, 'num_leaves': 100, 'reg_alpha': 1.0, 'reg_lambda': 1.0, 'subsample': 0.8}",-0.009628465365271215,-0.008493382272703109,-0.009733074774939378,-0.009255145690680016,-0.009345349548254429,-0.009291083530369629,0.00043583170795600775,199
1.228414249420166,0.08195354079745604,0.013646602630615234,0.0013715919358367817,0.8,0.1,20,10,700,31,0.0,0.0,0.8,"{'colsample_bytree': 0.8, 'learning_rate': 0.1, 'max_depth': 20, 'min_child_samples': 10, 'n_estimators': 700, 'num_leaves': 31, 'reg_alpha': 0.0, 'reg_lambda': 0.0, 'subsample': 0.8}",-0.009731579186607341,-0.008622089571750334,-0.009762529619347742,-0.009012145475538833,-0.009100120246578889,-0.009245692819964627,0.0004399596767613469,120
1.2348666667938233,0.019869208509689224,0.013076257705688477,0.00040642088385339217,0.8,0.1,20,10,700,31,0.0,0.5,0.8,"{'colsample_bytree': 0.8, 'learning_rate': 0.1, 'max_depth': 20, 'min_child_samples': 10, 'n_estimators': 700, 'num_leaves': 31, 'reg_alpha': 0.0, 'reg_lambda': 0.5, 'subsample': 0.8}",-0.009938010950103994,-0.008893592151596215,-0.009320473001595048,-0.009020107656075884,-0.009203450351234842,-0.009275126822121197,0.0003625500350203167,159
1.3199976921081542,0.05760475594852385,0.013634681701660156,0.0006757840441880486,0.8,0.1,20,10,700,31,0.0,1.0,0.8,"{'colsample_bytree': 0.8, 'learning_rate': 0.1, 'max_depth': 20, 'min_child_samples': 10, 'n_estimators': 700, 'num_leaves': 31, 'reg_alpha': 0.0, 'reg_lambda': 1.0, 'subsample': 0.8}",-0.009529922631218747,-0.00907128473454065,-0.009534439326764252,-0.009212259817956907,-0.009412080471703324,-0.009351997396436777,0.00018269023643071192,257
0.6325657844543457,0.02242782736706101,0.0056895256042480465,0.00015533021478869146,0.8,0.1,20,10,700,31,0.5,0.0,0.8,"{'colsample_bytree': 0.8, 'learning_rate': 0.1, 'max_depth': 20, 'min_child_samples': 10, 'n_estimators': 700, 'num_leaves': 31, 'reg_alpha': 0.5, 'reg_lambda': 0.0, 'subsample': 0.8}",-0.00957202621975863,-0.008304288095499907,-0.009607509870120422,-0.009293057033604772,-0.009400715157461367,-0.00923551927528902,0.00047945921821348266,101
0.6435062408447265,0.011126244264425204,0.005712652206420898,0.00011627462667529993,0.8,0.1,20,10,700,31,0.5,0.5,0.8,"{'colsample_bytree': 0.8, 'learning_rate': 0.1, 'max_depth': 20, 'min_child_samples': 10, 'n_estimators': 700, 'num_leaves': 31, 'reg_alpha': 0.5, 'reg_lambda': 0.5, 'subsample': 0.8}",-0.009508348458875793,-0.008414975012009086,-0.00942730042211447,-0.009114349719577046,-0.009174770155539452,-0.00912794875362317,0.0003860114223233264,21
0.6424127578735351,0.037135795631925546,0.005262565612792969,0.00014503513054704904,0.8,0.1,20,10,700,31,0.5,1.0,0.8,"{'colsample_bytree': 0.8, 'learning_rate': 0.1, 'max_depth': 20, 'min_child_samples': 10, 'n_estimators': 700, 'num_leaves': 31, 'reg_alpha': 0.5, 'reg_lambda': 1.0, 'subsample': 0.8}",-0.009156405222147855,-0.008576944974321913,-0.009525731502639505,-0.009597511741799104,-0.009050465488780688,-0.009181411785937812,0.00036738198864237696,56
0.42250685691833495,0.041775150822926266,0.004199838638305664,0.0002387972970962419,0.8,0.1,20,10,700,31,1.0,0.0,0.8,"{'colsample_bytree': 0.8, 'learning_rate': 0.1, 'max_depth': 20, 'min_child_samples': 10, 'n_estimators': 700, 'num_leaves': 31, 'reg_alpha': 1.0, 'reg_lambda': 0.0, 'subsample': 0.8}",-0.00958086425328223,-0.00866548731604849,-0.009580437630756843,-0.009031077051742,-0.009469603999881192,-0.009265494050342151,0.00036201328861746733,151
0.38686542510986327,0.013172606188037806,0.004229497909545898,0.00013987856908377033,0.8,0.1,20,10,700,31,1.0,0.5,0.8,"{'colsample_bytree': 0.8, 'learning_rate': 0.1, 'max_depth': 20, 'min_child_samples': 10, 'n_estimators': 700, 'num_leaves': 31, 'reg_alpha': 1.0, 'reg_lambda': 0.5, 'subsample': 0.8}",-0.009733447747596375,-0.008583055129525861,-0.009714297397932982,-0.009560978579615341,-0.009379761202126493,-0.009394308011359409,0.0004250954938550773,301
0.4107839107513428,0.025023899009738795,0.004344844818115234,0.00029224153224385375,0.8,0.1,20,10,700,31,1.0,1.0,0.8,"{'colsample_bytree': 0.8, 'learning_rate': 0.1, 'max_depth': 20, 'min_child_samples': 10, 'n_estimators': 700, 'num_leaves': 31, 'reg_alpha': 1.0, 'reg_lambda': 1.0, 'subsample': 0.8}",-0.00967997674939968,-0.008809069946374102,-0.009677799431109892,-0.009405550760130447,-0.00934011246024596,-0.009382501869452017,0.0003183847477189017,285
1.7753355503082275,0.12529883907334097,0.019409847259521485,0.0016387884163341453,0.8,0.1,20,10,700,50,0.0,0.0,0.8,"{'colsample_bytree': 0.8, 'learning_rate': 0.1, 'max_depth': 20, 'min_child_samples': 10, 'n_estimators': 700, 'num_leaves': 50, 'reg_alpha': 0.0, 'reg_lambda': 0.0, 'subsample': 0.8}",-0.009818914214406522,-0.00898958789724095,-0.009449563745643092,-0.009036383018566815,-0.009339272524658476,-0.009326744280103171,0.0003018134890839157,232
1.985755491256714,0.12343463533373773,0.020911550521850585,0.003879022382851955,0.8,0.1,20,10,700,50,0.0,0.5,0.8,"{'colsample_bytree': 0.8, 'learning_rate': 0.1, 'max_depth': 20, 'min_child_samples': 10, 'n_estimators': 700, 'num_leaves': 50, 'reg_alpha': 0.0, 'reg_lambda': 0.5, 'subsample': 0.8}",-0.009424219334691354,-0.008857225309217459,-0.009390489329150892,-0.009032132132384435,-0.009162904822006154,-0.009173394185490059,0.00021450935158652738,47
1.7655481815338134,0.14462571607348954,0.019908809661865236,0.0014788543523567889,0.8,0.1,20,10,700,50,0.0,1.0,0.8,"{'colsample_bytree': 0.8, 'learning_rate': 0.1, 'max_depth': 20, 'min_child_samples': 10, 'n_estimators': 700, 'num_leaves': 50, 'reg_alpha': 0.0, 'reg_lambda': 1.0, 'subsample': 0.8}",-0.009663269593047884,-0.008819028906357402,-0.009874393095543003,-0.009090844400333744,-0.00927459548706589,-0.009344426296469584,0.0003815097360276821,255
0.5131072521209716,0.030659151784143364,0.0044820308685302734,0.00011494990251353094,0.8,0.1,20,10,700,50,0.5,0.0,0.8,"{'colsample_bytree': 0.8, 'learning_rate': 0.1, 'max_depth': 20, 'min_child_samples': 10, 'n_estimators': 700, 'num_leaves': 50, 'reg_alpha': 0.5, 'reg_lambda': 0.0, 'subsample': 0.8}",-0.009516305342904641,-0.008507740884820461,-0.009489106994498071,-0.009009408843534728,-0.008921827174894167,-0.009088877848130415,0.0003781055548749268,5
0.5343801498413085,0.061639973114613784,0.004646158218383789,0.0002557930968710298,0.8,0.1,20,10,700,50,0.5,0.5,0.8,"{'colsample_bytree': 0.8, 'learning_rate': 0.1, 'max_depth': 20, 'min_child_samples': 10, 'n_estimators': 700, 'num_leaves': 50, 'reg_alpha': 0.5, 'reg_lambda': 0.5, 'subsample': 0.8}",-0.009523222579827951,-0.008741932909669067,-0.009658915559464593,-0.009062816259460533,-0.008953832196321372,-0.009188143900948704,0.00034745270667714556,61
0.6267654418945312,0.021889100085088598,0.0051403045654296875,0.0003278785142589235,0.8,0.1,20,10,700,50,0.5,1.0,0.8,"{'colsample_bytree': 0.8, 'learning_rate': 0.1, 'max_depth': 20, 'min_child_samples': 10, 'n_estimators': 700, 'num_leaves': 50, 'reg_alpha': 0.5, 'reg_lambda': 1.0, 'subsample': 0.8}",-0.009355218660040734,-0.008415966403502811,-0.009375331900370066,-0.009194828661359296,-0.009015110573183679,-0.009071291239691318,0.0003523986112740374,1
0.3871175765991211,0.04341489342351149,0.003998851776123047,0.00021843392362453875,0.8,0.1,20,10,700,50,1.0,0.0,0.8,"{'colsample_bytree': 0.8, 'learning_rate': 0.1, 'max_depth': 20, 'min_child_samples': 10, 'n_estimators': 700, 'num_leaves': 50, 'reg_alpha': 1.0, 'reg_lambda': 0.0, 'subsample': 0.8}",-0.00967561095168561,-0.008617348384306348,-0.00969297844901218,-0.009196467403632058,-0.009119348028853242,-0.009260350643497886,0.00039925496932613876,141
0.37624216079711914,0.03205438422857733,0.0041179656982421875,0.0003521943912166685,0.8,0.1,20,10,700,50,1.0,0.5,0.8,"{'colsample_bytree': 0.8, 'learning_rate': 0.1, 'max_depth': 20, 'min_child_samples': 10, 'n_estimators': 700, 'num_leaves': 50, 'reg_alpha': 1.0, 'reg_lambda': 0.5, 'subsample': 0.8}",-0.009702630639517743,-0.008653107221874299,-0.009753503024280016,-0.009397216878618872,-0.009365871523915567,-0.0093744658576413,0.00039301680642966387,273
0.35362610816955564,0.015523880612163738,0.003855133056640625,5.44901163808261e-05,0.8,0.1,20,10,700,50,1.0,1.0,0.8,"{'colsample_bytree': 0.8, 'learning_rate': 0.1, 'max_depth': 20, 'min_child_samples': 10, 'n_estimators': 700, 'num_leaves': 50, 'reg_alpha': 1.0, 'reg_lambda': 1.0, 'subsample': 0.8}",-0.00980211507400737,-0.00854121465898747,-0.009602331002162078,-0.009329991511853779,-0.009255341815095533,-0.009306198812421246,0.00042941366863068567,215
3.2054941654205322,0.2544833179180212,0.027663278579711913,0.0013895507724596867,0.8,0.1,20,10,700,100,0.0,0.0,0.8,"{'colsample_bytree': 0.8, 'learning_rate': 0.1, 'max_depth': 20, 'min_child_samples': 10, 'n_estimators': 700, 'num_leaves': 100, 'reg_alpha': 0.0, 'reg_lambda': 0.0, 'subsample': 0.8}",-0.01038804826859806,-0.009023004868519443,-0.009756017284389795,-0.009090568434587144,-0.009247499488359685,-0.009501027668890825,0.0005124615824314611,324
3.302464723587036,0.26101409751421595,0.02765192985534668,0.0013654050189699678,0.8,0.1,20,10,700,100,0.0,0.5,0.8,"{'colsample_bytree': 0.8, 'learning_rate': 0.1, 'max_depth': 20, 'min_child_samples': 10, 'n_estimators': 700, 'num_leaves': 100, 'reg_alpha': 0.0, 'reg_lambda': 0.5, 'subsample': 0.8}",-0.010086671840941423,-0.008741211041150602,-0.009485129248186031,-0.009176554391596576,-0.009127697747508153,-0.009323452853876557,0.00044889803453995324,230
3.1846316337585447,0.28415570834560533,0.02654547691345215,0.0020203830802194784,0.8,0.1,20,10,700,100,0.0,1.0,0.8,"{'colsample_bytree': 0.8, 'learning_rate': 0.1, 'max_depth': 20, 'min_child_samples': 10, 'n_estimators': 700, 'num_leaves': 100, 'reg_alpha': 0.0, 'reg_lambda': 1.0, 'subsample': 0.8}",-0.010099508911298377,-0.008768899531935385,-0.009792919917839947,-0.009090226802884911,-0.009443753775556552,-0.009439061787903033,0.00047586369682252853,320
0.5382183074951172,0.061012098133565854,0.004462623596191406,0.00028455624879654586,0.8,0.1,20,10,700,100,0.5,0.0,0.8,"{'colsample_bytree': 0.8, 'learning_rate': 0.1, 'max_depth': 20, 'min_child_samples': 10, 'n_estimators': 700, 'num_leaves': 100, 'reg_alpha': 0.5, 'reg_lambda': 0.0, 'subsample': 0.8}",-0.009463290070472242,-0.008647407372522535,-0.009562625897628378,-0.009246881776791342,-0.00930078183460189,-0.009244197390403277,0.00031898766351413997,115
0.5820766925811768,0.013946318130431234,0.004994583129882812,0.00020214951048873773,0.8,0.1,20,10,700,100,0.5,0.5,0.8,"{'colsample_bytree': 0.8, 'learning_rate': 0.1, 'max_depth': 20, 'min_child_samples': 10, 'n_estimators': 700, 'num_leaves': 100, 'reg_alpha': 0.5, 'reg_lambda': 0.5, 'subsample': 0.8}",-0.00972516657070224,-0.00866082090316188,-0.009424116836433098,-0.009398408425731404,-0.009065482767876732,-0.009254799100781072,0.0003630946057793616,139
0.5619410991668701,0.037204906356397685,0.004723978042602539,0.00032635584401595556,0.8,0.1,20,10,700,100,0.5,1.0,0.8,"{'colsample_bytree': 0.8, 'learning_rate': 0.1, 'max_depth': 20, 'min_child_samples': 10, 'n_estimators': 700, 'num_leaves': 100, 'reg_alpha': 0.5, 'reg_lambda': 1.0, 'subsample': 0.8}",-0.009595897635710126,-0.008605946844245857,-0.00957310926002439,-0.009349777081271132,-0.009032256554726545,-0.00923139747519561,0.0003726893183339939,95
0.4790036678314209,0.03868824285753027,0.00476384162902832,9.799148623467681e-05,0.8,0.1,20,10,700,100,1.0,0.0,0.8,"{'colsample_bytree': 0.8, 'learning_rate': 0.1, 'max_depth': 20, 'min_child_samples': 10, 'n_estimators': 700, 'num_leaves': 100, 'reg_alpha': 1.0, 'reg_lambda': 0.0, 'subsample': 0.8}",-0.009402323607815758,-0.008545692517984097,-0.009697928706340364,-0.009359605468378725,-0.009392475569716762,-0.009279605174047141,0.0003867355560840432,173
0.43113932609558103,0.04553177274462519,0.0043621063232421875,0.0003910648197737693,0.8,0.1,20,10,700,100,1.0,0.5,0.8,"{'colsample_bytree': 0.8, 'learning_rate': 0.1, 'max_depth': 20, 'min_child_samples': 10, 'n_estimators': 700, 'num_leaves': 100, 'reg_alpha': 1.0, 'reg_lambda': 0.5, 'subsample': 0.8}",-0.009659141536552882,-0.008484925476582026,-0.009663279752097383,-0.009268076896234304,-0.00935157711696725,-0.009285400155686768,0.0004307934090873196,185
0.3660892486572266,0.014696412273596828,0.0039157867431640625,0.0001066336257249119,0.8,0.1,20,10,700,100,1.0,1.0,0.8,"{'colsample_bytree': 0.8, 'learning_rate': 0.1, 'max_depth': 20, 'min_child_samples': 10, 'n_estimators': 700, 'num_leaves': 100, 'reg_alpha': 1.0, 'reg_lambda': 1.0, 'subsample': 0.8}",-0.009628465365271215,-0.008493382272703109,-0.009733074774939378,-0.009255145690680016,-0.009345349548254429,-0.009291083530369629,0.00043583170795600775,199
0.7561803817749023,0.05199646133705642,0.00895242691040039,0.0003582418067577112,0.8,0.1,20,20,500,31,0.0,0.0,0.8,"{'colsample_bytree': 0.8, 'learning_rate': 0.1, 'max_depth': 20, 'min_child_samples': 20, 'n_estimators': 500, 'num_leaves': 31, 'reg_alpha': 0.0, 'reg_lambda': 0.0, 'subsample': 0.8}",-0.009247771439392188,-0.00882696159113056,-0.009302732392721407,-0.009258797746159932,-0.009381247366762241,-0.009203502107233264,0.00019403101224499004,72
0.8311417579650879,0.021629169816809842,0.009744215011596679,0.0006256533344843166,0.8,0.1,20,20,500,31,0.0,0.5,0.8,"{'colsample_bytree': 0.8, 'learning_rate': 0.1, 'max_depth': 20, 'min_child_samples': 20, 'n_estimators': 500, 'num_leaves': 31, 'reg_alpha': 0.0, 'reg_lambda': 0.5, 'subsample': 0.8}",-0.009528399768893315,-0.00894547493242595,-0.009287804151866206,-0.00927920319390438,-0.009040269708333907,-0.009216230351084752,0.00020533327924933127,86
0.8013947963714599,0.07061242393533292,0.009161949157714844,0.0007131399810276509,0.8,0.1,20,20,500,31,0.0,1.0,0.8,"{'colsample_bytree': 0.8, 'learning_rate': 0.1, 'max_depth': 20, 'min_child_samples': 20, 'n_estimators': 500, 'num_leaves': 31, 'reg_alpha': 0.0, 'reg_lambda': 1.0, 'subsample': 0.8}",-0.009596419599934916,-0.008821526016873435,-0.009415108780567186,-0.009223905514038741,-0.009036264894588461,-0.009218644961200548,0.0002728755496735033,90
0.5768318176269531,0.043348191623214904,0.005851936340332031,0.000138887644557128,0.8,0.1,20,20,500,31,0.5,0.0,0.8,"{'colsample_bytree': 0.8, 'learning_rate': 0.1, 'max_depth': 20, 'min_child_samples': 20, 'n_estimators': 500, 'num_leaves': 31, 'reg_alpha': 0.5, 'reg_lambda': 0.0, 'subsample': 0.8}",-0.00923465338581035,-0.00830388851483775,-0.00955076199858288,-0.009265076698276226,-0.00928508661719643,-0.009127893442940727,0.0004272536862023374,17
0.562171745300293,0.015183940343026376,0.005484533309936523,0.00013694406215191324,0.8,0.1,20,20,500,31,0.5,0.5,0.8,"{'colsample_bytree': 0.8, 'learning_rate': 0.1, 'max_depth': 20, 'min_child_samples': 20, 'n_estimators': 500, 'num_leaves': 31, 'reg_alpha': 0.5, 'reg_lambda': 0.5, 'subsample': 0.8}",-0.00951192933762283,-0.008479548628770985,-0.009644353687141144,-0.009109300693743109,-0.009306096204796065,-0.009210245710414827,0.000408107384194308,77
0.5533522605895996,0.006547149401985135,0.005558300018310547,0.00016874703141595107,0.8,0.1,20,20,500,31,0.5,1.0,0.8,"{'colsample_bytree': 0.8, 'learning_rate': 0.1, 'max_depth': 20, 'min_child_samples': 20, 'n_estimators': 500, 'num_leaves': 31, 'reg_alpha': 0.5, 'reg_lambda': 1.0, 'subsample': 0.8}",-0.009643180138509323,-0.008698155500798516,-0.009506349852411363,-0.009411138618350577,-0.009168107249796498,-0.009285386271973256,0.00033203896008976853,181
0.303558874130249,0.011538195100814238,0.003962326049804688,9.684859674615204e-05,0.8,0.1,20,20,500,31,1.0,0.0,0.8,"{'colsample_bytree': 0.8, 'learning_rate': 0.1, 'max_depth': 20, 'min_child_samples': 20, 'n_estimators': 500, 'num_leaves': 31, 'reg_alpha': 1.0, 'reg_lambda': 0.0, 'subsample': 0.8}",-0.009687206215866353,-0.008651003502519052,-0.009831816121237005,-0.009335394338742985,-0.009428493759241988,-0.009386782787521475,0.00040842640426026685,289
0.3493532657623291,0.03245037646181633,0.004167795181274414,0.00020448215144050052,0.8,0.1,20,20,500,31,1.0,0.5,0.8,"{'colsample_bytree': 0.8, 'learning_rate': 0.1, 'max_depth': 20, 'min_child_samples': 20, 'n_estimators': 500, 'num_leaves': 31, 'reg_alpha': 1.0, 'reg_lambda': 0.5, 'subsample': 0.8}",-0.009565394946974708,-0.008925720967970544,-0.009744280504111375,-0.009191797365652501,-0.00915534591113223,-0.00931650793916827,0.0002963695305722433,225
0.3159642219543457,0.023003065230467596,0.0041179656982421875,0.00022792791222913818,0.8,0.1,20,20,500,31,1.0,1.0,0.8,"{'colsample_bytree': 0.8, 'learning_rate': 0.1, 'max_depth': 20, 'min_child_samples': 20, 'n_estimators': 500, 'num_leaves': 31, 'reg_alpha': 1.0, 'reg_lambda': 1.0, 'subsample': 0.8}",-0.00961442169445479,-0.008531164697255057,-0.009622491192549413,-0.009285407612473234,-0.00920094519817191,-0.00925088607898088,0.00039797819018439813,128
1.1947754859924316,0.09280165023586767,0.014665508270263672,0.0015343006050959848,0.8,0.1,20,20,500,50,0.0,0.0,0.8,"{'colsample_bytree': 0.8, 'learning_rate': 0.1, 'max_depth': 20, 'min_child_samples': 20, 'n_estimators': 500, 'num_leaves': 50, 'reg_alpha': 0.0, 'reg_lambda': 0.0, 'subsample': 0.8}",-0.009631006571451984,-0.00885733397788246,-0.009558063529273355,-0.009339256448348474,-0.009279119234723816,-0.009332955952336016,0.00027153708540321713,246
1.2096028804779053,0.07651400300225088,0.014417219161987304,0.0010424311535515815,0.8,0.1,20,20,500,50,0.0,0.5,0.8,"{'colsample_bytree': 0.8, 'learning_rate': 0.1, 'max_depth': 20, 'min_child_samples': 20, 'n_estimators': 500, 'num_leaves': 50, 'reg_alpha': 0.0, 'reg_lambda': 0.5, 'subsample': 0.8}",-0.00968222797040947,-0.008653604005094752,-0.009645392515500393,-0.008971500903841394,-0.009224292254080464,-0.009235403529785293,0.00039395476707480495,100
1.3216930389404298,0.08373090191148641,0.015447235107421875,0.0016694474208545915,0.8,0.1,20,20,500,50,0.0,1.0,0.8,"{'colsample_bytree': 0.8, 'learning_rate': 0.1, 'max_depth': 20, 'min_child_samples': 20, 'n_estimators': 500, 'num_leaves': 50, 'reg_alpha': 0.0, 'reg_lambda': 1.0, 'subsample': 0.8}",-0.009424991178837383,-0.008834093001146183,-0.00964551670912562,-0.009057573702313438,-0.009257313069504064,-0.009243897532185337,0.00028175491904271313,114
0.577704668045044,0.008940892022860693,0.005592441558837891,0.00012591955765691825,0.8,0.1,20,20,500,50,0.5,0.0,0.8,"{'colsample_bytree': 0.8, 'learning_rate': 0.1, 'max_depth': 20, 'min_child_samples': 20, 'n_estimators': 500, 'num_leaves': 50, 'reg_alpha': 0.5, 'reg_lambda': 0.0, 'subsample': 0.8}",-0.009496423513200954,-0.008427254401690471,-0.009432223754833189,-0.009071564534901058,-0.009270780003421032,-0.00913964924160934,0.0003852855924069306,25
0.5805829048156739,0.020772133682219272,0.005625200271606445,0.00015796208081515908,0.8,0.1,20,20,500,50,0.5,0.5,0.8,"{'colsample_bytree': 0.8, 'learning_rate': 0.1, 'max_depth': 20, 'min_child_samples': 20, 'n_estimators': 500, 'num_leaves': 50, 'reg_alpha': 0.5, 'reg_lambda': 0.5, 'subsample': 0.8}",-0.009623972505587466,-0.00853676873605648,-0.009335396407321858,-0.009141979034269065,-0.009092152051931965,-0.009146053747033367,0.0003573253988742013,37
0.5705174922943115,0.007190883656057077,0.005492782592773438,0.0001296290913652174,0.8,0.1,20,20,500,50,0.5,1.0,0.8,"{'colsample_bytree': 0.8, 'learning_rate': 0.1, 'max_depth': 20, 'min_child_samples': 20, 'n_estimators': 500, 'num_leaves': 50, 'reg_alpha': 0.5, 'reg_lambda': 1.0, 'subsample': 0.8}",-0.009596716626514554,-0.008375279422726558,-0.009337836169525325,-0.009170733625591055,-0.009121825553324402,-0.009120478279536378,0.0004078961060410727,13
0.38704633712768555,0.011371634318199103,0.004712343215942383,8.712142422453207e-05,0.8,0.1,20,20,500,50,1.0,0.0,0.8,"{'colsample_bytree': 0.8, 'learning_rate': 0.1, 'max_depth': 20, 'min_child_samples': 20, 'n_estimators': 500, 'num_leaves': 50, 'reg_alpha': 1.0, 'reg_lambda': 0.0, 'subsample': 0.8}",-0.00938136899749156,-0.008706594011461347,-0.009735791113325737,-0.009245323143832638,-0.009381848679913615,-0.009290185189204981,0.0003340277197746437,195
0.3908665657043457,0.010553632962476113,0.004789829254150391,0.00011124632361596145,0.8,0.1,20,20,500,50,1.0,0.5,0.8,"{'colsample_bytree': 0.8, 'learning_rate': 0.1, 'max_depth': 20, 'min_child_samples': 20, 'n_estimators': 500, 'num_leaves': 50, 'reg_alpha': 1.0, 'reg_lambda': 0.5, 'subsample': 0.8}",-0.00976546209838705,-0.008777144068051659,-0.009902112598019373,-0.009079306500783842,-0.009296544728690962,-0.009364113998786578,0.0004196992748614532,265
0.3906576633453369,0.012308204342789961,0.004790782928466797,0.00012406868527527,0.8,0.1,20,20,500,50,1.0,1.0,0.8,"{'colsample_bytree': 0.8, 'learning_rate': 0.1, 'max_depth': 20, 'min_child_samples': 20, 'n_estimators': 500, 'num_leaves': 50, 'reg_alpha': 1.0, 'reg_lambda': 1.0, 'subsample': 0.8}",-0.00968183414296238,-0.008761797336486635,-0.009834846899338558,-0.00945743181962808,-0.00944103943779574,-0.00943538992724228,0.00036729970441822137,311
1.7382870197296143,0.029232629933461072,0.018552589416503906,0.00046939885698635736,0.8,0.1,20,20,500,100,0.0,0.0,0.8,"{'colsample_bytree': 0.8, 'learning_rate': 0.1, 'max_depth': 20, 'min_child_samples': 20, 'n_estimators': 500, 'num_leaves': 100, 'reg_alpha': 0.0, 'reg_lambda': 0.0, 'subsample': 0.8}",-0.009902655009384068,-0.00886868561746771,-0.009863381749341458,-0.009172819742693279,-0.00925139287762949,-0.009411786999303201,0.0004056303629004217,310
1.653776264190674,0.141540126602878,0.018291950225830078,0.0013012877922432985,0.8,0.1,20,20,500,100,0.0,0.5,0.8,"{'colsample_bytree': 0.8, 'learning_rate': 0.1, 'max_depth': 20, 'min_child_samples': 20, 'n_estimators': 500, 'num_leaves': 100, 'reg_alpha': 0.0, 'reg_lambda': 0.5, 'subsample': 0.8}",-0.009693904971887058,-0.008801949834469648,-0.009771231803919174,-0.009140273964806685,-0.009265686150200288,-0.00933460934505657,0.0003594371489057591,248
1.6417135715484619,0.10881314371507597,0.018321704864501954,0.0005229348870522667,0.8,0.1,20,20,500,100,0.0,1.0,0.8,"{'colsample_bytree': 0.8, 'learning_rate': 0.1, 'max_depth': 20, 'min_child_samples': 20, 'n_estimators': 500, 'num_leaves': 100, 'reg_alpha': 0.0, 'reg_lambda': 1.0, 'subsample': 0.8}",-0.00968070309095993,-0.008654689692492725,-0.009662915762458143,-0.009145696275820054,-0.009381662754144598,-0.00930513351517509,0.0003803721248730435,213
0.49702014923095705,0.02883495565013924,0.005221891403198242,0.0003471840968599167,0.8,0.1,20,20,500,100,0.5,0.0,0.8,"{'colsample_bytree': 0.8, 'learning_rate': 0.1, 'max_depth': 20, 'min_child_samples': 20, 'n_estimators': 500, 'num_leaves': 100, 'reg_alpha': 0.5, 'reg_lambda': 0.0, 'subsample': 0.8}",-0.009688404967922011,-0.008632780976306645,-0.009236847615968375,-0.009069001011165851,-0.009418655997542392,-0.009209138113781056,0.00035388931463172136,73
0.5151668548583984,0.03612838752260803,0.005303335189819336,0.00029059660617126196,0.8,0.1,20,20,500,100,0.5,0.5,0.8,"{'colsample_bytree': 0.8, 'learning_rate': 0.1, 'max_depth': 20, 'min_child_samples': 20, 'n_estimators': 500, 'num_leaves': 100, 'reg_alpha': 0.5, 'reg_lambda': 0.5, 'subsample': 0.8}",-0.009635862055688298,-0.008454007466142865,-0.009528082749723369,-0.00957802884012777,-0.009195335063161125,-0.009278263234968684,0.00043964093956107037,169
0.5558804035186767,0.04938043923170163,0.005657815933227539,0.000501999535064949,0.8,0.1,20,20,500,100,0.5,1.0,0.8,"{'colsample_bytree': 0.8, 'learning_rate': 0.1, 'max_depth': 20, 'min_child_samples': 20, 'n_estimators': 500, 'num_leaves': 100, 'reg_alpha': 0.5, 'reg_lambda': 1.0, 'subsample': 0.8}",-0.009739524835879794,-0.008339343105166232,-0.009572187363235628,-0.009248354266061732,-0.00919930228280936,-0.009219742370630548,0.0004838864718864101,91
0.38989920616149903,0.013685969230716927,0.004778766632080078,0.00013085958122523628,0.8,0.1,20,20,500,100,1.0,0.0,0.8,"{'colsample_bytree': 0.8, 'learning_rate': 0.1, 'max_depth': 20, 'min_child_samples': 20, 'n_estimators': 500, 'num_leaves': 100, 'reg_alpha': 1.0, 'reg_lambda': 0.0, 'subsample': 0.8}",-0.009529943033711429,-0.008608899378781943,-0.00962730884518115,-0.009482014870327371,-0.009403398838178062,-0.00933031299323599,0.0003679269744110791,241
0.38339829444885254,0.003102514485907418,0.004741048812866211,4.852192393305337e-05,0.8,0.1,20,20,500,100,1.0,0.5,0.8,"{'colsample_bytree': 0.8, 'learning_rate': 0.1, 'max_depth': 20, 'min_child_samples': 20, 'n_estimators': 500, 'num_leaves': 100, 'reg_alpha': 1.0, 'reg_lambda': 0.5, 'subsample': 0.8}",-0.009656890062394449,-0.00855803622160484,-0.009972126795582209,-0.009024874141355062,-0.009347010854076406,-0.009311787615002592,0.0004912931331872663,221
0.3947150707244873,0.024688073218459044,0.0048468589782714845,0.0001926745137430904,0.8,0.1,20,20,500,100,1.0,1.0,0.8,"{'colsample_bytree': 0.8, 'learning_rate': 0.1, 'max_depth': 20, 'min_child_samples': 20, 'n_estimators': 500, 'num_leaves': 100, 'reg_alpha': 1.0, 'reg_lambda': 1.0, 'subsample': 0.8}",-0.009542626241496635,-0.00869278571615109,-0.009808161485007849,-0.009452948718418433,-0.009457545101233176,-0.009390813452461436,0.00037223195136014214,295
1.1760317802429199,0.03605520575248644,0.015503454208374023,0.00047240277718997494,0.8,0.1,20,20,700,31,0.0,0.0,0.8,"{'colsample_bytree': 0.8, 'learning_rate': 0.1, 'max_depth': 20, 'min_child_samples': 20, 'n_estimators': 700, 'num_leaves': 31, 'reg_alpha': 0.0, 'reg_lambda': 0.0, 'subsample': 0.8}",-0.009241282845365835,-0.008830898352151863,-0.009295154941992753,-0.00926659709487258,-0.00936940016165141,-0.009200666679206888,0.00018980206967181358,71
1.183728313446045,0.07131188275942313,0.01521458625793457,0.0007426404425014059,0.8,0.1,20,20,700,31,0.0,0.5,0.8,"{'colsample_bytree': 0.8, 'learning_rate': 0.1, 'max_depth': 20, 'min_child_samples': 20, 'n_estimators': 700, 'num_leaves': 31, 'reg_alpha': 0.0, 'reg_lambda': 0.5, 'subsample': 0.8}",-0.009526146954805864,-0.00893707164018709,-0.00928985412816407,-0.009266791211145544,-0.009034637617051531,-0.00921090031027082,0.0002072624532479793,81
1.0467073917388916,0.05569334903733969,0.014978313446044922,0.0019775736602561066,0.8,0.1,20,20,700,31,0.0,1.0,0.8,"{'colsample_bytree': 0.8, 'learning_rate': 0.1, 'max_depth': 20, 'min_child_samples': 20, 'n_estimators': 700, 'num_leaves': 31, 'reg_alpha': 0.0, 'reg_lambda': 1.0, 'subsample': 0.8}",-0.009588943473369044,-0.008831163410908779,-0.009408541234138236,-0.009224474020457993,-0.009034982665365477,-0.009217620960847906,0.00026723925922886587,89
0.4873659133911133,0.017716057175303147,0.005016946792602539,0.00017259197186194776,0.8,0.1,20,20,700,31,0.5,0.0,0.8,"{'colsample_bytree': 0.8, 'learning_rate': 0.1, 'max_depth': 20, 'min_child_samples': 20, 'n_estimators': 700, 'num_leaves': 31, 'reg_alpha': 0.5, 'reg_lambda': 0.0, 'subsample': 0.8}",-0.00923465338581035,-0.00830388851483775,-0.00955076199858288,-0.009265076698276226,-0.00928508661719643,-0.009127893442940727,0.0004272536862023374,17
0.5027360439300537,0.02262290118580087,0.00516357421875,0.0003965068447730109,0.8,0.1,20,20,700,31,0.5,0.5,0.8,"{'colsample_bytree': 0.8, 'learning_rate': 0.1, 'max_depth': 20, 'min_child_samples': 20, 'n_estimators': 700, 'num_leaves': 31, 'reg_alpha': 0.5, 'reg_lambda': 0.5, 'subsample': 0.8}",-0.00951192933762283,-0.008479548628770985,-0.009644353687141144,-0.009109300693743109,-0.009306096204796065,-0.009210245710414827,0.000408107384194308,77
0.5164222717285156,0.04899099663638696,0.0051705360412597655,0.000304774579434728,0.8,0.1,20,20,700,31,0.5,1.0,0.8,"{'colsample_bytree': 0.8, 'learning_rate': 0.1, 'max_depth': 20, 'min_child_samples': 20, 'n_estimators': 700, 'num_leaves': 31, 'reg_alpha': 0.5, 'reg_lambda': 1.0, 'subsample': 0.8}",-0.009643180138509323,-0.008698155500798516,-0.009506349852411363,-0.009411138618350577,-0.009168107249796498,-0.009285386271973256,0.00033203896008976853,181
0.3841577053070068,0.015432522091086963,0.004314994812011719,0.00012016453439200872,0.8,0.1,20,20,700,31,1.0,0.0,0.8,"{'colsample_bytree': 0.8, 'learning_rate': 0.1, 'max_depth': 20, 'min_child_samples': 20, 'n_estimators': 700, 'num_leaves': 31, 'reg_alpha': 1.0, 'reg_lambda': 0.0, 'subsample': 0.8}",-0.009687206215866353,-0.008651003502519052,-0.009831816121237005,-0.009335394338742985,-0.009428493759241988,-0.009386782787521475,0.00040842640426026685,289
0.39516072273254393,0.0131429448344083,0.004405307769775391,0.0002578208025788429,0.8,0.1,20,20,700,31,1.0,0.5,0.8,"{'colsample_bytree': 0.8, 'learning_rate': 0.1, 'max_depth': 20, 'min_child_samples': 20, 'n_estimators': 700, 'num_leaves': 31, 'reg_alpha': 1.0, 'reg_lambda': 0.5, 'subsample': 0.8}",-0.009565394946974708,-0.008925720967970544,-0.009744280504111375,-0.009191797365652501,-0.00915534591113223,-0.00931650793916827,0.0002963695305722433,225
0.3826413631439209,0.034080657871444535,0.004660415649414063,0.00041933807421037114,0.8,0.1,20,20,700,31,1.0,1.0,0.8,"{'colsample_bytree': 0.8, 'learning_rate': 0.1, 'max_depth': 20, 'min_child_samples': 20, 'n_estimators': 700, 'num_leaves': 31, 'reg_alpha': 1.0, 'reg_lambda': 1.0, 'subsample': 0.8}",-0.00961442169445479,-0.008531164697255057,-0.009622491192549413,-0.009285407612473234,-0.00920094519817191,-0.00925088607898088,0.00039797819018439813,128
1.7316893100738526,0.16913803648806613,0.021945095062255858,0.0018632144468441242,0.8,0.1,20,20,700,50,0.0,0.0,0.8,"{'colsample_bytree': 0.8, 'learning_rate': 0.1, 'max_depth': 20, 'min_child_samples': 20, 'n_estimators': 700, 'num_leaves': 50, 'reg_alpha': 0.0, 'reg_lambda': 0.0, 'subsample': 0.8}",-0.009629408891108443,-0.008859096319432233,-0.00955868842139934,-0.009337728265769448,-0.009278008324631406,-0.009332586044468174,0.0002707115722678508,245
1.9485308170318603,0.07333318003160666,0.02282681465148926,0.0014482963522005155,0.8,0.1,20,20,700,50,0.0,0.5,0.8,"{'colsample_bytree': 0.8, 'learning_rate': 0.1, 'max_depth': 20, 'min_child_samples': 20, 'n_estimators': 700, 'num_leaves': 50, 'reg_alpha': 0.0, 'reg_lambda': 0.5, 'subsample': 0.8}",-0.009682122993588735,-0.008653181536441241,-0.009647547807067024,-0.008970218613912168,-0.009223890502365918,-0.009235392290675017,0.0003946794200223375,99
1.9134343624114991,0.012379777924486135,0.021777963638305663,0.0005028721279285661,0.8,0.1,20,20,700,50,0.0,1.0,0.8,"{'colsample_bytree': 0.8, 'learning_rate': 0.1, 'max_depth': 20, 'min_child_samples': 20, 'n_estimators': 700, 'num_leaves': 50, 'reg_alpha': 0.0, 'reg_lambda': 1.0, 'subsample': 0.8}",-0.009421733057734577,-0.008834969130587303,-0.009646452575511038,-0.00905549535066277,-0.009257014734900931,-0.009243132969879324,0.00028162492607004797,113
0.6004717826843262,0.009465613315342937,0.005513906478881836,0.00019822752118691986,0.8,0.1,20,20,700,50,0.5,0.0,0.8,"{'colsample_bytree': 0.8, 'learning_rate': 0.1, 'max_depth': 20, 'min_child_samples': 20, 'n_estimators': 700, 'num_leaves': 50, 'reg_alpha': 0.5, 'reg_lambda': 0.0, 'subsample': 0.8}",-0.009496423513200954,-0.008427254401690471,-0.009432223754833189,-0.009071564534901058,-0.009270780003421032,-0.00913964924160934,0.0003852855924069306,25
0.5994289875030517,0.01761692391420962,0.0055961132049560545,0.0002146003180350829,0.8,0.1,20,20,700,50,0.5,0.5,0.8,"{'colsample_bytree': 0.8, 'learning_rate': 0.1, 'max_depth': 20, 'min_child_samples': 20, 'n_estimators': 700, 'num_leaves': 50, 'reg_alpha': 0.5, 'reg_lambda': 0.5, 'subsample': 0.8}",-0.009623972505587466,-0.00853676873605648,-0.009335396407321858,-0.009141979034269065,-0.009092152051931965,-0.009146053747033367,0.0003573253988742013,37
0.5877254486083985,0.009633696017704781,0.005433559417724609,9.181164847105107e-05,0.8,0.1,20,20,700,50,0.5,1.0,0.8,"{'colsample_bytree': 0.8, 'learning_rate': 0.1, 'max_depth': 20, 'min_child_samples': 20, 'n_estimators': 700, 'num_leaves': 50, 'reg_alpha': 0.5, 'reg_lambda': 1.0, 'subsample': 0.8}",-0.009596716626514554,-0.008375279422726558,-0.009337836169525325,-0.009170733625591055,-0.009121825553324402,-0.009120478279536378,0.0004078961060410727,13
0.4064335823059082,0.010195774942081019,0.0047146320343017575,5.7527117748016334e-05,0.8,0.1,20,20,700,50,1.0,0.0,0.8,"{'colsample_bytree': 0.8, 'learning_rate': 0.1, 'max_depth': 20, 'min_child_samples': 20, 'n_estimators': 700, 'num_leaves': 50, 'reg_alpha': 1.0, 'reg_lambda': 0.0, 'subsample': 0.8}",-0.00938136899749156,-0.008706594011461347,-0.009735791113325737,-0.009245323143832638,-0.009381848679913615,-0.009290185189204981,0.0003340277197746437,195
0.4112520217895508,0.009732568218969732,0.0047882080078125,0.0001214512198564027,0.8,0.1,20,20,700,50,1.0,0.5,0.8,"{'colsample_bytree': 0.8, 'learning_rate': 0.1, 'max_depth': 20, 'min_child_samples': 20, 'n_estimators': 700, 'num_leaves': 50, 'reg_alpha': 1.0, 'reg_lambda': 0.5, 'subsample': 0.8}",-0.00976546209838705,-0.008777144068051659,-0.009902112598019373,-0.009079306500783842,-0.009296544728690962,-0.009364113998786578,0.0004196992748614532,265
0.41151843070983884,0.011102851998746341,0.004756116867065429,0.00010779289716700102,0.8,0.1,20,20,700,50,1.0,1.0,0.8,"{'colsample_bytree': 0.8, 'learning_rate': 0.1, 'max_depth': 20, 'min_child_samples': 20, 'n_estimators': 700, 'num_leaves': 50, 'reg_alpha': 1.0, 'reg_lambda': 1.0, 'subsample': 0.8}",-0.00968183414296238,-0.008761797336486635,-0.009834846899338558,-0.00945743181962808,-0.00944103943779574,-0.00943538992724228,0.00036729970441822137,311
2.274992036819458,0.05977406011230486,0.025688838958740235,0.0008530857361054708,0.8,0.1,20,20,700,100,0.0,0.0,0.8,"{'colsample_bytree': 0.8, 'learning_rate': 0.1, 'max_depth': 20, 'min_child_samples': 20, 'n_estimators': 700, 'num_leaves': 100, 'reg_alpha': 0.0, 'reg_lambda': 0.0, 'subsample': 0.8}",-0.009902625110564892,-0.008867019387747747,-0.009861442228216727,-0.009171235248340204,-0.0092536600229469,-0.009411196399563292,0.0004056479183870513,309
2.2777829647064207,0.2324011728101609,0.02526068687438965,0.0012569119514055501,0.8,0.1,20,20,700,100,0.0,0.5,0.8,"{'colsample_bytree': 0.8, 'learning_rate': 0.1, 'max_depth': 20, 'min_child_samples': 20, 'n_estimators': 700, 'num_leaves': 100, 'reg_alpha': 0.0, 'reg_lambda': 0.5, 'subsample': 0.8}",-0.009694090671495808,-0.008801500052140272,-0.00976971475182451,-0.009137839133579784,-0.009268568021081378,-0.00933434252602435,0.0003593963477516038,247
2.0922610759735107,0.18201603406045905,0.025341510772705078,0.0016726189716118453,0.8,0.1,20,20,700,100,0.0,1.0,0.8,"{'colsample_bytree': 0.8, 'learning_rate': 0.1, 'max_depth': 20, 'min_child_samples': 20, 'n_estimators': 700, 'num_leaves': 100, 'reg_alpha': 0.0, 'reg_lambda': 1.0, 'subsample': 0.8}",-0.009680996636520648,-0.008653432353712891,-0.009662490595450874,-0.009146734111550734,-0.009384518727188288,-0.009305634484884686,0.00038081037295843696,214
0.5317251682281494,0.03155528114734341,0.0050661563873291016,4.2571972347901126e-05,0.8,0.1,20,20,700,100,0.5,0.0,0.8,"{'colsample_bytree': 0.8, 'learning_rate': 0.1, 'max_depth': 20, 'min_child_samples': 20, 'n_estimators': 700, 'num_leaves': 100, 'reg_alpha': 0.5, 'reg_lambda': 0.0, 'subsample': 0.8}",-0.009688404967922011,-0.008632780976306645,-0.009236847615968375,-0.009069001011165851,-0.009418655997542392,-0.009209138113781056,0.00035388931463172136,73
0.5824831008911133,0.049532033046017304,0.0054435253143310545,0.000306477987042418,0.8,0.1,20,20,700,100,0.5,0.5,0.8,"{'colsample_bytree': 0.8, 'learning_rate': 0.1, 'max_depth': 20, 'min_child_samples': 20, 'n_estimators': 700, 'num_leaves': 100, 'reg_alpha': 0.5, 'reg_lambda': 0.5, 'subsample': 0.8}",-0.009635862055688298,-0.008454007466142865,-0.009528082749723369,-0.00957802884012777,-0.009195335063161125,-0.009278263234968684,0.00043964093956107037,169
0.5987721443176269,0.02475688030906485,0.005810689926147461,0.00033164397661972493,0.8,0.1,20,20,700,100,0.5,1.0,0.8,"{'colsample_bytree': 0.8, 'learning_rate': 0.1, 'max_depth': 20, 'min_child_samples': 20, 'n_estimators': 700, 'num_leaves': 100, 'reg_alpha': 0.5, 'reg_lambda': 1.0, 'subsample': 0.8}",-0.009739524835879794,-0.008339343105166232,-0.009572187363235628,-0.009248354266061732,-0.00919930228280936,-0.009219742370630548,0.0004838864718864101,91
0.42159619331359866,0.026159309587979532,0.004758071899414062,8.386065027355531e-05,0.8,0.1,20,20,700,100,1.0,0.0,0.8,"{'colsample_bytree': 0.8, 'learning_rate': 0.1, 'max_depth': 20, 'min_child_samples': 20, 'n_estimators': 700, 'num_leaves': 100, 'reg_alpha': 1.0, 'reg_lambda': 0.0, 'subsample': 0.8}",-0.009529943033711429,-0.008608899378781943,-0.00962730884518115,-0.009482014870327371,-0.009403398838178062,-0.00933031299323599,0.0003679269744110791,241
0.41533169746398924,0.006560438612375126,0.005117559432983398,0.001039904307746368,0.8,0.1,20,20,700,100,1.0,0.5,0.8,"{'colsample_bytree': 0.8, 'learning_rate': 0.1, 'max_depth': 20, 'min_child_samples': 20, 'n_estimators': 700, 'num_leaves': 100, 'reg_alpha': 1.0, 'reg_lambda': 0.5, 'subsample': 0.8}",-0.009656890062394449,-0.00855803622160484,-0.009972126795582209,-0.009024874141355062,-0.009347010854076406,-0.009311787615002592,0.0004912931331872663,221
0.3789788246154785,0.01671844966319627,0.004329252243041992,0.0002061357383431883,0.8,0.1,20,20,700,100,1.0,1.0,0.8,"{'colsample_bytree': 0.8, 'learning_rate': 0.1, 'max_depth': 20, 'min_child_samples': 20, 'n_estimators': 700, 'num_leaves': 100, 'reg_alpha': 1.0, 'reg_lambda': 1.0, 'subsample': 0.8}",-0.009542626241496635,-0.00869278571615109,-0.009808161485007849,-0.009452948718418433,-0.009457545101233176,-0.009390813452461436,0.00037223195136014214,295
0.8168312072753906,0.02383236228562281,0.010654687881469727,0.00016613467819958942,0.8,0.1,20,30,500,31,0.0,0.0,0.8,"{'colsample_bytree': 0.8, 'learning_rate': 0.1, 'max_depth': 20, 'min_child_samples': 30, 'n_estimators': 500, 'num_leaves': 31, 'reg_alpha': 0.0, 'reg_lambda': 0.0, 'subsample': 0.8}",-0.009566633990433171,-0.008920243050651921,-0.009577441757199144,-0.009264534981232742,-0.009504837608534926,-0.00936673827761038,0.00025029150165544676,269
0.8287713527679443,0.023019721156980304,0.010550451278686524,9.875358561092928e-05,0.8,0.1,20,30,500,31,0.0,0.5,0.8,"{'colsample_bytree': 0.8, 'learning_rate': 0.1, 'max_depth': 20, 'min_child_samples': 30, 'n_estimators': 500, 'num_leaves': 31, 'reg_alpha': 0.0, 'reg_lambda': 0.5, 'subsample': 0.8}",-0.009578608725637561,-0.008763333750268575,-0.009698207216748486,-0.009240318305770037,-0.009522665448463506,-0.009360626689377632,0.00033435499168216616,263
0.8373729705810546,0.02623211887280799,0.011101055145263671,0.0008688433411979736,0.8,0.1,20,30,500,31,0.0,1.0,0.8,"{'colsample_bytree': 0.8, 'learning_rate': 0.1, 'max_depth': 20, 'min_child_samples': 30, 'n_estimators': 500, 'num_leaves': 31, 'reg_alpha': 0.0, 'reg_lambda': 1.0, 'subsample': 0.8}",-0.009570938361908839,-0.008815786737672113,-0.009826603958004729,-0.00921117961793206,-0.009211082532849225,-0.009327118241673394,0.000345629914513263,234
0.4919126987457275,0.026017558722629106,0.005453157424926758,7.900335545216709e-05,0.8,0.1,20,30,500,31,0.5,0.0,0.8,"{'colsample_bytree': 0.8, 'learning_rate': 0.1, 'max_depth': 20, 'min_child_samples': 30, 'n_estimators': 500, 'num_leaves': 31, 'reg_alpha': 0.5, 'reg_lambda': 0.0, 'subsample': 0.8}",-0.009527292495300894,-0.008673543315395623,-0.009670860946643618,-0.009258382319930501,-0.009314300965572292,-0.009288876008568585,0.00034145732700729985,191
0.5020753860473632,0.03183351432355957,0.00559530258178711,0.0001384055151969748,0.8,0.1,20,30,500,31,0.5,0.5,0.8,"{'colsample_bytree': 0.8, 'learning_rate': 0.1, 'max_depth': 20, 'min_child_samples': 30, 'n_estimators': 500, 'num_leaves': 31, 'reg_alpha': 0.5, 'reg_lambda': 0.5, 'subsample': 0.8}",-0.009252607211038186,-0.008527589265114833,-0.009633457510664216,-0.00921614062251442,-0.009106891598812322,-0.009147337241628795,0.0003571699853189806,41
0.5153265953063965,0.027189392749054218,0.005807685852050781,0.0005068330260444798,0.8,0.1,20,30,500,31,0.5,1.0,0.8,"{'colsample_bytree': 0.8, 'learning_rate': 0.1, 'max_depth': 20, 'min_child_samples': 30, 'n_estimators': 500, 'num_leaves': 31, 'reg_alpha': 0.5, 'reg_lambda': 1.0, 'subsample': 0.8}",-0.009401117227003377,-0.008468434536282016,-0.009315418206236457,-0.00943120726165564,-0.009108156984747267,-0.00914486684318495,0.0003565532614980063,33
0.32459292411804197,0.01625814955752695,0.004331779479980469,4.581668191143947e-05,0.8,0.1,20,30,500,31,1.0,0.0,0.8,"{'colsample_bytree': 0.8, 'learning_rate': 0.1, 'max_depth': 20, 'min_child_samples': 30, 'n_estimators': 500, 'num_leaves': 31, 'reg_alpha': 1.0, 'reg_lambda': 0.0, 'subsample': 0.8}",-0.009563205138625321,-0.008649790913408608,-0.00998040600517005,-0.009137883935674591,-0.009312557178076403,-0.009328768634190996,0.0004421090957272378,237
0.3287642002105713,0.021108569698202528,0.0043716907501220705,0.0001406305395269171,0.8,0.1,20,30,500,31,1.0,0.5,0.8,"{'colsample_bytree': 0.8, 'learning_rate': 0.1, 'max_depth': 20, 'min_child_samples': 30, 'n_estimators': 500, 'num_leaves': 31, 'reg_alpha': 1.0, 'reg_lambda': 0.5, 'subsample': 0.8}",-0.009521498336911379,-0.008668818206518979,-0.009736837997220322,-0.00918649026555646,-0.009263506121810924,-0.009275430185603614,0.00036041012459509073,161
0.3225503921508789,0.029802668237052694,0.004617929458618164,0.0005110712989152783,0.8,0.1,20,30,500,31,1.0,1.0,0.8,"{'colsample_bytree': 0.8, 'learning_rate': 0.1, 'max_depth': 20, 'min_child_samples': 30, 'n_estimators': 500, 'num_leaves': 31, 'reg_alpha': 1.0, 'reg_lambda': 1.0, 'subsample': 0.8}",-0.009561935139398096,-0.008633128152784783,-0.009955043048978294,-0.00916721350067314,-0.009186591451032854,-0.009300782258573434,0.00044111226861524757,209
1.1541102409362793,0.12312295391599476,0.015547370910644532,0.001572022418313505,0.8,0.1,20,30,500,50,0.0,0.0,0.8,"{'colsample_bytree': 0.8, 'learning_rate': 0.1, 'max_depth': 20, 'min_child_samples': 30, 'n_estimators': 500, 'num_leaves': 50, 'reg_alpha': 0.0, 'reg_lambda': 0.0, 'subsample': 0.8}",-0.009637159482597512,-0.008876955059673222,-0.00974286013278907,-0.009418757372266344,-0.009210713757949596,-0.009377289161055149,0.0003101534813151414,282
1.268525981903076,0.01962365509739235,0.015498971939086914,0.0001838295745203507,0.8,0.1,20,30,500,50,0.0,0.5,0.8,"{'colsample_bytree': 0.8, 'learning_rate': 0.1, 'max_depth': 20, 'min_child_samples': 30, 'n_estimators': 500, 'num_leaves': 50, 'reg_alpha': 0.0, 'reg_lambda': 0.5, 'subsample': 0.8}",-0.009475072733421262,-0.008641078520982916,-0.009502808302108106,-0.009333240179947721,-0.009040565199124908,-0.009198552987116984,0.00032339234012426635,69
1.1730709552764893,0.08461743175160207,0.016290855407714844,0.0017402067359215112,0.8,0.1,20,30,500,50,0.0,1.0,0.8,"{'colsample_bytree': 0.8, 'learning_rate': 0.1, 'max_depth': 20, 'min_child_samples': 30, 'n_estimators': 500, 'num_leaves': 50, 'reg_alpha': 0.0, 'reg_lambda': 1.0, 'subsample': 0.8}",-0.009530931767698793,-0.008704137317763153,-0.009623874006475486,-0.009231926912079082,-0.009139945382976246,-0.009246163077398551,0.00032528004674101975,121
0.42020368576049805,0.013114746334950581,0.0048502922058105465,0.0002226489794707693,0.8,0.1,20,30,500,50,0.5,0.0,0.8,"{'colsample_bytree': 0.8, 'learning_rate': 0.1, 'max_depth': 20, 'min_child_samples': 30, 'n_estimators': 500, 'num_leaves': 50, 'reg_alpha': 0.5, 'reg_lambda': 0.0, 'subsample': 0.8}",-0.00957718967549756,-0.00839107032816931,-0.009512799931872174,-0.00903921367773713,-0.009197326150170132,-0.00914351995268926,0.000425298124808449,29
0.46234421730041503,0.046577048091583695,0.005006647109985352,0.00025209242775403465,0.8,0.1,20,30,500,50,0.5,0.5,0.8,"{'colsample_bytree': 0.8, 'learning_rate': 0.1, 'max_depth': 20, 'min_child_samples': 30, 'n_estimators': 500, 'num_leaves': 50, 'reg_alpha': 0.5, 'reg_lambda': 0.5, 'subsample': 0.8}",-0.009564326050597137,-0.008660121932319574,-0.009646021591903276,-0.009261786356743436,-0.00921143736643723,-0.00926873865960013,0.00034740765972054343,155
0.5564001560211181,0.030958355202126912,0.00587310791015625,0.00011671378222999126,0.8,0.1,20,30,500,50,0.5,1.0,0.8,"{'colsample_bytree': 0.8, 'learning_rate': 0.1, 'max_depth': 20, 'min_child_samples': 30, 'n_estimators': 500, 'num_leaves': 50, 'reg_alpha': 0.5, 'reg_lambda': 1.0, 'subsample': 0.8}",-0.009483851868370521,-0.008501244598153027,-0.009427685865361071,-0.00941056328632366,-0.009079596348729693,-0.009180588393387595,0.0003681363151071209,51
0.37641563415527346,0.022999160666327612,0.004923582077026367,0.00022919033042737347,0.8,0.1,20,30,500,50,1.0,0.0,0.8,"{'colsample_bytree': 0.8, 'learning_rate': 0.1, 'max_depth': 20, 'min_child_samples': 30, 'n_estimators': 500, 'num_leaves': 50, 'reg_alpha': 1.0, 'reg_lambda': 0.0, 'subsample': 0.8}",-0.009554848019504094,-0.008577920596915128,-0.009616319115812321,-0.009116293651245602,-0.009516543127803333,-0.009276384902256097,0.0003909615185659851,165
0.3726841449737549,0.01388860716716369,0.004964113235473633,7.293099239881481e-05,0.8,0.1,20,30,500,50,1.0,0.5,0.8,"{'colsample_bytree': 0.8, 'learning_rate': 0.1, 'max_depth': 20, 'min_child_samples': 30, 'n_estimators': 500, 'num_leaves': 50, 'reg_alpha': 1.0, 'reg_lambda': 0.5, 'subsample': 0.8}",-0.009595132592647182,-0.008538911878434823,-0.009529737564120821,-0.009198785404574548,-0.009342725419658414,-0.009241058571887157,0.0003778457676011852,109
0.3730638027191162,0.010713359165374015,0.004904937744140625,0.00014868768961488,0.8,0.1,20,30,500,50,1.0,1.0,0.8,"{'colsample_bytree': 0.8, 'learning_rate': 0.1, 'max_depth': 20, 'min_child_samples': 30, 'n_estimators': 500, 'num_leaves': 50, 'reg_alpha': 1.0, 'reg_lambda': 1.0, 'subsample': 0.8}",-0.009474676482938918,-0.00862542931009658,-0.009751685113086881,-0.009151522669969697,-0.009258298262015439,-0.009252322367621501,0.0003746987323412661,132
1.301459550857544,0.08265779589175533,0.017323923110961915,0.000716139492197957,0.8,0.1,20,30,500,100,0.0,0.0,0.8,"{'colsample_bytree': 0.8, 'learning_rate': 0.1, 'max_depth': 20, 'min_child_samples': 30, 'n_estimators': 500, 'num_leaves': 100, 'reg_alpha': 0.0, 'reg_lambda': 0.0, 'subsample': 0.8}",-0.009714782534319026,-0.008802725026495968,-0.009892475523771855,-0.009287884896873044,-0.00917865707995435,-0.009375305012282849,0.0003890683363916078,277
1.2888280391693114,0.036007845856583856,0.016417407989501955,0.0004030913126776696,0.8,0.1,20,30,500,100,0.0,0.5,0.8,"{'colsample_bytree': 0.8, 'learning_rate': 0.1, 'max_depth': 20, 'min_child_samples': 30, 'n_estimators': 500, 'num_leaves': 100, 'reg_alpha': 0.0, 'reg_lambda': 0.5, 'subsample': 0.8}",-0.009597438712663805,-0.00857857114961405,-0.009625784186671473,-0.009044271705454047,-0.009047647607140486,-0.009178742672308773,0.0003925880037557701,49
1.351440191268921,0.04868369395241465,0.016629600524902345,0.00027986821955798877,0.8,0.1,20,30,500,100,0.0,1.0,0.8,"{'colsample_bytree': 0.8, 'learning_rate': 0.1, 'max_depth': 20, 'min_child_samples': 30, 'n_estimators': 500, 'num_leaves': 100, 'reg_alpha': 0.0, 'reg_lambda': 1.0, 'subsample': 0.8}",-0.009772738685949247,-0.0088548214522617,-0.009638839238449716,-0.009339838649494232,-0.009419251583785244,-0.009405097921988027,0.00031529605968688934,307
0.5059204578399659,0.044346792692981266,0.005633497238159179,0.0003103925176240372,0.8,0.1,20,30,500,100,0.5,0.0,0.8,"{'colsample_bytree': 0.8, 'learning_rate': 0.1, 'max_depth': 20, 'min_child_samples': 30, 'n_estimators': 500, 'num_leaves': 100, 'reg_alpha': 0.5, 'reg_lambda': 0.0, 'subsample': 0.8}",-0.009582001277989083,-0.008310838353303018,-0.009491703928893045,-0.009001208534217923,-0.009204784210299974,-0.009118107260940608,0.0004533505099713803,9
0.4372869491577148,0.015843512374989342,0.005328321456909179,0.0008844848527207714,0.8,0.1,20,30,500,100,0.5,0.5,0.8,"{'colsample_bytree': 0.8, 'learning_rate': 0.1, 'max_depth': 20, 'min_child_samples': 30, 'n_estimators': 500, 'num_leaves': 100, 'reg_alpha': 0.5, 'reg_lambda': 0.5, 'subsample': 0.8}",-0.009607277030087862,-0.008642402560239192,-0.009761022157064978,-0.009250143176963406,-0.009227037873625917,-0.00929757655959627,0.0003865681840699799,205
0.4339293956756592,0.007543346060986246,0.004986619949340821,0.00011346967144369091,0.8,0.1,20,30,500,100,0.5,1.0,0.8,"{'colsample_bytree': 0.8, 'learning_rate': 0.1, 'max_depth': 20, 'min_child_samples': 30, 'n_estimators': 500, 'num_leaves': 100, 'reg_alpha': 0.5, 'reg_lambda': 1.0, 'subsample': 0.8}",-0.009524309898235614,-0.008397112824424183,-0.009447109189949062,-0.009476982298338725,-0.009135130865298642,-0.009196129015249247,0.0004223079336622013,65
0.30332493782043457,0.021847290384589796,0.004475688934326172,0.0006878713850719088,0.8,0.1,20,30,500,100,1.0,0.0,0.8,"{'colsample_bytree': 0.8, 'learning_rate': 0.1, 'max_depth': 20, 'min_child_samples': 30, 'n_estimators': 500, 'num_leaves': 100, 'reg_alpha': 1.0, 'reg_lambda': 0.0, 'subsample': 0.8}",-0.009658102860284384,-0.008577920596915128,-0.009616319115812321,-0.009116293651245602,-0.009516543127803333,-0.009297035870412154,0.00040750193235910095,201
0.37333073616027834,0.011335058551928859,0.004898834228515625,0.00012760374398173159,0.8,0.1,20,30,500,100,1.0,0.5,0.8,"{'colsample_bytree': 0.8, 'learning_rate': 0.1, 'max_depth': 20, 'min_child_samples': 30, 'n_estimators': 500, 'num_leaves': 100, 'reg_alpha': 1.0, 'reg_lambda': 0.5, 'subsample': 0.8}",-0.009595132592647182,-0.008538911878434823,-0.009530830817665092,-0.009223940447350273,-0.009342725419658414,-0.009246308231151157,0.00037758117782481394,122
0.37899231910705566,0.01457475686934545,0.004907131195068359,8.191931926678946e-05,0.8,0.1,20,30,500,100,1.0,1.0,0.8,"{'colsample_bytree': 0.8, 'learning_rate': 0.1, 'max_depth': 20, 'min_child_samples': 30, 'n_estimators': 500, 'num_leaves': 100, 'reg_alpha': 1.0, 'reg_lambda': 1.0, 'subsample': 0.8}",-0.009474676482938918,-0.008676491164914238,-0.009751685113086881,-0.009151522669969697,-0.009258298262015439,-0.009262534738585034,0.0003577878997187089,147
1.257955551147461,0.03186031798491362,0.016930055618286134,0.00044288838042715766,0.8,0.1,20,30,700,31,0.0,0.0,0.8,"{'colsample_bytree': 0.8, 'learning_rate': 0.1, 'max_depth': 20, 'min_child_samples': 30, 'n_estimators': 700, 'num_leaves': 31, 'reg_alpha': 0.0, 'reg_lambda': 0.0, 'subsample': 0.8}",-0.00957418372379719,-0.008921257820341805,-0.009585952911222297,-0.009267374624375,-0.009507556384616889,-0.009371265092870635,0.000252642799661754,272
1.2562221050262452,0.01848491679708641,0.017001771926879884,0.0003372294599183557,0.8,0.1,20,30,700,31,0.0,0.5,0.8,"{'colsample_bytree': 0.8, 'learning_rate': 0.1, 'max_depth': 20, 'min_child_samples': 30, 'n_estimators': 700, 'num_leaves': 31, 'reg_alpha': 0.0, 'reg_lambda': 0.5, 'subsample': 0.8}",-0.009576889515613717,-0.008768213027346787,-0.009697933171780488,-0.009239549192317533,-0.009527153666038896,-0.009361947714619484,0.0003328307343846824,264
1.2777931213378906,0.04444550455082607,0.017826175689697264,0.0018191260378912478,0.8,0.1,20,30,700,31,0.0,1.0,0.8,"{'colsample_bytree': 0.8, 'learning_rate': 0.1, 'max_depth': 20, 'min_child_samples': 30, 'n_estimators': 700, 'num_leaves': 31, 'reg_alpha': 0.0, 'reg_lambda': 1.0, 'subsample': 0.8}",-0.009557671887584265,-0.008816223382989034,-0.00982022836232212,-0.00921353089278102,-0.009206415557673927,-0.009322814016670075,0.0003419662917153636,229
0.5085011005401612,0.0657473865557206,0.005241203308105469,0.00036285729944161887,0.8,0.1,20,30,700,31,0.5,0.0,0.8,"{'colsample_bytree': 0.8, 'learning_rate': 0.1, 'max_depth': 20, 'min_child_samples': 30, 'n_estimators': 700, 'num_leaves': 31, 'reg_alpha': 0.5, 'reg_lambda': 0.0, 'subsample': 0.8}",-0.009527292495300894,-0.008673543315395623,-0.009670860946643618,-0.009258382319930501,-0.009314300965572292,-0.009288876008568585,0.00034145732700729985,191
0.4662898063659668,0.014976335851830454,0.005085897445678711,0.00013380609733119748,0.8,0.1,20,30,700,31,0.5,0.5,0.8,"{'colsample_bytree': 0.8, 'learning_rate': 0.1, 'max_depth': 20, 'min_child_samples': 30, 'n_estimators': 700, 'num_leaves': 31, 'reg_alpha': 0.5, 'reg_lambda': 0.5, 'subsample': 0.8}",-0.009252607211038186,-0.008527589265114833,-0.009633457510664216,-0.00921614062251442,-0.009106891598812322,-0.009147337241628795,0.0003571699853189806,41
0.5295806407928467,0.031229836338068275,0.005832576751708984,0.00046494962132186,0.8,0.1,20,30,700,31,0.5,1.0,0.8,"{'colsample_bytree': 0.8, 'learning_rate': 0.1, 'max_depth': 20, 'min_child_samples': 30, 'n_estimators': 700, 'num_leaves': 31, 'reg_alpha': 0.5, 'reg_lambda': 1.0, 'subsample': 0.8}",-0.009401117227003377,-0.008468434536282016,-0.009315418206236457,-0.00943120726165564,-0.009108156984747267,-0.00914486684318495,0.0003565532614980063,33
0.35568933486938475,0.03029656298727755,0.004610919952392578,0.000330725659299475,0.8,0.1,20,30,700,31,1.0,0.0,0.8,"{'colsample_bytree': 0.8, 'learning_rate': 0.1, 'max_depth': 20, 'min_child_samples': 30, 'n_estimators': 700, 'num_leaves': 31, 'reg_alpha': 1.0, 'reg_lambda': 0.0, 'subsample': 0.8}",-0.009563205138625321,-0.008649790913408608,-0.00998040600517005,-0.009137883935674591,-0.009312557178076403,-0.009328768634190996,0.0004421090957272378,237
0.3847646236419678,0.027386892120074516,0.0045321941375732425,0.00025169982076007745,0.8,0.1,20,30,700,31,1.0,0.5,0.8,"{'colsample_bytree': 0.8, 'learning_rate': 0.1, 'max_depth': 20, 'min_child_samples': 30, 'n_estimators': 700, 'num_leaves': 31, 'reg_alpha': 1.0, 'reg_lambda': 0.5, 'subsample': 0.8}",-0.009521498336911379,-0.008668818206518979,-0.009736837997220322,-0.00918649026555646,-0.009263506121810924,-0.009275430185603614,0.00036041012459509073,161
0.35750446319580076,0.009119572585151144,0.004381656646728516,0.00011182985266581761,0.8,0.1,20,30,700,31,1.0,1.0,0.8,"{'colsample_bytree': 0.8, 'learning_rate': 0.1, 'max_depth': 20, 'min_child_samples': 30, 'n_estimators': 700, 'num_leaves': 31, 'reg_alpha': 1.0, 'reg_lambda': 1.0, 'subsample': 0.8}",-0.009561935139398096,-0.008633128152784783,-0.009955043048978294,-0.00916721350067314,-0.009186591451032854,-0.009300782258573434,0.00044111226861524757,209
1.6649179935455323,0.02275927391249163,0.022919559478759767,0.0005551131598018445,0.8,0.1,20,30,700,50,0.0,0.0,0.8,"{'colsample_bytree': 0.8, 'learning_rate': 0.1, 'max_depth': 20, 'min_child_samples': 30, 'n_estimators': 700, 'num_leaves': 50, 'reg_alpha': 0.0, 'reg_lambda': 0.0, 'subsample': 0.8}",-0.009633887188205266,-0.008878561815684957,-0.009741677244833866,-0.009415807403260468,-0.009208562005916434,-0.009375699131580198,0.00030896279874845505,279
1.692728042602539,0.034197295828560945,0.024183320999145507,0.0011377169159408292,0.8,0.1,20,30,700,50,0.0,0.5,0.8,"{'colsample_bytree': 0.8, 'learning_rate': 0.1, 'max_depth': 20, 'min_child_samples': 30, 'n_estimators': 700, 'num_leaves': 50, 'reg_alpha': 0.0, 'reg_lambda': 0.5, 'subsample': 0.8}",-0.009474330589072913,-0.008640259516858814,-0.009503898034001538,-0.00933540187156765,-0.009044197033632764,-0.009199617409026736,0.00032358250722553246,70
1.7364964008331298,0.14712415416929941,0.02299160957336426,0.0014341367830502788,0.8,0.1,20,30,700,50,0.0,1.0,0.8,"{'colsample_bytree': 0.8, 'learning_rate': 0.1, 'max_depth': 20, 'min_child_samples': 30, 'n_estimators': 700, 'num_leaves': 50, 'reg_alpha': 0.0, 'reg_lambda': 1.0, 'subsample': 0.8}",-0.009528123977076102,-0.008704451205514937,-0.009621252744271796,-0.009229531817065696,-0.009145065575864312,-0.009245685063958568,0.0003237721792971673,119
0.5132708549499512,0.05758596655019703,0.00641026496887207,0.001855506481660297,0.8,0.1,20,30,700,50,0.5,0.0,0.8,"{'colsample_bytree': 0.8, 'learning_rate': 0.1, 'max_depth': 20, 'min_child_samples': 30, 'n_estimators': 700, 'num_leaves': 50, 'reg_alpha': 0.5, 'reg_lambda': 0.0, 'subsample': 0.8}",-0.00957718967549756,-0.00839107032816931,-0.009512799931872174,-0.00903921367773713,-0.009197326150170132,-0.00914351995268926,0.000425298124808449,29
0.5840396404266357,0.018453286365100064,0.005915164947509766,0.00011487698920145018,0.8,0.1,20,30,700,50,0.5,0.5,0.8,"{'colsample_bytree': 0.8, 'learning_rate': 0.1, 'max_depth': 20, 'min_child_samples': 30, 'n_estimators': 700, 'num_leaves': 50, 'reg_alpha': 0.5, 'reg_lambda': 0.5, 'subsample': 0.8}",-0.009564326050597137,-0.008660121932319574,-0.009646021591903276,-0.009261786356743436,-0.00921143736643723,-0.00926873865960013,0.00034740765972054343,155
0.5741427898406982,0.021094893864967577,0.00584568977355957,9.98413889503109e-05,0.8,0.1,20,30,700,50,0.5,1.0,0.8,"{'colsample_bytree': 0.8, 'learning_rate': 0.1, 'max_depth': 20, 'min_child_samples': 30, 'n_estimators': 700, 'num_leaves': 50, 'reg_alpha': 0.5, 'reg_lambda': 1.0, 'subsample': 0.8}",-0.009483851868370521,-0.008501244598153027,-0.009427685865361071,-0.00941056328632366,-0.009079596348729693,-0.009180588393387595,0.0003681363151071209,51
0.41146111488342285,0.021707161438437622,0.004945230484008789,0.0002063470806419522,0.8,0.1,20,30,700,50,1.0,0.0,0.8,"{'colsample_bytree': 0.8, 'learning_rate': 0.1, 'max_depth': 20, 'min_child_samples': 30, 'n_estimators': 700, 'num_leaves': 50, 'reg_alpha': 1.0, 'reg_lambda': 0.0, 'subsample': 0.8}",-0.009554848019504094,-0.008577920596915128,-0.009616319115812321,-0.009116293651245602,-0.009516543127803333,-0.009276384902256097,0.0003909615185659851,165
0.4035285472869873,0.013551297205448858,0.004961061477661133,0.00010192291359633,0.8,0.1,20,30,700,50,1.0,0.5,0.8,"{'colsample_bytree': 0.8, 'learning_rate': 0.1, 'max_depth': 20, 'min_child_samples': 30, 'n_estimators': 700, 'num_leaves': 50, 'reg_alpha': 1.0, 'reg_lambda': 0.5, 'subsample': 0.8}",-0.009595132592647182,-0.008538911878434823,-0.009529737564120821,-0.009198785404574548,-0.009342725419658414,-0.009241058571887157,0.0003778457676011852,109
0.40056657791137695,0.008666950773716089,0.004868412017822265,5.3037411967086706e-05,0.8,0.1,20,30,700,50,1.0,1.0,0.8,"{'colsample_bytree': 0.8, 'learning_rate': 0.1, 'max_depth': 20, 'min_child_samples': 30, 'n_estimators': 700, 'num_leaves': 50, 'reg_alpha': 1.0, 'reg_lambda': 1.0, 'subsample': 0.8}",-0.009474676482938918,-0.00862542931009658,-0.009751685113086881,-0.009151522669969697,-0.009258298262015439,-0.009252322367621501,0.0003746987323412661,132
1.7301660537719727,0.1344402344051446,0.025062990188598634,0.0007182694743877213,0.8,0.1,20,30,700,100,0.0,0.0,0.8,"{'colsample_bytree': 0.8, 'learning_rate': 0.1, 'max_depth': 20, 'min_child_samples': 30, 'n_estimators': 700, 'num_leaves': 100, 'reg_alpha': 0.0, 'reg_lambda': 0.0, 'subsample': 0.8}",-0.00971603492098633,-0.008803743740489273,-0.009893259753746605,-0.00928817046843568,-0.00918235901256342,-0.009376713579244262,0.00038881022094047865,281
1.7833799362182616,0.08835413080403333,0.02446436882019043,0.0008324180701180714,0.8,0.1,20,30,700,100,0.0,0.5,0.8,"{'colsample_bytree': 0.8, 'learning_rate': 0.1, 'max_depth': 20, 'min_child_samples': 30, 'n_estimators': 700, 'num_leaves': 100, 'reg_alpha': 0.0, 'reg_lambda': 0.5, 'subsample': 0.8}",-0.009596263314657372,-0.008575514587577453,-0.009626698740234847,-0.009047462119934634,-0.009053100233637106,-0.009179807799208281,0.0003929089413943274,50
1.559264898300171,0.05551474889798448,0.022082090377807617,0.000960743488735371,0.8,0.1,20,30,700,100,0.0,1.0,0.8,"{'colsample_bytree': 0.8, 'learning_rate': 0.1, 'max_depth': 20, 'min_child_samples': 30, 'n_estimators': 700, 'num_leaves': 100, 'reg_alpha': 0.0, 'reg_lambda': 1.0, 'subsample': 0.8}",-0.009768828538145749,-0.008859518852574052,-0.009638834849296684,-0.009341227579566085,-0.009428786608603107,-0.009407439285637136,0.00031279469237720275,308
0.47429547309875486,0.03426413935503691,0.004992818832397461,0.0003268581021592355,0.8,0.1,20,30,700,100,0.5,0.0,0.8,"{'colsample_bytree': 0.8, 'learning_rate': 0.1, 'max_depth': 20, 'min_child_samples': 30, 'n_estimators': 700, 'num_leaves': 100, 'reg_alpha': 0.5, 'reg_lambda': 0.0, 'subsample': 0.8}",-0.009582001277989083,-0.008310838353303018,-0.009491703928893045,-0.009001208534217923,-0.009204784210299974,-0.009118107260940608,0.0004533505099713803,9
0.5381407260894775,0.01717336343733512,0.005556917190551758,0.00029528710737495976,0.8,0.1,20,30,700,100,0.5,0.5,0.8,"{'colsample_bytree': 0.8, 'learning_rate': 0.1, 'max_depth': 20, 'min_child_samples': 30, 'n_estimators': 700, 'num_leaves': 100, 'reg_alpha': 0.5, 'reg_lambda': 0.5, 'subsample': 0.8}",-0.009607277030087862,-0.008642402560239192,-0.009761022157064978,-0.009250143176963406,-0.009227037873625917,-0.00929757655959627,0.0003865681840699799,205
0.5801504611968994,0.007580096448710874,0.006171560287475586,0.0007131575262779169,0.8,0.1,20,30,700,100,0.5,1.0,0.8,"{'colsample_bytree': 0.8, 'learning_rate': 0.1, 'max_depth': 20, 'min_child_samples': 30, 'n_estimators': 700, 'num_leaves': 100, 'reg_alpha': 0.5, 'reg_lambda': 1.0, 'subsample': 0.8}",-0.009524309898235614,-0.008397112824424183,-0.009447109189949062,-0.009476982298338725,-0.009135130865298642,-0.009196129015249247,0.0004223079336622013,65
0.41292858123779297,0.023265253710301748,0.0049492835998535155,0.00020443630065244956,0.8,0.1,20,30,700,100,1.0,0.0,0.8,"{'colsample_bytree': 0.8, 'learning_rate': 0.1, 'max_depth': 20, 'min_child_samples': 30, 'n_estimators': 700, 'num_leaves': 100, 'reg_alpha': 1.0, 'reg_lambda': 0.0, 'subsample': 0.8}",-0.009658102860284384,-0.008577920596915128,-0.009616319115812321,-0.009116293651245602,-0.009516543127803333,-0.009297035870412154,0.00040750193235910095,201
0.39737520217895506,0.015117171840464589,0.004903411865234375,0.0001270506278366688,0.8,0.1,20,30,700,100,1.0,0.5,0.8,"{'colsample_bytree': 0.8, 'learning_rate': 0.1, 'max_depth': 20, 'min_child_samples': 30, 'n_estimators': 700, 'num_leaves': 100, 'reg_alpha': 1.0, 'reg_lambda': 0.5, 'subsample': 0.8}",-0.009595132592647182,-0.008538911878434823,-0.009530830817665092,-0.009223940447350273,-0.009342725419658414,-0.009246308231151157,0.00037758117782481394,122
0.397135591506958,0.012943678019393005,0.004904603958129883,0.0001102958052796761,0.8,0.1,20,30,700,100,1.0,1.0,0.8,"{'colsample_bytree': 0.8, 'learning_rate': 0.1, 'max_depth': 20, 'min_child_samples': 30, 'n_estimators': 700, 'num_leaves': 100, 'reg_alpha': 1.0, 'reg_lambda': 1.0, 'subsample': 0.8}",-0.009474676482938918,-0.008676491164914238,-0.009751685113086881,-0.009151522669969697,-0.009258298262015439,-0.009262534738585034,0.0003577878997187089,147
