mean_fit_time,std_fit_time,mean_score_time,std_score_time,param_colsample_bytree,param_learning_rate,param_max_depth,param_min_child_samples,param_n_estimators,param_num_leaves,param_reg_alpha,param_reg_lambda,param_subsample,params,split0_test_score,split1_test_score,split2_test_score,split3_test_score,split4_test_score,mean_test_score,std_test_score,rank_test_score
0.43419485092163085,0.02810607635158962,0.008867883682250976,0.00041612528889021074,0.8,0.1,-1,10,500,31,0.0,0.0,0.8,"{'colsample_bytree': 0.8, 'learning_rate': 0.1, 'max_depth': -1, 'min_child_samples': 10, 'n_estimators': 500, 'num_leaves': 31, 'reg_alpha': 0.0, 'reg_lambda': 0.0, 'subsample': 0.8}",-0.01220184470228549,-0.011845957263744256,-0.013349837420883812,-0.01201602314315074,-0.012294361976985291,-0.01234160490140992,0.0005272509236647871,251
0.44841904640197755,0.01804869978077398,0.009582281112670898,0.000545671639117517,0.8,0.1,-1,10,500,31,0.0,0.5,0.8,"{'colsample_bytree': 0.8, 'learning_rate': 0.1, 'max_depth': -1, 'min_child_samples': 10, 'n_estimators': 500, 'num_leaves': 31, 'reg_alpha': 0.0, 'reg_lambda': 0.5, 'subsample': 0.8}",-0.01239437798844241,-0.011728132450066583,-0.01320684187206589,-0.012015830866719568,-0.01272241018597197,-0.012413518672653284,0.0005202022484800814,272
0.48605737686157224,0.04503000550547365,0.010082721710205078,0.0010929759136808757,0.8,0.1,-1,10,500,31,0.0,1.0,0.8,"{'colsample_bytree': 0.8, 'learning_rate': 0.1, 'max_depth': -1, 'min_child_samples': 10, 'n_estimators': 500, 'num_leaves': 31, 'reg_alpha': 0.0, 'reg_lambda': 1.0, 'subsample': 0.8}",-0.012052549876363523,-0.011861899461098117,-0.013278398894904815,-0.012085807169717163,-0.012312492393418653,-0.012318229559100453,0.0005009592972962388,247
0.4032343864440918,0.03388688300222728,0.007522106170654297,0.0005029833535920143,0.8,0.1,-1,10,500,31,0.5,0.0,0.8,"{'colsample_bytree': 0.8, 'learning_rate': 0.1, 'max_depth': -1, 'min_child_samples': 10, 'n_estimators': 500, 'num_leaves': 31, 'reg_alpha': 0.5, 'reg_lambda': 0.0, 'subsample': 0.8}",-0.011615770535368625,-0.011641428649149379,-0.01295757375848467,-0.011878113014541,-0.012247430548103268,-0.012068063301129387,0.0004992130700684879,173
0.3845846176147461,0.009392007874542916,0.006965112686157226,0.00012682321282014256,0.8,0.1,-1,10,500,31,0.5,0.5,0.8,"{'colsample_bytree': 0.8, 'learning_rate': 0.1, 'max_depth': -1, 'min_child_samples': 10, 'n_estimators': 500, 'num_leaves': 31, 'reg_alpha': 0.5, 'reg_lambda': 0.5, 'subsample': 0.8}",-0.011661966156179135,-0.011277161328154673,-0.012981051534419075,-0.011688297410416267,-0.012540350918088429,-0.012029765469451517,0.0006299099048980442,149
0.39692068099975586,0.029027829848588742,0.007656621932983399,0.0008635286910426345,0.8,0.1,-1,10,500,31,0.5,1.0,0.8,"{'colsample_bytree': 0.8, 'learning_rate': 0.1, 'max_depth': -1, 'min_child_samples': 10, 'n_estimators': 500, 'num_leaves': 31, 'reg_alpha': 0.5, 'reg_lambda': 1.0, 'subsample': 0.8}",-0.01172443986479571,-0.011497746780257286,-0.012725007367082942,-0.011691866167693939,-0.012453782418017808,-0.012018568519569537,0.0004802016991013166,139
0.2473348617553711,0.03937922252639617,0.005216026306152343,0.00028385846489001966,0.8,0.1,-1,10,500,31,1.0,0.0,0.8,"{'colsample_bytree': 0.8, 'learning_rate': 0.1, 'max_depth': -1, 'min_child_samples': 10, 'n_estimators': 500, 'num_leaves': 31, 'reg_alpha': 1.0, 'reg_lambda': 0.0, 'subsample': 0.8}",-0.01185973672867082,-0.01136090189118223,-0.012686023792576322,-0.011550595058865588,-0.012306799386207832,-0.011952811371500558,0.00048656051075985355,81
0.24056315422058105,0.018020644248358912,0.0052715778350830075,0.00046443323820607736,0.8,0.1,-1,10,500,31,1.0,0.5,0.8,"{'colsample_bytree': 0.8, 'learning_rate': 0.1, 'max_depth': -1, 'min_child_samples': 10, 'n_estimators': 500, 'num_leaves': 31, 'reg_alpha': 1.0, 'reg_lambda': 0.5, 'subsample': 0.8}",-0.011566233914233387,-0.011439643116024526,-0.012548112682503571,-0.011728330125581542,-0.01226777863755924,-0.011910019695180452,0.0004260535202116707,25
0.2505064010620117,0.016250865473529986,0.005077981948852539,0.000187324407945152,0.8,0.1,-1,10,500,31,1.0,1.0,0.8,"{'colsample_bytree': 0.8, 'learning_rate': 0.1, 'max_depth': -1, 'min_child_samples': 10, 'n_estimators': 500, 'num_leaves': 31, 'reg_alpha': 1.0, 'reg_lambda': 1.0, 'subsample': 0.8}",-0.0116550894136841,-0.011381185638640538,-0.012488598235318732,-0.011588297658150679,-0.012288522004758011,-0.011880338590110413,0.00042936517380058955,9
0.6742237567901611,0.05126091865318623,0.012844371795654296,0.0008658707694762633,0.8,0.1,-1,10,500,50,0.0,0.0,0.8,"{'colsample_bytree': 0.8, 'learning_rate': 0.1, 'max_depth': -1, 'min_child_samples': 10, 'n_estimators': 500, 'num_leaves': 50, 'reg_alpha': 0.0, 'reg_lambda': 0.0, 'subsample': 0.8}",-0.012111876639260178,-0.011836626690594768,-0.013154248425551514,-0.011755299064633745,-0.012594497722647997,-0.012290509708537642,0.000522077251899749,242
0.6893053531646729,0.04439585592421352,0.014343452453613282,0.0012313722547992437,0.8,0.1,-1,10,500,50,0.0,0.5,0.8,"{'colsample_bytree': 0.8, 'learning_rate': 0.1, 'max_depth': -1, 'min_child_samples': 10, 'n_estimators': 500, 'num_leaves': 50, 'reg_alpha': 0.0, 'reg_lambda': 0.5, 'subsample': 0.8}",-0.012076817444567461,-0.011480603059286523,-0.013270935817039184,-0.012010176360609635,-0.012287693481937997,-0.01222524523268816,0.0005865400201975312,221
0.6571268081665039,0.013107048838801535,0.013643884658813476,0.0011286822924257507,0.8,0.1,-1,10,500,50,0.0,1.0,0.8,"{'colsample_bytree': 0.8, 'learning_rate': 0.1, 'max_depth': -1, 'min_child_samples': 10, 'n_estimators': 500, 'num_leaves': 50, 'reg_alpha': 0.0, 'reg_lambda': 1.0, 'subsample': 0.8}",-0.012348110590480051,-0.011819264064546932,-0.012979619362586627,-0.011853093068627262,-0.012286607607560117,-0.012257338938760198,0.00042097730991317315,230
0.43769989013671873,0.02316265617929659,0.006960582733154297,0.000786425241179959,0.8,0.1,-1,10,500,50,0.5,0.0,0.8,"{'colsample_bytree': 0.8, 'learning_rate': 0.1, 'max_depth': -1, 'min_child_samples': 10, 'n_estimators': 500, 'num_leaves': 50, 'reg_alpha': 0.5, 'reg_lambda': 0.0, 'subsample': 0.8}",-0.011771904841931474,-0.011442652802334965,-0.012772808369283137,-0.011722300351552839,-0.01223958565239431,-0.011989850403499345,0.0004677391118024423,109
0.4066473960876465,0.020609675784877515,0.006668710708618164,0.00028570599129116946,0.8,0.1,-1,10,500,50,0.5,0.5,0.8,"{'colsample_bytree': 0.8, 'learning_rate': 0.1, 'max_depth': -1, 'min_child_samples': 10, 'n_estimators': 500, 'num_leaves': 50, 'reg_alpha': 0.5, 'reg_lambda': 0.5, 'subsample': 0.8}",-0.011635347331294989,-0.01159609278680386,-0.012776596677107463,-0.011821614897234987,-0.01240770136976865,-0.01204747061244199,0.0004660449251159252,153
0.40375590324401855,0.031615990469664526,0.006726884841918945,0.000678020833478683,0.8,0.1,-1,10,500,50,0.5,1.0,0.8,"{'colsample_bytree': 0.8, 'learning_rate': 0.1, 'max_depth': -1, 'min_child_samples': 10, 'n_estimators': 500, 'num_leaves': 50, 'reg_alpha': 0.5, 'reg_lambda': 1.0, 'subsample': 0.8}",-0.01159803937037355,-0.011613168089935042,-0.013059943461615564,-0.011623389969145529,-0.012399274796891614,-0.01205876313759226,0.0005862902631479378,165
0.27536349296569823,0.00969496144103753,0.004940700531005859,0.00028207005353412574,0.8,0.1,-1,10,500,50,1.0,0.0,0.8,"{'colsample_bytree': 0.8, 'learning_rate': 0.1, 'max_depth': -1, 'min_child_samples': 10, 'n_estimators': 500, 'num_leaves': 50, 'reg_alpha': 1.0, 'reg_lambda': 0.0, 'subsample': 0.8}",-0.0116599436194292,-0.011315581974421406,-0.012555499635082318,-0.011735660688798874,-0.012442735670671853,-0.01194188431768073,0.00047783871822085986,73
0.2937315940856934,0.028996408903702107,0.006174755096435547,0.0010864181715854143,0.8,0.1,-1,10,500,50,1.0,0.5,0.8,"{'colsample_bytree': 0.8, 'learning_rate': 0.1, 'max_depth': -1, 'min_child_samples': 10, 'n_estimators': 500, 'num_leaves': 50, 'reg_alpha': 1.0, 'reg_lambda': 0.5, 'subsample': 0.8}",-0.011779215230550567,-0.01128706114580406,-0.012698473556463849,-0.011671844059036944,-0.012485331571742784,-0.01198438511271964,0.0005266700990027995,101
0.25681796073913576,0.015213421304923707,0.004660511016845703,8.683080269070899e-05,0.8,0.1,-1,10,500,50,1.0,1.0,0.8,"{'colsample_bytree': 0.8, 'learning_rate': 0.1, 'max_depth': -1, 'min_child_samples': 10, 'n_estimators': 500, 'num_leaves': 50, 'reg_alpha': 1.0, 'reg_lambda': 1.0, 'subsample': 0.8}",-0.011745313312911074,-0.011306451088282555,-0.012733747184244104,-0.011578844991292908,-0.012258934585137887,-0.011924658232373705,0.0005099602107822264,47
1.1922403812408446,0.01714551845601667,0.023434209823608398,0.0006273647458190107,0.8,0.1,-1,10,500,100,0.0,0.0,0.8,"{'colsample_bytree': 0.8, 'learning_rate': 0.1, 'max_depth': -1, 'min_child_samples': 10, 'n_estimators': 500, 'num_leaves': 100, 'reg_alpha': 0.0, 'reg_lambda': 0.0, 'subsample': 0.8}",-0.012096938424448384,-0.011509572361700268,-0.012970631245930661,-0.011819020838599738,-0.012579907501133629,-0.012195214074362536,0.0005235541681059905,209
1.2465561866760253,0.10671609775528414,0.024319171905517578,0.0011609612272160637,0.8,0.1,-1,10,500,100,0.0,0.5,0.8,"{'colsample_bytree': 0.8, 'learning_rate': 0.1, 'max_depth': -1, 'min_child_samples': 10, 'n_estimators': 500, 'num_leaves': 100, 'reg_alpha': 0.0, 'reg_lambda': 0.5, 'subsample': 0.8}",-0.01192343240752262,-0.011743419711349035,-0.012936667736102503,-0.01186474336909984,-0.012529050837614056,-0.01219946281233761,0.0004578874460065125,211
1.2730483055114745,0.07752672653494366,0.023604583740234376,0.001049600673378722,0.8,0.1,-1,10,500,100,0.0,1.0,0.8,"{'colsample_bytree': 0.8, 'learning_rate': 0.1, 'max_depth': -1, 'min_child_samples': 10, 'n_estimators': 500, 'num_leaves': 100, 'reg_alpha': 0.0, 'reg_lambda': 1.0, 'subsample': 0.8}",-0.012135048830467489,-0.011410169557715498,-0.012801703379380419,-0.011828623997066908,-0.012597240964975474,-0.012154557345921158,0.0005050728827607651,203
0.46119256019592286,0.04421577034844723,0.006302022933959961,0.0006497869875082841,0.8,0.1,-1,10,500,100,0.5,0.0,0.8,"{'colsample_bytree': 0.8, 'learning_rate': 0.1, 'max_depth': -1, 'min_child_samples': 10, 'n_estimators': 500, 'num_leaves': 100, 'reg_alpha': 0.5, 'reg_lambda': 0.0, 'subsample': 0.8}",-0.011769376694400334,-0.01135833673984716,-0.012823021223214092,-0.011596245257044216,-0.012425268507871375,-0.011994449684475435,0.0005451605173911323,123
0.4425015449523926,0.014009133074896124,0.006283283233642578,0.0006280462559437245,0.8,0.1,-1,10,500,100,0.5,0.5,0.8,"{'colsample_bytree': 0.8, 'learning_rate': 0.1, 'max_depth': -1, 'min_child_samples': 10, 'n_estimators': 500, 'num_leaves': 100, 'reg_alpha': 0.5, 'reg_lambda': 0.5, 'subsample': 0.8}",-0.011480719505678172,-0.011312821553848463,-0.012787352426596245,-0.011763251286967098,-0.012244650707322119,-0.01191775909608242,0.0005373781503997725,37
0.48610706329345704,0.04491605042797154,0.006629133224487304,0.000650845282040303,0.8,0.1,-1,10,500,100,0.5,1.0,0.8,"{'colsample_bytree': 0.8, 'learning_rate': 0.1, 'max_depth': -1, 'min_child_samples': 10, 'n_estimators': 500, 'num_leaves': 100, 'reg_alpha': 0.5, 'reg_lambda': 1.0, 'subsample': 0.8}",-0.011771319408778885,-0.011858354010619045,-0.012695390513277671,-0.011602928712676335,-0.012206432715890453,-0.012026885072248477,0.00038796711276170895,145
0.2933045864105225,0.01664957596751893,0.004959201812744141,0.0002866660206950127,0.8,0.1,-1,10,500,100,1.0,0.0,0.8,"{'colsample_bytree': 0.8, 'learning_rate': 0.1, 'max_depth': -1, 'min_child_samples': 10, 'n_estimators': 500, 'num_leaves': 100, 'reg_alpha': 1.0, 'reg_lambda': 0.0, 'subsample': 0.8}",-0.011545975621222133,-0.011414043159989458,-0.01278664877271142,-0.011640426848262784,-0.01229697730667884,-0.011936814341772928,0.0005226520987411535,67
0.3071905136108398,0.03275630867339196,0.004966640472412109,0.0003182658748012059,0.8,0.1,-1,10,500,100,1.0,0.5,0.8,"{'colsample_bytree': 0.8, 'learning_rate': 0.1, 'max_depth': -1, 'min_child_samples': 10, 'n_estimators': 500, 'num_leaves': 100, 'reg_alpha': 1.0, 'reg_lambda': 0.5, 'subsample': 0.8}",-0.011729392140741693,-0.01136720388727594,-0.012658189407128618,-0.01168920048888854,-0.012276666217585488,-0.011944130428324056,0.00046139057560623905,77
0.29088692665100097,0.017908590651541507,0.0050242900848388675,0.00044063475583712224,0.8,0.1,-1,10,500,100,1.0,1.0,0.8,"{'colsample_bytree': 0.8, 'learning_rate': 0.1, 'max_depth': -1, 'min_child_samples': 10, 'n_estimators': 500, 'num_leaves': 100, 'reg_alpha': 1.0, 'reg_lambda': 1.0, 'subsample': 0.8}",-0.011536811147138084,-0.011316965197424395,-0.01281895713359871,-0.011541984002598494,-0.01233077889868548,-0.011909099275889033,0.0005709027705466204,21
0.5752257347106934,0.005987853432541888,0.014022111892700195,0.00019553742458701702,0.8,0.1,-1,10,700,31,0.0,0.0,0.8,"{'colsample_bytree': 0.8, 'learning_rate': 0.1, 'max_depth': -1, 'min_child_samples': 10, 'n_estimators': 700, 'num_leaves': 31, 'reg_alpha': 0.0, 'reg_lambda': 0.0, 'subsample': 0.8}",-0.01222925331782284,-0.011917061869791799,-0.013467368573826695,-0.012065677347462566,-0.012337888559919864,-0.012403449933764753,0.0005508592009306775,269
0.6034759998321533,0.017546531419054455,0.01650075912475586,0.002225835660066506,0.8,0.1,-1,10,700,31,0.0,0.5,0.8,"{'colsample_bytree': 0.8, 'learning_rate': 0.1, 'max_depth': -1, 'min_child_samples': 10, 'n_estimators': 700, 'num_leaves': 31, 'reg_alpha': 0.0, 'reg_lambda': 0.5, 'subsample': 0.8}",-0.01244837873659811,-0.011743521096073207,-0.013270629522885026,-0.012049821313891132,-0.012769869589597513,-0.012456444051808997,0.0005356864362975122,281
0.611387300491333,0.03557809455770722,0.015154695510864258,0.0012294192275456746,0.8,0.1,-1,10,700,31,0.0,1.0,0.8,"{'colsample_bytree': 0.8, 'learning_rate': 0.1, 'max_depth': -1, 'min_child_samples': 10, 'n_estimators': 700, 'num_leaves': 31, 'reg_alpha': 0.0, 'reg_lambda': 1.0, 'subsample': 0.8}",-0.012104934667982062,-0.011920321623575038,-0.01334201134751427,-0.012105453498231836,-0.012369437821598097,-0.012368431791780262,0.0005073951524040613,255
0.4213130474090576,0.015074130299186113,0.007662820816040039,0.000549505357729485,0.8,0.1,-1,10,700,31,0.5,0.0,0.8,"{'colsample_bytree': 0.8, 'learning_rate': 0.1, 'max_depth': -1, 'min_child_samples': 10, 'n_estimators': 700, 'num_leaves': 31, 'reg_alpha': 0.5, 'reg_lambda': 0.0, 'subsample': 0.8}",-0.011615770535368625,-0.011641428649149379,-0.01295757375848467,-0.011878113014541,-0.012247430548103268,-0.012068063301129387,0.0004992130700684879,173
0.44941048622131347,0.03989423146559665,0.007781839370727539,0.0006343633130182884,0.8,0.1,-1,10,700,31,0.5,0.5,0.8,"{'colsample_bytree': 0.8, 'learning_rate': 0.1, 'max_depth': -1, 'min_child_samples': 10, 'n_estimators': 700, 'num_leaves': 31, 'reg_alpha': 0.5, 'reg_lambda': 0.5, 'subsample': 0.8}",-0.011661966156179135,-0.011277161328154673,-0.012981051534419075,-0.011688297410416267,-0.012540350918088429,-0.012029765469451517,0.0006299099048980442,149
0.404463529586792,0.016890702118948844,0.0073776721954345705,0.0005923831979481571,0.8,0.1,-1,10,700,31,0.5,1.0,0.8,"{'colsample_bytree': 0.8, 'learning_rate': 0.1, 'max_depth': -1, 'min_child_samples': 10, 'n_estimators': 700, 'num_leaves': 31, 'reg_alpha': 0.5, 'reg_lambda': 1.0, 'subsample': 0.8}",-0.01172443986479571,-0.011497746780257286,-0.012725007367082942,-0.011691866167693939,-0.012453782418017808,-0.012018568519569537,0.0004802016991013166,139
0.2372997760772705,0.007989731556343131,0.0050185203552246095,0.0004808564876362387,0.8,0.1,-1,10,700,31,1.0,0.0,0.8,"{'colsample_bytree': 0.8, 'learning_rate': 0.1, 'max_depth': -1, 'min_child_samples': 10, 'n_estimators': 700, 'num_leaves': 31, 'reg_alpha': 1.0, 'reg_lambda': 0.0, 'subsample': 0.8}",-0.01185973672867082,-0.01136090189118223,-0.012686023792576322,-0.011550595058865588,-0.012306799386207832,-0.011952811371500558,0.00048656051075985355,81
0.23735084533691406,0.021115978752606242,0.0050618648529052734,0.0007054020679078183,0.8,0.1,-1,10,700,31,1.0,0.5,0.8,"{'colsample_bytree': 0.8, 'learning_rate': 0.1, 'max_depth': -1, 'min_child_samples': 10, 'n_estimators': 700, 'num_leaves': 31, 'reg_alpha': 1.0, 'reg_lambda': 0.5, 'subsample': 0.8}",-0.011566233914233387,-0.011439643116024526,-0.012548112682503571,-0.011728330125581542,-0.01226777863755924,-0.011910019695180452,0.0004260535202116707,25
0.24432077407836914,0.00850397671450324,0.004944753646850586,0.0002279861827246829,0.8,0.1,-1,10,700,31,1.0,1.0,0.8,"{'colsample_bytree': 0.8, 'learning_rate': 0.1, 'max_depth': -1, 'min_child_samples': 10, 'n_estimators': 700, 'num_leaves': 31, 'reg_alpha': 1.0, 'reg_lambda': 1.0, 'subsample': 0.8}",-0.0116550894136841,-0.011381185638640538,-0.012488598235318732,-0.011588297658150679,-0.012288522004758011,-0.011880338590110413,0.00042936517380058955,9
0.864731740951538,0.02028407217841886,0.022381067276000977,0.0015899663451421789,0.8,0.1,-1,10,700,50,0.0,0.0,0.8,"{'colsample_bytree': 0.8, 'learning_rate': 0.1, 'max_depth': -1, 'min_child_samples': 10, 'n_estimators': 700, 'num_leaves': 50, 'reg_alpha': 0.0, 'reg_lambda': 0.0, 'subsample': 0.8}",-0.012138540593042294,-0.011849196361398879,-0.01316836802969469,-0.011767535411331964,-0.012606692537512062,-0.01230606658659598,0.00052168015661962,244
0.9134488105773926,0.07150463036268294,0.022077083587646484,0.001270534956871377,0.8,0.1,-1,10,700,50,0.0,0.5,0.8,"{'colsample_bytree': 0.8, 'learning_rate': 0.1, 'max_depth': -1, 'min_child_samples': 10, 'n_estimators': 700, 'num_leaves': 50, 'reg_alpha': 0.0, 'reg_lambda': 0.5, 'subsample': 0.8}",-0.012081943012092481,-0.01149886013242183,-0.013289331905202938,-0.012026906785284428,-0.012294824520772555,-0.012238373271154847,0.0005871573855482177,223
0.8847854614257813,0.017998800367096512,0.023191356658935548,0.0025204142234639035,0.8,0.1,-1,10,700,50,0.0,1.0,0.8,"{'colsample_bytree': 0.8, 'learning_rate': 0.1, 'max_depth': -1, 'min_child_samples': 10, 'n_estimators': 700, 'num_leaves': 50, 'reg_alpha': 0.0, 'reg_lambda': 1.0, 'subsample': 0.8}",-0.012352708599558653,-0.011835927755044544,-0.012997927592981384,-0.011854044034123323,-0.01229139496909547,-0.012266400590160674,0.00042392224249273176,235
0.4256597995758057,0.028837540204498708,0.007285308837890625,0.000980579187498884,0.8,0.1,-1,10,700,50,0.5,0.0,0.8,"{'colsample_bytree': 0.8, 'learning_rate': 0.1, 'max_depth': -1, 'min_child_samples': 10, 'n_estimators': 700, 'num_leaves': 50, 'reg_alpha': 0.5, 'reg_lambda': 0.0, 'subsample': 0.8}",-0.011771904841931474,-0.011442652802334965,-0.012772808369283137,-0.011722300351552839,-0.01223958565239431,-0.011989850403499345,0.0004677391118024423,109
0.40769028663635254,0.017234941885701436,0.006591129302978516,0.0006752270320569868,0.8,0.1,-1,10,700,50,0.5,0.5,0.8,"{'colsample_bytree': 0.8, 'learning_rate': 0.1, 'max_depth': -1, 'min_child_samples': 10, 'n_estimators': 700, 'num_leaves': 50, 'reg_alpha': 0.5, 'reg_lambda': 0.5, 'subsample': 0.8}",-0.011635347331294989,-0.01159609278680386,-0.012776596677107463,-0.011821614897234987,-0.01240770136976865,-0.01204747061244199,0.0004660449251159252,153
0.4152668952941895,0.03177728524524943,0.006748628616333008,0.0007539529300228087,0.8,0.1,-1,10,700,50,0.5,1.0,0.8,"{'colsample_bytree': 0.8, 'learning_rate': 0.1, 'max_depth': -1, 'min_child_samples': 10, 'n_estimators': 700, 'num_leaves': 50, 'reg_alpha': 0.5, 'reg_lambda': 1.0, 'subsample': 0.8}",-0.01159803937037355,-0.011613168089935042,-0.013059943461615564,-0.011623389969145529,-0.012399274796891614,-0.01205876313759226,0.0005862902631479378,165
0.3107950210571289,0.010283381759016356,0.0055329322814941405,0.00041823069923858377,0.8,0.1,-1,10,700,50,1.0,0.0,0.8,"{'colsample_bytree': 0.8, 'learning_rate': 0.1, 'max_depth': -1, 'min_child_samples': 10, 'n_estimators': 700, 'num_leaves': 50, 'reg_alpha': 1.0, 'reg_lambda': 0.0, 'subsample': 0.8}",-0.0116599436194292,-0.011315581974421406,-0.012555499635082318,-0.011735660688798874,-0.012442735670671853,-0.01194188431768073,0.00047783871822085986,73
0.25878610610961916,0.020526584045541824,0.004664897918701172,0.0002708873243212269,0.8,0.1,-1,10,700,50,1.0,0.5,0.8,"{'colsample_bytree': 0.8, 'learning_rate': 0.1, 'max_depth': -1, 'min_child_samples': 10, 'n_estimators': 700, 'num_leaves': 50, 'reg_alpha': 1.0, 'reg_lambda': 0.5, 'subsample': 0.8}",-0.011779215230550567,-0.01128706114580406,-0.012698473556463849,-0.011671844059036944,-0.012485331571742784,-0.01198438511271964,0.0005266700990027995,101
0.30314178466796876,0.04025138669326123,0.005310487747192383,0.00044173298198293764,0.8,0.1,-1,10,700,50,1.0,1.0,0.8,"{'colsample_bytree': 0.8, 'learning_rate': 0.1, 'max_depth': -1, 'min_child_samples': 10, 'n_estimators': 700, 'num_leaves': 50, 'reg_alpha': 1.0, 'reg_lambda': 1.0, 'subsample': 0.8}",-0.011745313312911074,-0.011306451088282555,-0.012733747184244104,-0.011578844991292908,-0.012258934585137887,-0.011924658232373705,0.0005099602107822264,47
1.6691436767578125,0.029348549250328655,0.03369250297546387,0.0006293705642122348,0.8,0.1,-1,10,700,100,0.0,0.0,0.8,"{'colsample_bytree': 0.8, 'learning_rate': 0.1, 'max_depth': -1, 'min_child_samples': 10, 'n_estimators': 700, 'num_leaves': 100, 'reg_alpha': 0.0, 'reg_lambda': 0.0, 'subsample': 0.8}",-0.01209767725862904,-0.0115097465320206,-0.01297159137439864,-0.011820366864036638,-0.012580091540628982,-0.01219589471394278,0.000523599020781489,210
1.724369192123413,0.04239570908840732,0.034219789505004886,0.0007426026112639305,0.8,0.1,-1,10,700,100,0.0,0.5,0.8,"{'colsample_bytree': 0.8, 'learning_rate': 0.1, 'max_depth': -1, 'min_child_samples': 10, 'n_estimators': 700, 'num_leaves': 100, 'reg_alpha': 0.0, 'reg_lambda': 0.5, 'subsample': 0.8}",-0.011923935058688905,-0.01174431228792919,-0.012938543494331222,-0.011866710567611027,-0.012529262047919387,-0.012200552691295946,0.0004579963865307866,212
1.746938371658325,0.04226834253608034,0.034729814529418944,0.0008406078073234832,0.8,0.1,-1,10,700,100,0.0,1.0,0.8,"{'colsample_bytree': 0.8, 'learning_rate': 0.1, 'max_depth': -1, 'min_child_samples': 10, 'n_estimators': 700, 'num_leaves': 100, 'reg_alpha': 0.0, 'reg_lambda': 1.0, 'subsample': 0.8}",-0.012133733736087069,-0.011411536229477574,-0.012802852254680213,-0.011829606006801933,-0.012597556486865214,-0.0121550569427824,0.0005049040809139759,204
0.49471611976623536,0.025380840756109795,0.006348466873168946,0.0006113135051614456,0.8,0.1,-1,10,700,100,0.5,0.0,0.8,"{'colsample_bytree': 0.8, 'learning_rate': 0.1, 'max_depth': -1, 'min_child_samples': 10, 'n_estimators': 700, 'num_leaves': 100, 'reg_alpha': 0.5, 'reg_lambda': 0.0, 'subsample': 0.8}",-0.011769376694400334,-0.01135833673984716,-0.012823021223214092,-0.011596245257044216,-0.012425268507871375,-0.011994449684475435,0.0005451605173911323,123
0.47736072540283203,0.030586803584318166,0.006176614761352539,0.0003605534291398978,0.8,0.1,-1,10,700,100,0.5,0.5,0.8,"{'colsample_bytree': 0.8, 'learning_rate': 0.1, 'max_depth': -1, 'min_child_samples': 10, 'n_estimators': 700, 'num_leaves': 100, 'reg_alpha': 0.5, 'reg_lambda': 0.5, 'subsample': 0.8}",-0.011480719505678172,-0.011312821553848463,-0.012787352426596245,-0.011763251286967098,-0.012244650707322119,-0.01191775909608242,0.0005373781503997725,37
0.4632136344909668,0.02527705505874252,0.0059550762176513675,0.0005065093849549271,0.8,0.1,-1,10,700,100,0.5,1.0,0.8,"{'colsample_bytree': 0.8, 'learning_rate': 0.1, 'max_depth': -1, 'min_child_samples': 10, 'n_estimators': 700, 'num_leaves': 100, 'reg_alpha': 0.5, 'reg_lambda': 1.0, 'subsample': 0.8}",-0.011771319408778885,-0.011858354010619045,-0.012695390513277671,-0.011602928712676335,-0.012206432715890453,-0.012026885072248477,0.00038796711276170895,145
0.2912306785583496,0.021716269242273042,0.0047985553741455075,0.00031884677071360753,0.8,0.1,-1,10,700,100,1.0,0.0,0.8,"{'colsample_bytree': 0.8, 'learning_rate': 0.1, 'max_depth': -1, 'min_child_samples': 10, 'n_estimators': 700, 'num_leaves': 100, 'reg_alpha': 1.0, 'reg_lambda': 0.0, 'subsample': 0.8}",-0.011545975621222133,-0.011414043159989458,-0.01278664877271142,-0.011640426848262784,-0.01229697730667884,-0.011936814341772928,0.0005226520987411535,67
0.29978170394897463,0.028473753532248545,0.004857349395751953,0.00035400537709432084,0.8,0.1,-1,10,700,100,1.0,0.5,0.8,"{'colsample_bytree': 0.8, 'learning_rate': 0.1, 'max_depth': -1, 'min_child_samples': 10, 'n_estimators': 700, 'num_leaves': 100, 'reg_alpha': 1.0, 'reg_lambda': 0.5, 'subsample': 0.8}",-0.011729392140741693,-0.01136720388727594,-0.012658189407128618,-0.01168920048888854,-0.012276666217585488,-0.011944130428324056,0.00046139057560623905,77
0.31028022766113283,0.008308873917610995,0.005941581726074219,0.0018312949368199903,0.8,0.1,-1,10,700,100,1.0,1.0,0.8,"{'colsample_bytree': 0.8, 'learning_rate': 0.1, 'max_depth': -1, 'min_child_samples': 10, 'n_estimators': 700, 'num_leaves': 100, 'reg_alpha': 1.0, 'reg_lambda': 1.0, 'subsample': 0.8}",-0.011536811147138084,-0.011316965197424395,-0.01281895713359871,-0.011541984002598494,-0.01233077889868548,-0.011909099275889033,0.0005709027705466204,21
0.41130743026733396,0.007796716973671185,0.010645246505737305,0.0008700740704527827,0.8,0.1,-1,20,500,31,0.0,0.0,0.8,"{'colsample_bytree': 0.8, 'learning_rate': 0.1, 'max_depth': -1, 'min_child_samples': 20, 'n_estimators': 500, 'num_leaves': 31, 'reg_alpha': 0.0, 'reg_lambda': 0.0, 'subsample': 0.8}",-0.012334120905112681,-0.012096549877374239,-0.013332493101493245,-0.012223652063409573,-0.01259981951179103,-0.012517327091836153,0.00044003718389147844,288
0.41440386772155763,0.007246232759769378,0.010521841049194337,0.0009543738350772692,0.8,0.1,-1,20,500,31,0.0,0.5,0.8,"{'colsample_bytree': 0.8, 'learning_rate': 0.1, 'max_depth': -1, 'min_child_samples': 20, 'n_estimators': 500, 'num_leaves': 31, 'reg_alpha': 0.0, 'reg_lambda': 0.5, 'subsample': 0.8}",-0.011933771466421494,-0.01205998359850692,-0.013319993279669831,-0.012227933257699603,-0.012791994788961703,-0.01246673527825191,0.0005177579984909787,283
0.4547282695770264,0.04826416281529766,0.011867904663085937,0.002931574879263706,0.8,0.1,-1,20,500,31,0.0,1.0,0.8,"{'colsample_bytree': 0.8, 'learning_rate': 0.1, 'max_depth': -1, 'min_child_samples': 20, 'n_estimators': 500, 'num_leaves': 31, 'reg_alpha': 0.0, 'reg_lambda': 1.0, 'subsample': 0.8}",-0.012213551109559703,-0.011892071068018414,-0.013743336743224897,-0.01210436254346849,-0.01259088277132739,-0.012508840847119779,0.0006575583141400821,287
0.39748401641845704,0.027902107912439068,0.008239650726318359,0.000811030742619008,0.8,0.1,-1,20,500,31,0.5,0.0,0.8,"{'colsample_bytree': 0.8, 'learning_rate': 0.1, 'max_depth': -1, 'min_child_samples': 20, 'n_estimators': 500, 'num_leaves': 31, 'reg_alpha': 0.5, 'reg_lambda': 0.0, 'subsample': 0.8}",-0.011837183690620975,-0.011636815014586245,-0.012996113809686663,-0.012085544868473288,-0.012513296876678768,-0.012213790852009188,0.00048844941850605,213
0.3681586265563965,0.011080496215920542,0.007301521301269531,0.00028906246095996186,0.8,0.1,-1,20,500,31,0.5,0.5,0.8,"{'colsample_bytree': 0.8, 'learning_rate': 0.1, 'max_depth': -1, 'min_child_samples': 20, 'n_estimators': 500, 'num_leaves': 31, 'reg_alpha': 0.5, 'reg_lambda': 0.5, 'subsample': 0.8}",-0.011864216694821426,-0.011255907957016096,-0.012897395321016109,-0.011885245387681606,-0.012406242938277462,-0.012061801659762538,0.0005543524432669906,169
0.39003753662109375,0.015620827217358663,0.007623004913330078,0.00023803887649332588,0.8,0.1,-1,20,500,31,0.5,1.0,0.8,"{'colsample_bytree': 0.8, 'learning_rate': 0.1, 'max_depth': -1, 'min_child_samples': 20, 'n_estimators': 500, 'num_leaves': 31, 'reg_alpha': 0.5, 'reg_lambda': 1.0, 'subsample': 0.8}",-0.01181829220424944,-0.011678110971346375,-0.013095970036978126,-0.01182521872467727,-0.012687322211163561,-0.012220982829682954,0.0005650794373973831,217
0.22581710815429687,0.010959768286678408,0.00502619743347168,0.00012067358953576892,0.8,0.1,-1,20,500,31,1.0,0.0,0.8,"{'colsample_bytree': 0.8, 'learning_rate': 0.1, 'max_depth': -1, 'min_child_samples': 20, 'n_estimators': 500, 'num_leaves': 31, 'reg_alpha': 1.0, 'reg_lambda': 0.0, 'subsample': 0.8}",-0.011690163581726466,-0.011430675379315736,-0.01268614206431238,-0.011670770532770573,-0.01238215444082383,-0.011971981199789797,0.0004777926025237638,97
0.21794066429138184,0.008406485431465393,0.00509185791015625,0.00028811211373628535,0.8,0.1,-1,20,500,31,1.0,0.5,0.8,"{'colsample_bytree': 0.8, 'learning_rate': 0.1, 'max_depth': -1, 'min_child_samples': 20, 'n_estimators': 500, 'num_leaves': 31, 'reg_alpha': 1.0, 'reg_lambda': 0.5, 'subsample': 0.8}",-0.011847604807760025,-0.011342087746223894,-0.012648734494729473,-0.011769310538834593,-0.012348391918872624,-0.011991225901284121,0.00045850603169984,111
0.22808198928833007,0.011144222683365955,0.005135440826416015,0.00020942851927555092,0.8,0.1,-1,20,500,31,1.0,1.0,0.8,"{'colsample_bytree': 0.8, 'learning_rate': 0.1, 'max_depth': -1, 'min_child_samples': 20, 'n_estimators': 500, 'num_leaves': 31, 'reg_alpha': 1.0, 'reg_lambda': 1.0, 'subsample': 0.8}",-0.011797621221935976,-0.011347618437869534,-0.012635593066088312,-0.011861448711043143,-0.012291197338242214,-0.011986695755035836,0.0004412810335554069,105
0.6732510089874267,0.053455883892828536,0.016858816146850586,0.0016754976339731116,0.8,0.1,-1,20,500,50,0.0,0.0,0.8,"{'colsample_bytree': 0.8, 'learning_rate': 0.1, 'max_depth': -1, 'min_child_samples': 20, 'n_estimators': 500, 'num_leaves': 50, 'reg_alpha': 0.0, 'reg_lambda': 0.0, 'subsample': 0.8}",-0.012002156778533071,-0.011949046372629007,-0.01306510069590472,-0.012247385921701649,-0.012671259051774965,-0.012386989764108684,0.00042426961651151823,260
0.6744431495666504,0.03801044506049526,0.016895389556884764,0.0010399232862762088,0.8,0.1,-1,20,500,50,0.0,0.5,0.8,"{'colsample_bytree': 0.8, 'learning_rate': 0.1, 'max_depth': -1, 'min_child_samples': 20, 'n_estimators': 500, 'num_leaves': 50, 'reg_alpha': 0.0, 'reg_lambda': 0.5, 'subsample': 0.8}",-0.012237282172020997,-0.011784013910421557,-0.013329431469018969,-0.011872509916713573,-0.012748470660518796,-0.01239434162573878,0.0005778020963808683,264
0.6212989330291748,0.007670713981813317,0.016083192825317384,0.00036546951854749243,0.8,0.1,-1,20,500,50,0.0,1.0,0.8,"{'colsample_bytree': 0.8, 'learning_rate': 0.1, 'max_depth': -1, 'min_child_samples': 20, 'n_estimators': 500, 'num_leaves': 50, 'reg_alpha': 0.0, 'reg_lambda': 1.0, 'subsample': 0.8}",-0.011941534923016833,-0.011453721409093892,-0.013131534842412612,-0.01220882522617642,-0.012645298670078279,-0.012276183014155607,0.0005763406329341688,238
0.39853549003601074,0.03090243927238471,0.006931114196777344,0.0008703720077823138,0.8,0.1,-1,20,500,50,0.5,0.0,0.8,"{'colsample_bytree': 0.8, 'learning_rate': 0.1, 'max_depth': -1, 'min_child_samples': 20, 'n_estimators': 500, 'num_leaves': 50, 'reg_alpha': 0.5, 'reg_lambda': 0.0, 'subsample': 0.8}",-0.011743374048010168,-0.011589269314024648,-0.012881586209008958,-0.011577989402446549,-0.012457499827958712,-0.012049943760289807,0.0005266266154727657,159
0.3945037841796875,0.03182950860214186,0.0066855430603027345,0.0004846004663326805,0.8,0.1,-1,20,500,50,0.5,0.5,0.8,"{'colsample_bytree': 0.8, 'learning_rate': 0.1, 'max_depth': -1, 'min_child_samples': 20, 'n_estimators': 500, 'num_leaves': 50, 'reg_alpha': 0.5, 'reg_lambda': 0.5, 'subsample': 0.8}",-0.011456647237709559,-0.011508132464595864,-0.012973007548820255,-0.011562387867806282,-0.012315617266761112,-0.011963158477138613,0.0005946834006463521,89
0.41904759407043457,0.025756696222403626,0.007317638397216797,0.00042830262616100237,0.8,0.1,-1,20,500,50,0.5,1.0,0.8,"{'colsample_bytree': 0.8, 'learning_rate': 0.1, 'max_depth': -1, 'min_child_samples': 20, 'n_estimators': 500, 'num_leaves': 50, 'reg_alpha': 0.5, 'reg_lambda': 1.0, 'subsample': 0.8}",-0.011849330764265972,-0.011742988883305803,-0.013031569209536732,-0.011700661633113094,-0.012536024137593988,-0.012172114925563115,0.0005256802379262934,205
0.22944245338439942,0.007580376376570088,0.0045718193054199215,0.00018775026982404205,0.8,0.1,-1,20,500,50,1.0,0.0,0.8,"{'colsample_bytree': 0.8, 'learning_rate': 0.1, 'max_depth': -1, 'min_child_samples': 20, 'n_estimators': 500, 'num_leaves': 50, 'reg_alpha': 1.0, 'reg_lambda': 0.0, 'subsample': 0.8}",-0.011722183311475452,-0.011360124496710903,-0.012511604800355805,-0.01161741039223829,-0.012412443446675747,-0.01192475328949124,0.00045531007266266517,51
0.22764267921447753,0.01067346713692802,0.004761457443237305,0.0003295940036312482,0.8,0.1,-1,20,500,50,1.0,0.5,0.8,"{'colsample_bytree': 0.8, 'learning_rate': 0.1, 'max_depth': -1, 'min_child_samples': 20, 'n_estimators': 500, 'num_leaves': 50, 'reg_alpha': 1.0, 'reg_lambda': 0.5, 'subsample': 0.8}",-0.011522143109906279,-0.011324788544569133,-0.01250949888290654,-0.011738692012534208,-0.012260382755197067,-0.011871101061022644,0.0004465093929153391,5
0.265659236907959,0.040536263185540794,0.005526161193847657,0.0010080071989836958,0.8,0.1,-1,20,500,50,1.0,1.0,0.8,"{'colsample_bytree': 0.8, 'learning_rate': 0.1, 'max_depth': -1, 'min_child_samples': 20, 'n_estimators': 500, 'num_leaves': 50, 'reg_alpha': 1.0, 'reg_lambda': 1.0, 'subsample': 0.8}",-0.011702114366131604,-0.011514257172897837,-0.01261844812602889,-0.011535838298089669,-0.01247634391156553,-0.011969400374942707,0.0004785034904517696,93
1.2326937675476075,0.050297071394197375,0.028425312042236327,0.0008737678325150267,0.8,0.1,-1,20,500,100,0.0,0.0,0.8,"{'colsample_bytree': 0.8, 'learning_rate': 0.1, 'max_depth': -1, 'min_child_samples': 20, 'n_estimators': 500, 'num_leaves': 100, 'reg_alpha': 0.0, 'reg_lambda': 0.0, 'subsample': 0.8}",-0.012061578719050066,-0.011854584085153538,-0.01308042208387662,-0.01183661962562993,-0.013078882669896347,-0.012382417436721301,0.0005747547457565366,258
1.2269607543945313,0.04731886632014461,0.028908586502075194,0.00231792390989033,0.8,0.1,-1,20,500,100,0.0,0.5,0.8,"{'colsample_bytree': 0.8, 'learning_rate': 0.1, 'max_depth': -1, 'min_child_samples': 20, 'n_estimators': 500, 'num_leaves': 100, 'reg_alpha': 0.0, 'reg_lambda': 0.5, 'subsample': 0.8}",-0.01193073801501685,-0.011902907800920896,-0.013306736297735983,-0.01204088239133218,-0.01279985577229442,-0.012396224055460066,0.0005618286189353832,265
1.3542389392852783,0.12917953944003138,0.029155397415161134,0.0013234001127204907,0.8,0.1,-1,20,500,100,0.0,1.0,0.8,"{'colsample_bytree': 0.8, 'learning_rate': 0.1, 'max_depth': -1, 'min_child_samples': 20, 'n_estimators': 500, 'num_leaves': 100, 'reg_alpha': 0.0, 'reg_lambda': 1.0, 'subsample': 0.8}",-0.012037506913753746,-0.01154604664435073,-0.012913102762421478,-0.012094517421015397,-0.013067665030928056,-0.012331767754493881,0.0005726656998561629,249
0.4138640403747559,0.021960382394312264,0.006310653686523437,8.642644224446166e-05,0.8,0.1,-1,20,500,100,0.5,0.0,0.8,"{'colsample_bytree': 0.8, 'learning_rate': 0.1, 'max_depth': -1, 'min_child_samples': 20, 'n_estimators': 500, 'num_leaves': 100, 'reg_alpha': 0.5, 'reg_lambda': 0.0, 'subsample': 0.8}",-0.011650290581698142,-0.011473360735492802,-0.013003085527633304,-0.011597852200036538,-0.012401304988261022,-0.01202517880662436,0.0005874393335520848,143
0.40489726066589354,0.012000043612475135,0.006434011459350586,0.0003719880417883843,0.8,0.1,-1,20,500,100,0.5,0.5,0.8,"{'colsample_bytree': 0.8, 'learning_rate': 0.1, 'max_depth': -1, 'min_child_samples': 20, 'n_estimators': 500, 'num_leaves': 100, 'reg_alpha': 0.5, 'reg_lambda': 0.5, 'subsample': 0.8}",-0.011618918927772426,-0.01150547567335362,-0.012880979450358395,-0.01180873187166582,-0.012257048585591068,-0.012014230901748265,0.0005034971230616791,135
0.4191738605499268,0.0312670657021259,0.006485128402709961,0.00037055781035861326,0.8,0.1,-1,20,500,100,0.5,1.0,0.8,"{'colsample_bytree': 0.8, 'learning_rate': 0.1, 'max_depth': -1, 'min_child_samples': 20, 'n_estimators': 500, 'num_leaves': 100, 'reg_alpha': 0.5, 'reg_lambda': 1.0, 'subsample': 0.8}",-0.011587516840079564,-0.011160036861097096,-0.012841974210401829,-0.011672790905363712,-0.012426796272589014,-0.011937823017906243,0.0006090142801794534,71
0.2527425289154053,0.008538963918194262,0.005007648468017578,0.00030432181533065247,0.8,0.1,-1,20,500,100,1.0,0.0,0.8,"{'colsample_bytree': 0.8, 'learning_rate': 0.1, 'max_depth': -1, 'min_child_samples': 20, 'n_estimators': 500, 'num_leaves': 100, 'reg_alpha': 1.0, 'reg_lambda': 0.0, 'subsample': 0.8}",-0.01168794622195503,-0.01156096121184447,-0.012375492846275702,-0.011606726712396034,-0.012392862742742705,-0.011924797947042789,0.0003773210211569718,55
0.25907073020935056,0.01808118501322293,0.005118417739868164,0.00025463798063448165,0.8,0.1,-1,20,500,100,1.0,0.5,0.8,"{'colsample_bytree': 0.8, 'learning_rate': 0.1, 'max_depth': -1, 'min_child_samples': 20, 'n_estimators': 500, 'num_leaves': 100, 'reg_alpha': 1.0, 'reg_lambda': 0.5, 'subsample': 0.8}",-0.011766534115581253,-0.01129947924180751,-0.012430796118462251,-0.01147085046228029,-0.012338606837104547,-0.011861253355047171,0.0004537006972669862,1
0.2538300037384033,0.019678363571556258,0.005018091201782227,0.0003191998868569544,0.8,0.1,-1,20,500,100,1.0,1.0,0.8,"{'colsample_bytree': 0.8, 'learning_rate': 0.1, 'max_depth': -1, 'min_child_samples': 20, 'n_estimators': 500, 'num_leaves': 100, 'reg_alpha': 1.0, 'reg_lambda': 1.0, 'subsample': 0.8}",-0.011663647063169674,-0.01135683732664163,-0.012493334513345927,-0.011626034700411474,-0.012500445573310136,-0.011928059835375768,0.00047635897079521274,61
0.5970655918121338,0.037268429780190654,0.01756629943847656,0.0011092350801698311,0.8,0.1,-1,20,700,31,0.0,0.0,0.8,"{'colsample_bytree': 0.8, 'learning_rate': 0.1, 'max_depth': -1, 'min_child_samples': 20, 'n_estimators': 700, 'num_leaves': 31, 'reg_alpha': 0.0, 'reg_lambda': 0.0, 'subsample': 0.8}",-0.012407895382426051,-0.012138275393690865,-0.013388124618388871,-0.012289567653580817,-0.012654637993884126,-0.012575700208394148,0.0004399171201473577,301
0.581919527053833,0.005881090303916135,0.01862363815307617,0.0025949877937753328,0.8,0.1,-1,20,700,31,0.0,0.5,0.8,"{'colsample_bytree': 0.8, 'learning_rate': 0.1, 'max_depth': -1, 'min_child_samples': 20, 'n_estimators': 700, 'num_leaves': 31, 'reg_alpha': 0.0, 'reg_lambda': 0.5, 'subsample': 0.8}",-0.012049982460884982,-0.012116757629122647,-0.01340789519724838,-0.01229786615013756,-0.012856062620718848,-0.012545712811622483,0.000515917545143549,293
0.5923245906829834,0.012648720254983732,0.01786670684814453,0.0009926835837070166,0.8,0.1,-1,20,700,31,0.0,1.0,0.8,"{'colsample_bytree': 0.8, 'learning_rate': 0.1, 'max_depth': -1, 'min_child_samples': 20, 'n_estimators': 700, 'num_leaves': 31, 'reg_alpha': 0.0, 'reg_lambda': 1.0, 'subsample': 0.8}",-0.012292228759819746,-0.011959765083344662,-0.013804449475840686,-0.012190344472766427,-0.012636981672822721,-0.01257675389291885,0.0006514300902299962,302
0.39691648483276365,0.013652553199196367,0.007657670974731445,0.00019241254401367825,0.8,0.1,-1,20,700,31,0.5,0.0,0.8,"{'colsample_bytree': 0.8, 'learning_rate': 0.1, 'max_depth': -1, 'min_child_samples': 20, 'n_estimators': 700, 'num_leaves': 31, 'reg_alpha': 0.5, 'reg_lambda': 0.0, 'subsample': 0.8}",-0.011837183690620975,-0.011636815014586245,-0.012996113809686663,-0.012085544868473288,-0.012513296876678768,-0.012213790852009188,0.00048844941850605,213
0.44087996482849123,0.03207398582869975,0.008759069442749023,0.0009508617220438039,0.8,0.1,-1,20,700,31,0.5,0.5,0.8,"{'colsample_bytree': 0.8, 'learning_rate': 0.1, 'max_depth': -1, 'min_child_samples': 20, 'n_estimators': 700, 'num_leaves': 31, 'reg_alpha': 0.5, 'reg_lambda': 0.5, 'subsample': 0.8}",-0.011864216694821426,-0.011255907957016096,-0.012897395321016109,-0.011885245387681606,-0.012406242938277462,-0.012061801659762538,0.0005543524432669906,169
0.432620906829834,0.04043133981812901,0.012930583953857423,0.010155418796408746,0.8,0.1,-1,20,700,31,0.5,1.0,0.8,"{'colsample_bytree': 0.8, 'learning_rate': 0.1, 'max_depth': -1, 'min_child_samples': 20, 'n_estimators': 700, 'num_leaves': 31, 'reg_alpha': 0.5, 'reg_lambda': 1.0, 'subsample': 0.8}",-0.01181829220424944,-0.011678110971346375,-0.013095970036978126,-0.01182521872467727,-0.012687322211163561,-0.012220982829682954,0.0005650794373973831,217
0.2405407428741455,0.014244050461914784,0.005369949340820313,0.0008150699801245886,0.8,0.1,-1,20,700,31,1.0,0.0,0.8,"{'colsample_bytree': 0.8, 'learning_rate': 0.1, 'max_depth': -1, 'min_child_samples': 20, 'n_estimators': 700, 'num_leaves': 31, 'reg_alpha': 1.0, 'reg_lambda': 0.0, 'subsample': 0.8}",-0.011690163581726466,-0.011430675379315736,-0.01268614206431238,-0.011670770532770573,-0.01238215444082383,-0.011971981199789797,0.0004777926025237638,97
0.23039669990539552,0.014335463951528217,0.0049954414367675785,0.00019864761306687343,0.8,0.1,-1,20,700,31,1.0,0.5,0.8,"{'colsample_bytree': 0.8, 'learning_rate': 0.1, 'max_depth': -1, 'min_child_samples': 20, 'n_estimators': 700, 'num_leaves': 31, 'reg_alpha': 1.0, 'reg_lambda': 0.5, 'subsample': 0.8}",-0.011847604807760025,-0.011342087746223894,-0.012648734494729473,-0.011769310538834593,-0.012348391918872624,-0.011991225901284121,0.00045850603169984,111
0.23847641944885253,0.015952944598755896,0.005162954330444336,0.00039553083228448347,0.8,0.1,-1,20,700,31,1.0,1.0,0.8,"{'colsample_bytree': 0.8, 'learning_rate': 0.1, 'max_depth': -1, 'min_child_samples': 20, 'n_estimators': 700, 'num_leaves': 31, 'reg_alpha': 1.0, 'reg_lambda': 1.0, 'subsample': 0.8}",-0.011797621221935976,-0.011347618437869534,-0.012635593066088312,-0.011861448711043143,-0.012291197338242214,-0.011986695755035836,0.0004412810335554069,105
0.8627166271209716,0.011501619897115636,0.02506146430969238,0.0003605140760495268,0.8,0.1,-1,20,700,50,0.0,0.0,0.8,"{'colsample_bytree': 0.8, 'learning_rate': 0.1, 'max_depth': -1, 'min_child_samples': 20, 'n_estimators': 700, 'num_leaves': 50, 'reg_alpha': 0.0, 'reg_lambda': 0.0, 'subsample': 0.8}",-0.012010346930506455,-0.01196303097494681,-0.013073540790344536,-0.012265008743478096,-0.012696093232357469,-0.012401604134326675,0.00042480810138936515,268
0.8671878814697266,0.019529138051691,0.026266193389892577,0.00238509080208787,0.8,0.1,-1,20,700,50,0.0,0.5,0.8,"{'colsample_bytree': 0.8, 'learning_rate': 0.1, 'max_depth': -1, 'min_child_samples': 20, 'n_estimators': 700, 'num_leaves': 50, 'reg_alpha': 0.0, 'reg_lambda': 0.5, 'subsample': 0.8}",-0.0122535848392425,-0.011799753070218005,-0.013351106041682693,-0.011905443253370453,-0.012760938430392998,-0.01241416512698133,0.0005762284530630286,273
0.9177812099456787,0.028445296902897533,0.025954246520996094,0.0018634863678117736,0.8,0.1,-1,20,700,50,0.0,1.0,0.8,"{'colsample_bytree': 0.8, 'learning_rate': 0.1, 'max_depth': -1, 'min_child_samples': 20, 'n_estimators': 700, 'num_leaves': 50, 'reg_alpha': 0.0, 'reg_lambda': 1.0, 'subsample': 0.8}",-0.01195244166183229,-0.01146659031661691,-0.0131535303352766,-0.012222307886479197,-0.012680097127040796,-0.012294993465449159,0.0005821111741877044,243
0.42250375747680663,0.0375937494609959,0.007459068298339843,0.0006717720504132008,0.8,0.1,-1,20,700,50,0.5,0.0,0.8,"{'colsample_bytree': 0.8, 'learning_rate': 0.1, 'max_depth': -1, 'min_child_samples': 20, 'n_estimators': 700, 'num_leaves': 50, 'reg_alpha': 0.5, 'reg_lambda': 0.0, 'subsample': 0.8}",-0.011743374048010168,-0.011589269314024648,-0.012881586209008958,-0.011577989402446549,-0.012457499827958712,-0.012049943760289807,0.0005266266154727657,159
0.38867745399475095,0.01757818418454453,0.006877231597900391,0.0006332059105772804,0.8,0.1,-1,20,700,50,0.5,0.5,0.8,"{'colsample_bytree': 0.8, 'learning_rate': 0.1, 'max_depth': -1, 'min_child_samples': 20, 'n_estimators': 700, 'num_leaves': 50, 'reg_alpha': 0.5, 'reg_lambda': 0.5, 'subsample': 0.8}",-0.011456647237709559,-0.011508132464595864,-0.012973007548820255,-0.011562387867806282,-0.012315617266761112,-0.011963158477138613,0.0005946834006463521,89
0.43868179321289064,0.0779821609344843,0.006860017776489258,0.0003203192429543337,0.8,0.1,-1,20,700,50,0.5,1.0,0.8,"{'colsample_bytree': 0.8, 'learning_rate': 0.1, 'max_depth': -1, 'min_child_samples': 20, 'n_estimators': 700, 'num_leaves': 50, 'reg_alpha': 0.5, 'reg_lambda': 1.0, 'subsample': 0.8}",-0.011849330764265972,-0.011742988883305803,-0.013031569209536732,-0.011700661633113094,-0.012536024137593988,-0.012172114925563115,0.0005256802379262934,205
0.2573479175567627,0.017743004284698494,0.005033540725708008,0.0003217069944048602,0.8,0.1,-1,20,700,50,1.0,0.0,0.8,"{'colsample_bytree': 0.8, 'learning_rate': 0.1, 'max_depth': -1, 'min_child_samples': 20, 'n_estimators': 700, 'num_leaves': 50, 'reg_alpha': 1.0, 'reg_lambda': 0.0, 'subsample': 0.8}",-0.011722183311475452,-0.011360124496710903,-0.012511604800355805,-0.01161741039223829,-0.012412443446675747,-0.01192475328949124,0.00045531007266266517,51
0.24382052421569825,0.008266219382966131,0.004645442962646485,0.0002062535743307425,0.8,0.1,-1,20,700,50,1.0,0.5,0.8,"{'colsample_bytree': 0.8, 'learning_rate': 0.1, 'max_depth': -1, 'min_child_samples': 20, 'n_estimators': 700, 'num_leaves': 50, 'reg_alpha': 1.0, 'reg_lambda': 0.5, 'subsample': 0.8}",-0.011522143109906279,-0.011324788544569133,-0.01250949888290654,-0.011738692012534208,-0.012260382755197067,-0.011871101061022644,0.0004465093929153391,5
0.24983615875244142,0.016466051802725822,0.004804801940917969,0.0004771924459546298,0.8,0.1,-1,20,700,50,1.0,1.0,0.8,"{'colsample_bytree': 0.8, 'learning_rate': 0.1, 'max_depth': -1, 'min_child_samples': 20, 'n_estimators': 700, 'num_leaves': 50, 'reg_alpha': 1.0, 'reg_lambda': 1.0, 'subsample': 0.8}",-0.011702114366131604,-0.011514257172897837,-0.01261844812602889,-0.011535838298089669,-0.01247634391156553,-0.011969400374942707,0.0004785034904517696,93
1.7291902542114257,0.08206628096829713,0.04195423126220703,0.0032269929277080993,0.8,0.1,-1,20,700,100,0.0,0.0,0.8,"{'colsample_bytree': 0.8, 'learning_rate': 0.1, 'max_depth': -1, 'min_child_samples': 20, 'n_estimators': 700, 'num_leaves': 100, 'reg_alpha': 0.0, 'reg_lambda': 0.0, 'subsample': 0.8}",-0.012061165778217229,-0.011857494192914951,-0.013080302712862778,-0.011839765618882234,-0.013081921674757154,-0.012384129995526868,0.0005743785178400589,259
1.8938681602478027,0.13280572792491294,0.04323587417602539,0.003262097923252484,0.8,0.1,-1,20,700,100,0.0,0.5,0.8,"{'colsample_bytree': 0.8, 'learning_rate': 0.1, 'max_depth': -1, 'min_child_samples': 20, 'n_estimators': 700, 'num_leaves': 100, 'reg_alpha': 0.0, 'reg_lambda': 0.5, 'subsample': 0.8}",-0.011927630944791504,-0.011905093270815221,-0.013308256616664781,-0.012040989917608158,-0.012801213357954675,-0.012396636821566867,0.0005626364935978996,266
1.7196031570434571,0.04916574638559167,0.04141149520874023,0.0031631697556086464,0.8,0.1,-1,20,700,100,0.0,1.0,0.8,"{'colsample_bytree': 0.8, 'learning_rate': 0.1, 'max_depth': -1, 'min_child_samples': 20, 'n_estimators': 700, 'num_leaves': 100, 'reg_alpha': 0.0, 'reg_lambda': 1.0, 'subsample': 0.8}",-0.012036934496296232,-0.011546692751087606,-0.0129158186938805,-0.012095369303441884,-0.01307004927310408,-0.01233297290356206,0.0005736412602613202,250
0.4841757297515869,0.05489565201823688,0.006956624984741211,0.0008105632170778759,0.8,0.1,-1,20,700,100,0.5,0.0,0.8,"{'colsample_bytree': 0.8, 'learning_rate': 0.1, 'max_depth': -1, 'min_child_samples': 20, 'n_estimators': 700, 'num_leaves': 100, 'reg_alpha': 0.5, 'reg_lambda': 0.0, 'subsample': 0.8}",-0.011650290581698142,-0.011473360735492802,-0.013003085527633304,-0.011597852200036538,-0.012401304988261022,-0.01202517880662436,0.0005874393335520848,143
0.4523777961730957,0.04121833616568021,0.0071947574615478516,0.0007335568521412002,0.8,0.1,-1,20,700,100,0.5,0.5,0.8,"{'colsample_bytree': 0.8, 'learning_rate': 0.1, 'max_depth': -1, 'min_child_samples': 20, 'n_estimators': 700, 'num_leaves': 100, 'reg_alpha': 0.5, 'reg_lambda': 0.5, 'subsample': 0.8}",-0.011618918927772426,-0.01150547567335362,-0.012880979450358395,-0.01180873187166582,-0.012257048585591068,-0.012014230901748265,0.0005034971230616791,135
0.45529742240905763,0.032924638903299976,0.0070819854736328125,0.0003649517666697775,0.8,0.1,-1,20,700,100,0.5,1.0,0.8,"{'colsample_bytree': 0.8, 'learning_rate': 0.1, 'max_depth': -1, 'min_child_samples': 20, 'n_estimators': 700, 'num_leaves': 100, 'reg_alpha': 0.5, 'reg_lambda': 1.0, 'subsample': 0.8}",-0.011587516840079564,-0.011160036861097096,-0.012841974210401829,-0.011672790905363712,-0.012426796272589014,-0.011937823017906243,0.0006090142801794534,71
0.2608800888061523,0.012747161043067,0.004865264892578125,0.00011427585300692169,0.8,0.1,-1,20,700,100,1.0,0.0,0.8,"{'colsample_bytree': 0.8, 'learning_rate': 0.1, 'max_depth': -1, 'min_child_samples': 20, 'n_estimators': 700, 'num_leaves': 100, 'reg_alpha': 1.0, 'reg_lambda': 0.0, 'subsample': 0.8}",-0.01168794622195503,-0.01156096121184447,-0.012375492846275702,-0.011606726712396034,-0.012392862742742705,-0.011924797947042789,0.0003773210211569718,55
0.2714439868927002,0.019061911097666712,0.005225467681884766,0.0004311530470234826,0.8,0.1,-1,20,700,100,1.0,0.5,0.8,"{'colsample_bytree': 0.8, 'learning_rate': 0.1, 'max_depth': -1, 'min_child_samples': 20, 'n_estimators': 700, 'num_leaves': 100, 'reg_alpha': 1.0, 'reg_lambda': 0.5, 'subsample': 0.8}",-0.011766534115581253,-0.01129947924180751,-0.012430796118462251,-0.01147085046228029,-0.012338606837104547,-0.011861253355047171,0.0004537006972669862,1
0.27743067741394045,0.025475365426982574,0.005379152297973633,0.0005901205245418154,0.8,0.1,-1,20,700,100,1.0,1.0,0.8,"{'colsample_bytree': 0.8, 'learning_rate': 0.1, 'max_depth': -1, 'min_child_samples': 20, 'n_estimators': 700, 'num_leaves': 100, 'reg_alpha': 1.0, 'reg_lambda': 1.0, 'subsample': 0.8}",-0.011663647063169674,-0.01135683732664163,-0.012493334513345927,-0.011626034700411474,-0.012500445573310136,-0.011928059835375768,0.00047635897079521274,61
0.420070743560791,0.007610743414420623,0.011500883102416991,0.00019415450657539433,0.8,0.1,-1,30,500,31,0.0,0.0,0.8,"{'colsample_bytree': 0.8, 'learning_rate': 0.1, 'max_depth': -1, 'min_child_samples': 30, 'n_estimators': 500, 'num_leaves': 31, 'reg_alpha': 0.0, 'reg_lambda': 0.0, 'subsample': 0.8}",-0.012080025151900573,-0.012208963374841944,-0.013283162283195954,-0.01235269452069933,-0.012735102311038108,-0.01253198952833518,0.00043503556252613414,292
0.4346319675445557,0.011233810822684319,0.011317014694213867,0.00032246903869882407,0.8,0.1,-1,30,500,31,0.0,0.5,0.8,"{'colsample_bytree': 0.8, 'learning_rate': 0.1, 'max_depth': -1, 'min_child_samples': 30, 'n_estimators': 500, 'num_leaves': 31, 'reg_alpha': 0.0, 'reg_lambda': 0.5, 'subsample': 0.8}",-0.01246630903847955,-0.012125931700773295,-0.013084175521589208,-0.01224186656883578,-0.012881507919103488,-0.012559958149756264,0.0003678394963597219,297
0.4259298324584961,0.006584291270140508,0.011330842971801758,0.00021307109729649948,0.8,0.1,-1,30,500,31,0.0,1.0,0.8,"{'colsample_bytree': 0.8, 'learning_rate': 0.1, 'max_depth': -1, 'min_child_samples': 30, 'n_estimators': 500, 'num_leaves': 31, 'reg_alpha': 0.0, 'reg_lambda': 1.0, 'subsample': 0.8}",-0.012317835079599342,-0.012084510024179772,-0.0134746607686777,-0.012520952228454368,-0.012600526066566637,-0.012599696833495566,0.00047257312346819525,305
0.3805027961730957,0.026058930616243457,0.008393669128417968,0.0007817973822566339,0.8,0.1,-1,30,500,31,0.5,0.0,0.8,"{'colsample_bytree': 0.8, 'learning_rate': 0.1, 'max_depth': -1, 'min_child_samples': 30, 'n_estimators': 500, 'num_leaves': 31, 'reg_alpha': 0.5, 'reg_lambda': 0.0, 'subsample': 0.8}",-0.012044562902256544,-0.011758025428732248,-0.013075255134343988,-0.012069365420512238,-0.012382400817902543,-0.01226592194074951,0.00045037333481596906,231
0.3996995449066162,0.026534421717585237,0.007850074768066406,0.0005716042866513544,0.8,0.1,-1,30,500,31,0.5,0.5,0.8,"{'colsample_bytree': 0.8, 'learning_rate': 0.1, 'max_depth': -1, 'min_child_samples': 30, 'n_estimators': 500, 'num_leaves': 31, 'reg_alpha': 0.5, 'reg_lambda': 0.5, 'subsample': 0.8}",-0.012037288519702068,-0.01164165427524111,-0.013013070197655177,-0.01159531901656874,-0.012336483432402347,-0.012124763088313888,0.0005206288457501574,191
0.4004256248474121,0.01572742363415892,0.008163166046142579,0.0006381781669337988,0.8,0.1,-1,30,500,31,0.5,1.0,0.8,"{'colsample_bytree': 0.8, 'learning_rate': 0.1, 'max_depth': -1, 'min_child_samples': 30, 'n_estimators': 500, 'num_leaves': 31, 'reg_alpha': 0.5, 'reg_lambda': 1.0, 'subsample': 0.8}",-0.01180170889168184,-0.011801774998098728,-0.013138287857511272,-0.011938834612171066,-0.012555172733156253,-0.012247155818523833,0.000525516838309093,225
0.23688406944274903,0.014485916650707783,0.005416345596313476,0.0003479050896875188,0.8,0.1,-1,30,500,31,1.0,0.0,0.8,"{'colsample_bytree': 0.8, 'learning_rate': 0.1, 'max_depth': -1, 'min_child_samples': 30, 'n_estimators': 500, 'num_leaves': 31, 'reg_alpha': 1.0, 'reg_lambda': 0.0, 'subsample': 0.8}",-0.011754934671945839,-0.011396361959457849,-0.0126118876388109,-0.011646965832243623,-0.012211559201614557,-0.011924341860814553,0.0004335001801152208,43
0.228621768951416,0.02007065361129329,0.005797815322875976,0.0009329602063937305,0.8,0.1,-1,30,500,31,1.0,0.5,0.8,"{'colsample_bytree': 0.8, 'learning_rate': 0.1, 'max_depth': -1, 'min_child_samples': 30, 'n_estimators': 500, 'num_leaves': 31, 'reg_alpha': 1.0, 'reg_lambda': 0.5, 'subsample': 0.8}",-0.0116904739529583,-0.0114712896977421,-0.012578499612298006,-0.011915376949002932,-0.012308763463336812,-0.01199288073506763,0.0004030496932949466,119
0.23489952087402344,0.039780473840024796,0.005414199829101562,0.0005296753085400528,0.8,0.1,-1,30,500,31,1.0,1.0,0.8,"{'colsample_bytree': 0.8, 'learning_rate': 0.1, 'max_depth': -1, 'min_child_samples': 30, 'n_estimators': 500, 'num_leaves': 31, 'reg_alpha': 1.0, 'reg_lambda': 1.0, 'subsample': 0.8}",-0.011765792442146024,-0.011263662513009028,-0.012654196406490768,-0.011774224828378798,-0.01250108589950319,-0.011991792417905562,0.000515120121515721,115
0.6444868564605712,0.030703563910269568,0.017894506454467773,0.0003600469471272668,0.8,0.1,-1,30,500,50,0.0,0.0,0.8,"{'colsample_bytree': 0.8, 'learning_rate': 0.1, 'max_depth': -1, 'min_child_samples': 30, 'n_estimators': 500, 'num_leaves': 50, 'reg_alpha': 0.0, 'reg_lambda': 0.0, 'subsample': 0.8}",-0.012521528678541997,-0.012298143165238022,-0.013199522318204072,-0.012183502948107735,-0.012965156709389533,-0.012633570763896273,0.0003893267375130853,311
0.6599477767944336,0.019892642582764238,0.01951603889465332,0.0018148007503407185,0.8,0.1,-1,30,500,50,0.0,0.5,0.8,"{'colsample_bytree': 0.8, 'learning_rate': 0.1, 'max_depth': -1, 'min_child_samples': 30, 'n_estimators': 500, 'num_leaves': 50, 'reg_alpha': 0.0, 'reg_lambda': 0.5, 'subsample': 0.8}",-0.012415899223666576,-0.012068249555941409,-0.01353664464341067,-0.012333850166447167,-0.012715660634118196,-0.012614060844716803,0.0005054066477693095,308
0.7230401515960694,0.11549843384027766,0.01948723793029785,0.0008729738204508421,0.8,0.1,-1,30,500,50,0.0,1.0,0.8,"{'colsample_bytree': 0.8, 'learning_rate': 0.1, 'max_depth': -1, 'min_child_samples': 30, 'n_estimators': 500, 'num_leaves': 50, 'reg_alpha': 0.0, 'reg_lambda': 1.0, 'subsample': 0.8}",-0.01246133004410818,-0.011838739548554475,-0.013276516258398654,-0.012646043005188975,-0.012838841657954344,-0.012612294102840926,0.00047219289502441533,307
0.3771042823791504,0.034350380797833126,0.007287740707397461,0.00044528773640819646,0.8,0.1,-1,30,500,50,0.5,0.0,0.8,"{'colsample_bytree': 0.8, 'learning_rate': 0.1, 'max_depth': -1, 'min_child_samples': 30, 'n_estimators': 500, 'num_leaves': 50, 'reg_alpha': 0.5, 'reg_lambda': 0.0, 'subsample': 0.8}",-0.011727174062692178,-0.011865246845341775,-0.012885853090309138,-0.011788788146860954,-0.012274374029831397,-0.012108287235007089,0.0004332641298777071,185
0.3819406986236572,0.01573360600768021,0.006926584243774414,0.0001966017240268926,0.8,0.1,-1,30,500,50,0.5,0.5,0.8,"{'colsample_bytree': 0.8, 'learning_rate': 0.1, 'max_depth': -1, 'min_child_samples': 30, 'n_estimators': 500, 'num_leaves': 50, 'reg_alpha': 0.5, 'reg_lambda': 0.5, 'subsample': 0.8}",-0.011265567634366253,-0.011756156143572696,-0.01284168084272462,-0.011581835387018378,-0.012357184823299646,-0.01196048496619632,0.0005660234657822037,85
0.3981046199798584,0.019669870822429145,0.007964086532592774,0.0007743027132814514,0.8,0.1,-1,30,500,50,0.5,1.0,0.8,"{'colsample_bytree': 0.8, 'learning_rate': 0.1, 'max_depth': -1, 'min_child_samples': 30, 'n_estimators': 500, 'num_leaves': 50, 'reg_alpha': 0.5, 'reg_lambda': 1.0, 'subsample': 0.8}",-0.011628182092643222,-0.01167266703856415,-0.012886734733262318,-0.01174978619424255,-0.012475464901421299,-0.012082566992026707,0.0005072043357978776,179
0.23887338638305664,0.013086260252460699,0.00522303581237793,0.00034251624984739154,0.8,0.1,-1,30,500,50,1.0,0.0,0.8,"{'colsample_bytree': 0.8, 'learning_rate': 0.1, 'max_depth': -1, 'min_child_samples': 30, 'n_estimators': 500, 'num_leaves': 50, 'reg_alpha': 1.0, 'reg_lambda': 0.0, 'subsample': 0.8}",-0.011722355919365813,-0.011302794234758018,-0.01268668989841997,-0.011559249221430404,-0.012316969858729106,-0.011917611826540662,0.0005090220458315167,33
0.22934207916259766,0.012017928602610676,0.005002021789550781,0.00010347553110854086,0.8,0.1,-1,30,500,50,1.0,0.5,0.8,"{'colsample_bytree': 0.8, 'learning_rate': 0.1, 'max_depth': -1, 'min_child_samples': 30, 'n_estimators': 500, 'num_leaves': 50, 'reg_alpha': 1.0, 'reg_lambda': 0.5, 'subsample': 0.8}",-0.011764160363581973,-0.011484891709739724,-0.01251641385593766,-0.011888037879023906,-0.012331610877335402,-0.011997022937123732,0.0003768546487410838,127
0.22910594940185547,0.004892299042550129,0.005074691772460937,0.00021416510202486883,0.8,0.1,-1,30,500,50,1.0,1.0,0.8,"{'colsample_bytree': 0.8, 'learning_rate': 0.1, 'max_depth': -1, 'min_child_samples': 30, 'n_estimators': 500, 'num_leaves': 50, 'reg_alpha': 1.0, 'reg_lambda': 1.0, 'subsample': 0.8}",-0.011757094911622051,-0.011250981378488055,-0.012657478923257297,-0.011690704886609718,-0.012198626082056439,-0.011910977236406712,0.0004791243757753082,29
1.0006453037261962,0.03961739466916199,0.024222087860107423,0.0009837484492756466,0.8,0.1,-1,30,500,100,0.0,0.0,0.8,"{'colsample_bytree': 0.8, 'learning_rate': 0.1, 'max_depth': -1, 'min_child_samples': 30, 'n_estimators': 500, 'num_leaves': 100, 'reg_alpha': 0.0, 'reg_lambda': 0.0, 'subsample': 0.8}",-0.012096280235225286,-0.011923348878545579,-0.013456354433542353,-0.012275975764210117,-0.01303846437463996,-0.012558084737232657,0.0005887939409303082,295
0.9781265258789062,0.013628505030444714,0.023933029174804686,0.00018059980592468458,0.8,0.1,-1,30,500,100,0.0,0.5,0.8,"{'colsample_bytree': 0.8, 'learning_rate': 0.1, 'max_depth': -1, 'min_child_samples': 30, 'n_estimators': 500, 'num_leaves': 100, 'reg_alpha': 0.0, 'reg_lambda': 0.5, 'subsample': 0.8}",-0.012053570847927365,-0.01170349736532427,-0.01342229857061837,-0.012094731339724349,-0.012666990377479228,-0.012388217700214716,0.0006023291705830294,261
1.04290771484375,0.07430168594935456,0.0249605655670166,0.002002332011364887,0.8,0.1,-1,30,500,100,0.0,1.0,0.8,"{'colsample_bytree': 0.8, 'learning_rate': 0.1, 'max_depth': -1, 'min_child_samples': 30, 'n_estimators': 500, 'num_leaves': 100, 'reg_alpha': 0.0, 'reg_lambda': 1.0, 'subsample': 0.8}",-0.011792727790313632,-0.011773178851275753,-0.013254384911449915,-0.012067438381622797,-0.012945614443888307,-0.012366668875710082,0.0006155315423637831,254
0.41805315017700195,0.030759458174460016,0.008414268493652344,0.0023118852270504805,0.8,0.1,-1,30,500,100,0.5,0.0,0.8,"{'colsample_bytree': 0.8, 'learning_rate': 0.1, 'max_depth': -1, 'min_child_samples': 30, 'n_estimators': 500, 'num_leaves': 100, 'reg_alpha': 0.5, 'reg_lambda': 0.0, 'subsample': 0.8}",-0.011800041664458959,-0.01181815551735305,-0.01293735375108764,-0.011604476834675189,-0.012570795862519217,-0.012146164726018812,0.0005151909668882782,199
0.4381275653839111,0.039659763527229684,0.0073944091796875,0.00043675245050237016,0.8,0.1,-1,30,500,100,0.5,0.5,0.8,"{'colsample_bytree': 0.8, 'learning_rate': 0.1, 'max_depth': -1, 'min_child_samples': 30, 'n_estimators': 500, 'num_leaves': 100, 'reg_alpha': 0.5, 'reg_lambda': 0.5, 'subsample': 0.8}",-0.011771913901437349,-0.011466214251822687,-0.01288624174717406,-0.011655487557402385,-0.01246916557162912,-0.01204980460589312,0.0005382894371274036,157
0.3855501651763916,0.01650272552026342,0.006853342056274414,0.00021200852505705135,0.8,0.1,-1,30,500,100,0.5,1.0,0.8,"{'colsample_bytree': 0.8, 'learning_rate': 0.1, 'max_depth': -1, 'min_child_samples': 30, 'n_estimators': 500, 'num_leaves': 100, 'reg_alpha': 0.5, 'reg_lambda': 1.0, 'subsample': 0.8}",-0.011507384280531305,-0.011668524739754419,-0.012854772619875304,-0.011756656260031237,-0.012595689303472744,-0.012076605440733001,0.0005418306527348499,177
0.23672261238098144,0.013748654227213995,0.0050675392150878905,0.0002930182921720811,0.8,0.1,-1,30,500,100,1.0,0.0,0.8,"{'colsample_bytree': 0.8, 'learning_rate': 0.1, 'max_depth': -1, 'min_child_samples': 30, 'n_estimators': 500, 'num_leaves': 100, 'reg_alpha': 1.0, 'reg_lambda': 0.0, 'subsample': 0.8}",-0.01189777283313105,-0.01138289492509397,-0.01253190745082378,-0.011560721899178675,-0.012263467593635492,-0.011927352940372593,0.00042665842304058814,57
0.25050959587097166,0.0210033637488313,0.005476951599121094,0.0006304808813758496,0.8,0.1,-1,30,500,100,1.0,0.5,0.8,"{'colsample_bytree': 0.8, 'learning_rate': 0.1, 'max_depth': -1, 'min_child_samples': 30, 'n_estimators': 500, 'num_leaves': 100, 'reg_alpha': 1.0, 'reg_lambda': 0.5, 'subsample': 0.8}",-0.011680997394830809,-0.011359950434967464,-0.012617475437750382,-0.01161337935555495,-0.01216715286547475,-0.011887791097715669,0.0004488125306665024,13
0.24813232421875,0.009105656009876825,0.005362462997436523,0.0003047610385288722,0.8,0.1,-1,30,500,100,1.0,1.0,0.8,"{'colsample_bytree': 0.8, 'learning_rate': 0.1, 'max_depth': -1, 'min_child_samples': 30, 'n_estimators': 500, 'num_leaves': 100, 'reg_alpha': 1.0, 'reg_lambda': 1.0, 'subsample': 0.8}",-0.011816386467575634,-0.01143438837547041,-0.012494700150109292,-0.011549394590010245,-0.012213642723761246,-0.011901702461385366,0.00039968364891503706,17
0.6169925689697265,0.044170341636537755,0.019997310638427735,0.0013151188826874256,0.8,0.1,-1,30,700,31,0.0,0.0,0.8,"{'colsample_bytree': 0.8, 'learning_rate': 0.1, 'max_depth': -1, 'min_child_samples': 30, 'n_estimators': 700, 'num_leaves': 31, 'reg_alpha': 0.0, 'reg_lambda': 0.0, 'subsample': 0.8}",-0.012214447492216039,-0.012301484212731511,-0.013373419687657599,-0.012434066368339332,-0.01281237488266995,-0.012627158528722884,0.00042541498733745126,310
0.6060661315917969,0.02880382877380841,0.020284271240234374,0.001762233077932188,0.8,0.1,-1,30,700,31,0.0,0.5,0.8,"{'colsample_bytree': 0.8, 'learning_rate': 0.1, 'max_depth': -1, 'min_child_samples': 30, 'n_estimators': 700, 'num_leaves': 31, 'reg_alpha': 0.0, 'reg_lambda': 0.5, 'subsample': 0.8}",-0.012580590397879877,-0.012222652826118712,-0.013251847140013638,-0.012347643669599385,-0.012988099510438634,-0.012678166708810052,0.00038766663304948306,319
0.625612449645996,0.046568326808967594,0.01929755210876465,0.0005804013900169827,0.8,0.1,-1,30,700,31,0.0,1.0,0.8,"{'colsample_bytree': 0.8, 'learning_rate': 0.1, 'max_depth': -1, 'min_child_samples': 30, 'n_estimators': 700, 'num_leaves': 31, 'reg_alpha': 0.0, 'reg_lambda': 1.0, 'subsample': 0.8}",-0.012429685345621076,-0.012239005106957865,-0.013582948610715705,-0.012617139927103655,-0.012701318782643717,-0.012714019554608403,0.0004628324414426193,321
0.37465853691101075,0.013726465934663682,0.008124685287475586,0.0006585649866898719,0.8,0.1,-1,30,700,31,0.5,0.0,0.8,"{'colsample_bytree': 0.8, 'learning_rate': 0.1, 'max_depth': -1, 'min_child_samples': 30, 'n_estimators': 700, 'num_leaves': 31, 'reg_alpha': 0.5, 'reg_lambda': 0.0, 'subsample': 0.8}",-0.012044562902256544,-0.011758025428732248,-0.013075255134343988,-0.012069365420512238,-0.012382400817902543,-0.01226592194074951,0.00045037333481596906,231
0.38774814605712893,0.01028737481252876,0.008201837539672852,0.0003236949263270168,0.8,0.1,-1,30,700,31,0.5,0.5,0.8,"{'colsample_bytree': 0.8, 'learning_rate': 0.1, 'max_depth': -1, 'min_child_samples': 30, 'n_estimators': 700, 'num_leaves': 31, 'reg_alpha': 0.5, 'reg_lambda': 0.5, 'subsample': 0.8}",-0.012037288519702068,-0.01164165427524111,-0.013013070197655177,-0.01159531901656874,-0.012336483432402347,-0.012124763088313888,0.0005206288457501574,191
0.4048635482788086,0.028547912942869992,0.008036231994628907,0.000650283404813216,0.8,0.1,-1,30,700,31,0.5,1.0,0.8,"{'colsample_bytree': 0.8, 'learning_rate': 0.1, 'max_depth': -1, 'min_child_samples': 30, 'n_estimators': 700, 'num_leaves': 31, 'reg_alpha': 0.5, 'reg_lambda': 1.0, 'subsample': 0.8}",-0.01180170889168184,-0.011801774998098728,-0.013138287857511272,-0.011938834612171066,-0.012555172733156253,-0.012247155818523833,0.000525516838309093,225
0.22999925613403321,0.011798468898654787,0.005289840698242188,0.00038853970334786923,0.8,0.1,-1,30,700,31,1.0,0.0,0.8,"{'colsample_bytree': 0.8, 'learning_rate': 0.1, 'max_depth': -1, 'min_child_samples': 30, 'n_estimators': 700, 'num_leaves': 31, 'reg_alpha': 1.0, 'reg_lambda': 0.0, 'subsample': 0.8}",-0.011754934671945839,-0.011396361959457849,-0.0126118876388109,-0.011646965832243623,-0.012211559201614557,-0.011924341860814553,0.0004335001801152208,43
0.22996697425842286,0.009425124709710398,0.005093097686767578,0.00018300057178155171,0.8,0.1,-1,30,700,31,1.0,0.5,0.8,"{'colsample_bytree': 0.8, 'learning_rate': 0.1, 'max_depth': -1, 'min_child_samples': 30, 'n_estimators': 700, 'num_leaves': 31, 'reg_alpha': 1.0, 'reg_lambda': 0.5, 'subsample': 0.8}",-0.0116904739529583,-0.0114712896977421,-0.012578499612298006,-0.011915376949002932,-0.012308763463336812,-0.01199288073506763,0.0004030496932949466,119
0.24449901580810546,0.012009300522296052,0.005665779113769531,6.228522818784905e-05,0.8,0.1,-1,30,700,31,1.0,1.0,0.8,"{'colsample_bytree': 0.8, 'learning_rate': 0.1, 'max_depth': -1, 'min_child_samples': 30, 'n_estimators': 700, 'num_leaves': 31, 'reg_alpha': 1.0, 'reg_lambda': 1.0, 'subsample': 0.8}",-0.011765792442146024,-0.011263662513009028,-0.012654196406490768,-0.011774224828378798,-0.01250108589950319,-0.011991792417905562,0.000515120121515721,115
0.9189436435699463,0.06534656180966229,0.02918410301208496,0.001699076697940389,0.8,0.1,-1,30,700,50,0.0,0.0,0.8,"{'colsample_bytree': 0.8, 'learning_rate': 0.1, 'max_depth': -1, 'min_child_samples': 30, 'n_estimators': 700, 'num_leaves': 50, 'reg_alpha': 0.0, 'reg_lambda': 0.0, 'subsample': 0.8}",-0.012568127188120537,-0.012336721805777235,-0.013238110239016726,-0.012225512466739415,-0.012992090520271858,-0.012672112443985157,0.0003861323158181351,318
0.8906466484069824,0.014255868704462335,0.02742323875427246,0.0005013170173723335,0.8,0.1,-1,30,700,50,0.0,0.5,0.8,"{'colsample_bytree': 0.8, 'learning_rate': 0.1, 'max_depth': -1, 'min_child_samples': 30, 'n_estimators': 700, 'num_leaves': 50, 'reg_alpha': 0.0, 'reg_lambda': 0.5, 'subsample': 0.8}",-0.012467725665235725,-0.012116119237470198,-0.013555296588013788,-0.01236712514748939,-0.012727407972786218,-0.012646734922199065,0.0004947264672020508,314
0.9056554317474366,0.0223525726872947,0.027844715118408202,0.000917137009967129,0.8,0.1,-1,30,700,50,0.0,1.0,0.8,"{'colsample_bytree': 0.8, 'learning_rate': 0.1, 'max_depth': -1, 'min_child_samples': 30, 'n_estimators': 700, 'num_leaves': 50, 'reg_alpha': 0.0, 'reg_lambda': 1.0, 'subsample': 0.8}",-0.012503531652584913,-0.01185928976087064,-0.013307324327986026,-0.012676188244234483,-0.012880799293909792,-0.012645426655917173,0.0004759412762191659,313
0.38638954162597655,0.01935751746836425,0.0068359851837158205,0.00029488973875932905,0.8,0.1,-1,30,700,50,0.5,0.0,0.8,"{'colsample_bytree': 0.8, 'learning_rate': 0.1, 'max_depth': -1, 'min_child_samples': 30, 'n_estimators': 700, 'num_leaves': 50, 'reg_alpha': 0.5, 'reg_lambda': 0.0, 'subsample': 0.8}",-0.011727174062692178,-0.011865246845341775,-0.012885853090309138,-0.011788788146860954,-0.012274374029831397,-0.012108287235007089,0.0004332641298777071,185
0.43054423332214353,0.04642263412465202,0.0073395252227783205,0.0004951476086453313,0.8,0.1,-1,30,700,50,0.5,0.5,0.8,"{'colsample_bytree': 0.8, 'learning_rate': 0.1, 'max_depth': -1, 'min_child_samples': 30, 'n_estimators': 700, 'num_leaves': 50, 'reg_alpha': 0.5, 'reg_lambda': 0.5, 'subsample': 0.8}",-0.011265567634366253,-0.011756156143572696,-0.01284168084272462,-0.011581835387018378,-0.012357184823299646,-0.01196048496619632,0.0005660234657822037,85
0.41098504066467284,0.0113431386348506,0.007692193984985352,0.0009128130547686789,0.8,0.1,-1,30,700,50,0.5,1.0,0.8,"{'colsample_bytree': 0.8, 'learning_rate': 0.1, 'max_depth': -1, 'min_child_samples': 30, 'n_estimators': 700, 'num_leaves': 50, 'reg_alpha': 0.5, 'reg_lambda': 1.0, 'subsample': 0.8}",-0.011628182092643222,-0.01167266703856415,-0.012886734733262318,-0.01174978619424255,-0.012475464901421299,-0.012082566992026707,0.0005072043357978776,179
0.258635139465332,0.01290470557544721,0.005305767059326172,0.00028911640027773117,0.8,0.1,-1,30,700,50,1.0,0.0,0.8,"{'colsample_bytree': 0.8, 'learning_rate': 0.1, 'max_depth': -1, 'min_child_samples': 30, 'n_estimators': 700, 'num_leaves': 50, 'reg_alpha': 1.0, 'reg_lambda': 0.0, 'subsample': 0.8}",-0.011722355919365813,-0.011302794234758018,-0.01268668989841997,-0.011559249221430404,-0.012316969858729106,-0.011917611826540662,0.0005090220458315167,33
0.24308857917785645,0.011151775858893749,0.005082845687866211,0.00023230647985764838,0.8,0.1,-1,30,700,50,1.0,0.5,0.8,"{'colsample_bytree': 0.8, 'learning_rate': 0.1, 'max_depth': -1, 'min_child_samples': 30, 'n_estimators': 700, 'num_leaves': 50, 'reg_alpha': 1.0, 'reg_lambda': 0.5, 'subsample': 0.8}",-0.011764160363581973,-0.011484891709739724,-0.01251641385593766,-0.011888037879023906,-0.012331610877335402,-0.011997022937123732,0.0003768546487410838,127
0.25757770538330077,0.011867831323339482,0.005418062210083008,0.00038972890132577394,0.8,0.1,-1,30,700,50,1.0,1.0,0.8,"{'colsample_bytree': 0.8, 'learning_rate': 0.1, 'max_depth': -1, 'min_child_samples': 30, 'n_estimators': 700, 'num_leaves': 50, 'reg_alpha': 1.0, 'reg_lambda': 1.0, 'subsample': 0.8}",-0.011757094911622051,-0.011250981378488055,-0.012657478923257297,-0.011690704886609718,-0.012198626082056439,-0.011910977236406712,0.0004791243757753082,29
1.4140738487243651,0.05548901537178092,0.03654246330261231,0.0017150838206410903,0.8,0.1,-1,30,700,100,0.0,0.0,0.8,"{'colsample_bytree': 0.8, 'learning_rate': 0.1, 'max_depth': -1, 'min_child_samples': 30, 'n_estimators': 700, 'num_leaves': 100, 'reg_alpha': 0.0, 'reg_lambda': 0.0, 'subsample': 0.8}",-0.012100866607436096,-0.01192562451934633,-0.013455898023826482,-0.012282859881420995,-0.01304234761261932,-0.012561519328929845,0.0005874220483845608,298
1.4715250968933105,0.10231503526015345,0.03767728805541992,0.002393814067116389,0.8,0.1,-1,30,700,100,0.0,0.5,0.8,"{'colsample_bytree': 0.8, 'learning_rate': 0.1, 'max_depth': -1, 'min_child_samples': 30, 'n_estimators': 700, 'num_leaves': 100, 'reg_alpha': 0.0, 'reg_lambda': 0.5, 'subsample': 0.8}",-0.012051369819894096,-0.011714930444233555,-0.013429749040821625,-0.012097041405030097,-0.012672118382788663,-0.012393041818553607,0.0006027995734677019,263
1.4086555004119874,0.014057250841528014,0.03593316078186035,0.0023481215298006715,0.8,0.1,-1,30,700,100,0.0,1.0,0.8,"{'colsample_bytree': 0.8, 'learning_rate': 0.1, 'max_depth': -1, 'min_child_samples': 30, 'n_estimators': 700, 'num_leaves': 100, 'reg_alpha': 0.0, 'reg_lambda': 1.0, 'subsample': 0.8}",-0.011792420866167623,-0.011782477276997227,-0.013255295378704339,-0.012079017950139942,-0.012952019964544486,-0.012372246287310724,0.0006141532507239746,256
0.42658290863037107,0.04145558751884458,0.007685041427612305,0.0007001140136692421,0.8,0.1,-1,30,700,100,0.5,0.0,0.8,"{'colsample_bytree': 0.8, 'learning_rate': 0.1, 'max_depth': -1, 'min_child_samples': 30, 'n_estimators': 700, 'num_leaves': 100, 'reg_alpha': 0.5, 'reg_lambda': 0.0, 'subsample': 0.8}",-0.011800041664458959,-0.01181815551735305,-0.01293735375108764,-0.011604476834675189,-0.012570795862519217,-0.012146164726018812,0.0005151909668882782,199
0.42568154335021974,0.019086250926520904,0.00725259780883789,0.0004599008144086111,0.8,0.1,-1,30,700,100,0.5,0.5,0.8,"{'colsample_bytree': 0.8, 'learning_rate': 0.1, 'max_depth': -1, 'min_child_samples': 30, 'n_estimators': 700, 'num_leaves': 100, 'reg_alpha': 0.5, 'reg_lambda': 0.5, 'subsample': 0.8}",-0.011771913901437349,-0.011466214251822687,-0.01288624174717406,-0.011655487557402385,-0.01246916557162912,-0.01204980460589312,0.0005382894371274036,157
0.40320777893066406,0.015378931613074949,0.006882572174072265,0.0001638702493474332,0.8,0.1,-1,30,700,100,0.5,1.0,0.8,"{'colsample_bytree': 0.8, 'learning_rate': 0.1, 'max_depth': -1, 'min_child_samples': 30, 'n_estimators': 700, 'num_leaves': 100, 'reg_alpha': 0.5, 'reg_lambda': 1.0, 'subsample': 0.8}",-0.011507384280531305,-0.011668524739754419,-0.012854772619875304,-0.011756656260031237,-0.012595689303472744,-0.012076605440733001,0.0005418306527348499,177
0.24895005226135253,0.0035770465357127285,0.005625295639038086,0.0004929929051345183,0.8,0.1,-1,30,700,100,1.0,0.0,0.8,"{'colsample_bytree': 0.8, 'learning_rate': 0.1, 'max_depth': -1, 'min_child_samples': 30, 'n_estimators': 700, 'num_leaves': 100, 'reg_alpha': 1.0, 'reg_lambda': 0.0, 'subsample': 0.8}",-0.01189777283313105,-0.01138289492509397,-0.01253190745082378,-0.011560721899178675,-0.012263467593635492,-0.011927352940372593,0.00042665842304058814,57
0.280971622467041,0.024417729135284758,0.005696582794189453,0.0009705820634418012,0.8,0.1,-1,30,700,100,1.0,0.5,0.8,"{'colsample_bytree': 0.8, 'learning_rate': 0.1, 'max_depth': -1, 'min_child_samples': 30, 'n_estimators': 700, 'num_leaves': 100, 'reg_alpha': 1.0, 'reg_lambda': 0.5, 'subsample': 0.8}",-0.011680997394830809,-0.011359950434967464,-0.012617475437750382,-0.01161337935555495,-0.01216715286547475,-0.011887791097715669,0.0004488125306665024,13
0.2677030086517334,0.026100122853849408,0.005384111404418945,0.00028366607701798023,0.8,0.1,-1,30,700,100,1.0,1.0,0.8,"{'colsample_bytree': 0.8, 'learning_rate': 0.1, 'max_depth': -1, 'min_child_samples': 30, 'n_estimators': 700, 'num_leaves': 100, 'reg_alpha': 1.0, 'reg_lambda': 1.0, 'subsample': 0.8}",-0.011816386467575634,-0.01143438837547041,-0.012494700150109292,-0.011549394590010245,-0.012213642723761246,-0.011901702461385366,0.00039968364891503706,17
0.4328629970550537,0.027023507033456504,0.00983877182006836,0.0015190910623054828,0.8,0.1,20,10,500,31,0.0,0.0,0.8,"{'colsample_bytree': 0.8, 'learning_rate': 0.1, 'max_depth': 20, 'min_child_samples': 10, 'n_estimators': 500, 'num_leaves': 31, 'reg_alpha': 0.0, 'reg_lambda': 0.0, 'subsample': 0.8}",-0.01220184470228549,-0.011845957263744256,-0.013349837420883812,-0.01201602314315074,-0.012294361976985291,-0.01234160490140992,0.0005272509236647871,251
0.44574766159057616,0.02875920967847461,0.008576345443725587,0.00016765789772953363,0.8,0.1,20,10,500,31,0.0,0.5,0.8,"{'colsample_bytree': 0.8, 'learning_rate': 0.1, 'max_depth': 20, 'min_child_samples': 10, 'n_estimators': 500, 'num_leaves': 31, 'reg_alpha': 0.0, 'reg_lambda': 0.5, 'subsample': 0.8}",-0.01239437798844241,-0.011728132450066583,-0.013146128334409474,-0.012015830866719568,-0.01272241018597197,-0.012401375965122,0.0005019302516605223,267
0.49611873626708985,0.03356035599649098,0.011635923385620117,0.002936899812768347,0.8,0.1,20,10,500,31,0.0,1.0,0.8,"{'colsample_bytree': 0.8, 'learning_rate': 0.1, 'max_depth': 20, 'min_child_samples': 10, 'n_estimators': 500, 'num_leaves': 31, 'reg_alpha': 0.0, 'reg_lambda': 1.0, 'subsample': 0.8}",-0.011998893954867777,-0.011861899461098117,-0.013278398894904815,-0.012085807169717163,-0.012312492393418653,-0.012307498374801305,0.0005070729396185222,245
0.43694028854370115,0.03856542146011688,0.0076160430908203125,0.0006897328263953674,0.8,0.1,20,10,500,31,0.5,0.0,0.8,"{'colsample_bytree': 0.8, 'learning_rate': 0.1, 'max_depth': 20, 'min_child_samples': 10, 'n_estimators': 500, 'num_leaves': 31, 'reg_alpha': 0.5, 'reg_lambda': 0.0, 'subsample': 0.8}",-0.011615770535368625,-0.011641428649149379,-0.01295757375848467,-0.011878113014541,-0.012247430548103268,-0.012068063301129387,0.0004992130700684879,173
0.38067264556884767,0.017649349735281088,0.0073244571685791016,0.0006676590726498228,0.8,0.1,20,10,500,31,0.5,0.5,0.8,"{'colsample_bytree': 0.8, 'learning_rate': 0.1, 'max_depth': 20, 'min_child_samples': 10, 'n_estimators': 500, 'num_leaves': 31, 'reg_alpha': 0.5, 'reg_lambda': 0.5, 'subsample': 0.8}",-0.011661966156179135,-0.011277161328154673,-0.012981051534419075,-0.011688297410416267,-0.012540350918088429,-0.012029765469451517,0.0006299099048980442,149
0.39334816932678224,0.020411905369292098,0.0076198577880859375,0.00041945565449511224,0.8,0.1,20,10,500,31,0.5,1.0,0.8,"{'colsample_bytree': 0.8, 'learning_rate': 0.1, 'max_depth': 20, 'min_child_samples': 10, 'n_estimators': 500, 'num_leaves': 31, 'reg_alpha': 0.5, 'reg_lambda': 1.0, 'subsample': 0.8}",-0.01172443986479571,-0.011497746780257286,-0.012725007367082942,-0.011691866167693939,-0.012453782418017808,-0.012018568519569537,0.0004802016991013166,139
0.22137832641601562,0.012689749894852746,0.004846096038818359,0.0003701109456006054,0.8,0.1,20,10,500,31,1.0,0.0,0.8,"{'colsample_bytree': 0.8, 'learning_rate': 0.1, 'max_depth': 20, 'min_child_samples': 10, 'n_estimators': 500, 'num_leaves': 31, 'reg_alpha': 1.0, 'reg_lambda': 0.0, 'subsample': 0.8}",-0.01185973672867082,-0.01136090189118223,-0.012686023792576322,-0.011550595058865588,-0.012306799386207832,-0.011952811371500558,0.00048656051075985355,81
0.22413325309753418,0.00901147788747767,0.0048350334167480465,0.0002832447478854949,0.8,0.1,20,10,500,31,1.0,0.5,0.8,"{'colsample_bytree': 0.8, 'learning_rate': 0.1, 'max_depth': 20, 'min_child_samples': 10, 'n_estimators': 500, 'num_leaves': 31, 'reg_alpha': 1.0, 'reg_lambda': 0.5, 'subsample': 0.8}",-0.011566233914233387,-0.011439643116024526,-0.012548112682503571,-0.011728330125581542,-0.01226777863755924,-0.011910019695180452,0.0004260535202116707,25
0.22895536422729493,0.010696455445713094,0.004869508743286133,0.0003065419314926082,0.8,0.1,20,10,500,31,1.0,1.0,0.8,"{'colsample_bytree': 0.8, 'learning_rate': 0.1, 'max_depth': 20, 'min_child_samples': 10, 'n_estimators': 500, 'num_leaves': 31, 'reg_alpha': 1.0, 'reg_lambda': 1.0, 'subsample': 0.8}",-0.0116550894136841,-0.011381185638640538,-0.012488598235318732,-0.011588297658150679,-0.012288522004758011,-0.011880338590110413,0.00042936517380058955,9
0.6277647495269776,0.017616051726050692,0.0121490478515625,0.00034219401965817237,0.8,0.1,20,10,500,50,0.0,0.0,0.8,"{'colsample_bytree': 0.8, 'learning_rate': 0.1, 'max_depth': 20, 'min_child_samples': 10, 'n_estimators': 500, 'num_leaves': 50, 'reg_alpha': 0.0, 'reg_lambda': 0.0, 'subsample': 0.8}",-0.012222086510783398,-0.011446567061658513,-0.013132437394261539,-0.011942891010013917,-0.012616886956165236,-0.01227217378657652,0.0005747074021381895,237
0.6872910976409912,0.05492405176297837,0.012667369842529298,0.0009888032514509036,0.8,0.1,20,10,500,50,0.0,0.5,0.8,"{'colsample_bytree': 0.8, 'learning_rate': 0.1, 'max_depth': 20, 'min_child_samples': 10, 'n_estimators': 500, 'num_leaves': 50, 'reg_alpha': 0.0, 'reg_lambda': 0.5, 'subsample': 0.8}",-0.012344389616248196,-0.011827907719586231,-0.012983085626198024,-0.011766438506368127,-0.012237029422973318,-0.012231770178274778,0.0004374526603347505,222
0.6317685604095459,0.008471501185704548,0.01226353645324707,0.00044523963322584155,0.8,0.1,20,10,500,50,0.0,1.0,0.8,"{'colsample_bytree': 0.8, 'learning_rate': 0.1, 'max_depth': 20, 'min_child_samples': 10, 'n_estimators': 500, 'num_leaves': 50, 'reg_alpha': 0.0, 'reg_lambda': 1.0, 'subsample': 0.8}",-0.01216843616765763,-0.011658461367306944,-0.013042133791039856,-0.012063029936300856,-0.012332708109973686,-0.012252953874455795,0.0004529462142297908,229
0.425342321395874,0.027064275667184102,0.0066243171691894535,0.00037992658824861957,0.8,0.1,20,10,500,50,0.5,0.0,0.8,"{'colsample_bytree': 0.8, 'learning_rate': 0.1, 'max_depth': 20, 'min_child_samples': 10, 'n_estimators': 500, 'num_leaves': 50, 'reg_alpha': 0.5, 'reg_lambda': 0.0, 'subsample': 0.8}",-0.011771904841931474,-0.011442652802334965,-0.012772808369283137,-0.011794554641135113,-0.01223958565239431,-0.012004301261415799,0.00046030699572718404,131
0.3890799045562744,0.01591555317376278,0.006620359420776367,0.0006652101458291267,0.8,0.1,20,10,500,50,0.5,0.5,0.8,"{'colsample_bytree': 0.8, 'learning_rate': 0.1, 'max_depth': 20, 'min_child_samples': 10, 'n_estimators': 500, 'num_leaves': 50, 'reg_alpha': 0.5, 'reg_lambda': 0.5, 'subsample': 0.8}",-0.011635347331294989,-0.01159609278680386,-0.012776596677107463,-0.011821614897234987,-0.01240770136976865,-0.01204747061244199,0.0004660449251159252,153
0.40863990783691406,0.019863626948743694,0.007028436660766602,0.0008659876191678691,0.8,0.1,20,10,500,50,0.5,1.0,0.8,"{'colsample_bytree': 0.8, 'learning_rate': 0.1, 'max_depth': 20, 'min_child_samples': 10, 'n_estimators': 500, 'num_leaves': 50, 'reg_alpha': 0.5, 'reg_lambda': 1.0, 'subsample': 0.8}",-0.01159803937037355,-0.011613168089935042,-0.013059943461615564,-0.011623389969145529,-0.012399274796891614,-0.01205876313759226,0.0005862902631479378,165
0.2914464473724365,0.02785415769059254,0.005133152008056641,0.00029694939750635055,0.8,0.1,20,10,500,50,1.0,0.0,0.8,"{'colsample_bytree': 0.8, 'learning_rate': 0.1, 'max_depth': 20, 'min_child_samples': 10, 'n_estimators': 500, 'num_leaves': 50, 'reg_alpha': 1.0, 'reg_lambda': 0.0, 'subsample': 0.8}",-0.0116599436194292,-0.011315581974421406,-0.012555499635082318,-0.011735660688798874,-0.012442735670671853,-0.01194188431768073,0.00047783871822085986,73
0.2834052085876465,0.03455283858232636,0.006313133239746094,0.0017972787397683909,0.8,0.1,20,10,500,50,1.0,0.5,0.8,"{'colsample_bytree': 0.8, 'learning_rate': 0.1, 'max_depth': 20, 'min_child_samples': 10, 'n_estimators': 500, 'num_leaves': 50, 'reg_alpha': 1.0, 'reg_lambda': 0.5, 'subsample': 0.8}",-0.011779215230550567,-0.01128706114580406,-0.012698473556463849,-0.011671844059036944,-0.012485331571742784,-0.01198438511271964,0.0005266700990027995,101
0.2728334903717041,0.022830427570841538,0.005304908752441407,0.0004184094749605639,0.8,0.1,20,10,500,50,1.0,1.0,0.8,"{'colsample_bytree': 0.8, 'learning_rate': 0.1, 'max_depth': 20, 'min_child_samples': 10, 'n_estimators': 500, 'num_leaves': 50, 'reg_alpha': 1.0, 'reg_lambda': 1.0, 'subsample': 0.8}",-0.011745313312911074,-0.011306451088282555,-0.012733747184244104,-0.011578844991292908,-0.012258934585137887,-0.011924658232373705,0.0005099602107822264,47
1.1555168628692627,0.020927761837429195,0.02334170341491699,0.000618285700781644,0.8,0.1,20,10,500,100,0.0,0.0,0.8,"{'colsample_bytree': 0.8, 'learning_rate': 0.1, 'max_depth': 20, 'min_child_samples': 10, 'n_estimators': 500, 'num_leaves': 100, 'reg_alpha': 0.0, 'reg_lambda': 0.0, 'subsample': 0.8}",-0.012036207966108114,-0.011521421835084035,-0.01288602360005486,-0.011653862515983417,-0.012641906752504518,-0.01214788453394699,0.0005362633973052478,201
1.165074062347412,0.010846463009846674,0.02335019111633301,0.00045999186841537046,0.8,0.1,20,10,500,100,0.0,0.5,0.8,"{'colsample_bytree': 0.8, 'learning_rate': 0.1, 'max_depth': 20, 'min_child_samples': 10, 'n_estimators': 500, 'num_leaves': 100, 'reg_alpha': 0.0, 'reg_lambda': 0.5, 'subsample': 0.8}",-0.011701203826052966,-0.011554301789334451,-0.012877261523865447,-0.011787932020485902,-0.012595650432210628,-0.012103269918389878,0.0005298986157591323,181
1.2189358711242675,0.04536313127502862,0.025176811218261718,0.003226137677510688,0.8,0.1,20,10,500,100,0.0,1.0,0.8,"{'colsample_bytree': 0.8, 'learning_rate': 0.1, 'max_depth': 20, 'min_child_samples': 10, 'n_estimators': 500, 'num_leaves': 100, 'reg_alpha': 0.0, 'reg_lambda': 1.0, 'subsample': 0.8}",-0.012169536218406071,-0.011442436860147493,-0.012564160066953349,-0.012056791270996138,-0.012465853419666847,-0.01213975556723398,0.00039509045284102196,197
0.44758358001708987,0.024245319741134197,0.005907440185546875,0.00021547492967748702,0.8,0.1,20,10,500,100,0.5,0.0,0.8,"{'colsample_bytree': 0.8, 'learning_rate': 0.1, 'max_depth': 20, 'min_child_samples': 10, 'n_estimators': 500, 'num_leaves': 100, 'reg_alpha': 0.5, 'reg_lambda': 0.0, 'subsample': 0.8}",-0.011755095435687297,-0.01135833673984716,-0.012898667984176012,-0.011640255261817029,-0.012425268507871375,-0.012015524785879774,0.0005636272911044249,137
0.4777356147766113,0.031923315258452704,0.006671714782714844,0.0005745473704318346,0.8,0.1,20,10,500,100,0.5,0.5,0.8,"{'colsample_bytree': 0.8, 'learning_rate': 0.1, 'max_depth': 20, 'min_child_samples': 10, 'n_estimators': 500, 'num_leaves': 100, 'reg_alpha': 0.5, 'reg_lambda': 0.5, 'subsample': 0.8}",-0.011480719505678172,-0.011303293320887808,-0.012787352426596245,-0.011786540162958282,-0.012244650707322119,-0.011920511224688526,0.0005382941604346372,39
0.44646415710449217,0.015447248692076025,0.006323337554931641,0.000777621514239616,0.8,0.1,20,10,500,100,0.5,1.0,0.8,"{'colsample_bytree': 0.8, 'learning_rate': 0.1, 'max_depth': 20, 'min_child_samples': 10, 'n_estimators': 500, 'num_leaves': 100, 'reg_alpha': 0.5, 'reg_lambda': 1.0, 'subsample': 0.8}",-0.011771319408778885,-0.011688013836508871,-0.012694326550128211,-0.011602928712676335,-0.012221449563266576,-0.011995607614271774,0.0004094700448750794,125
0.28116664886474607,0.013348808432416662,0.004771184921264648,0.0002778989367013734,0.8,0.1,20,10,500,100,1.0,0.0,0.8,"{'colsample_bytree': 0.8, 'learning_rate': 0.1, 'max_depth': 20, 'min_child_samples': 10, 'n_estimators': 500, 'num_leaves': 100, 'reg_alpha': 1.0, 'reg_lambda': 0.0, 'subsample': 0.8}",-0.011545975621222133,-0.011414043159989458,-0.01278664877271142,-0.011640426848262784,-0.01229697730667884,-0.011936814341772928,0.0005226520987411535,67
0.27673768997192383,0.01920288512702598,0.004833221435546875,0.00042349513106912834,0.8,0.1,20,10,500,100,1.0,0.5,0.8,"{'colsample_bytree': 0.8, 'learning_rate': 0.1, 'max_depth': 20, 'min_child_samples': 10, 'n_estimators': 500, 'num_leaves': 100, 'reg_alpha': 1.0, 'reg_lambda': 0.5, 'subsample': 0.8}",-0.011729392140741693,-0.01136720388727594,-0.012658189407128618,-0.01168920048888854,-0.012276666217585488,-0.011944130428324056,0.00046139057560623905,77
0.3135982990264893,0.03481928879240176,0.005354595184326172,0.0005126597657894552,0.8,0.1,20,10,500,100,1.0,1.0,0.8,"{'colsample_bytree': 0.8, 'learning_rate': 0.1, 'max_depth': 20, 'min_child_samples': 10, 'n_estimators': 500, 'num_leaves': 100, 'reg_alpha': 1.0, 'reg_lambda': 1.0, 'subsample': 0.8}",-0.011536811147138084,-0.011316965197424395,-0.01281895713359871,-0.011541984002598494,-0.01233077889868548,-0.011909099275889033,0.0005709027705466204,21
0.5868943214416504,0.017031459410422372,0.01559443473815918,0.0023113333562956575,0.8,0.1,20,10,700,31,0.0,0.0,0.8,"{'colsample_bytree': 0.8, 'learning_rate': 0.1, 'max_depth': 20, 'min_child_samples': 10, 'n_estimators': 700, 'num_leaves': 31, 'reg_alpha': 0.0, 'reg_lambda': 0.0, 'subsample': 0.8}",-0.01222925331782284,-0.011917061869791799,-0.013467368573826695,-0.012065677347462566,-0.012337888559919864,-0.012403449933764753,0.0005508592009306775,269
0.57967529296875,0.011511504454270061,0.013811779022216798,0.0002959453779917059,0.8,0.1,20,10,700,31,0.0,0.5,0.8,"{'colsample_bytree': 0.8, 'learning_rate': 0.1, 'max_depth': 20, 'min_child_samples': 10, 'n_estimators': 700, 'num_leaves': 31, 'reg_alpha': 0.0, 'reg_lambda': 0.5, 'subsample': 0.8}",-0.01244837873659811,-0.011743521096073207,-0.013198386470113913,-0.012049821313891132,-0.012769869589597513,-0.012441995441254775,0.0005140693628684276,276
0.5897232532501221,0.013890567726674099,0.014187383651733398,0.0004080387368327927,0.8,0.1,20,10,700,31,0.0,1.0,0.8,"{'colsample_bytree': 0.8, 'learning_rate': 0.1, 'max_depth': 20, 'min_child_samples': 10, 'n_estimators': 700, 'num_leaves': 31, 'reg_alpha': 0.0, 'reg_lambda': 1.0, 'subsample': 0.8}",-0.012034424141642708,-0.011920321623575038,-0.01334201134751427,-0.012105453498231836,-0.012369437821598097,-0.01235432968651239,0.0005154386932800561,253
0.4025125980377197,0.02106576629051236,0.007436704635620117,0.0005153692624422962,0.8,0.1,20,10,700,31,0.5,0.0,0.8,"{'colsample_bytree': 0.8, 'learning_rate': 0.1, 'max_depth': 20, 'min_child_samples': 10, 'n_estimators': 700, 'num_leaves': 31, 'reg_alpha': 0.5, 'reg_lambda': 0.0, 'subsample': 0.8}",-0.011615770535368625,-0.011641428649149379,-0.01295757375848467,-0.011878113014541,-0.012247430548103268,-0.012068063301129387,0.0004992130700684879,173
0.3988971710205078,0.015295071184970066,0.007139158248901367,0.00028764947735187787,0.8,0.1,20,10,700,31,0.5,0.5,0.8,"{'colsample_bytree': 0.8, 'learning_rate': 0.1, 'max_depth': 20, 'min_child_samples': 10, 'n_estimators': 700, 'num_leaves': 31, 'reg_alpha': 0.5, 'reg_lambda': 0.5, 'subsample': 0.8}",-0.011661966156179135,-0.011277161328154673,-0.012981051534419075,-0.011688297410416267,-0.012540350918088429,-0.012029765469451517,0.0006299099048980442,149
0.43399982452392577,0.04752686033408949,0.0077189445495605465,0.0006695241417273715,0.8,0.1,20,10,700,31,0.5,1.0,0.8,"{'colsample_bytree': 0.8, 'learning_rate': 0.1, 'max_depth': 20, 'min_child_samples': 10, 'n_estimators': 700, 'num_leaves': 31, 'reg_alpha': 0.5, 'reg_lambda': 1.0, 'subsample': 0.8}",-0.01172443986479571,-0.011497746780257286,-0.012725007367082942,-0.011691866167693939,-0.012453782418017808,-0.012018568519569537,0.0004802016991013166,139
0.24312849044799806,0.014322861040901382,0.005293130874633789,0.0007010150412717021,0.8,0.1,20,10,700,31,1.0,0.0,0.8,"{'colsample_bytree': 0.8, 'learning_rate': 0.1, 'max_depth': 20, 'min_child_samples': 10, 'n_estimators': 700, 'num_leaves': 31, 'reg_alpha': 1.0, 'reg_lambda': 0.0, 'subsample': 0.8}",-0.01185973672867082,-0.01136090189118223,-0.012686023792576322,-0.011550595058865588,-0.012306799386207832,-0.011952811371500558,0.00048656051075985355,81
0.23759198188781738,0.007667680197619078,0.004768800735473633,0.0002547611304313542,0.8,0.1,20,10,700,31,1.0,0.5,0.8,"{'colsample_bytree': 0.8, 'learning_rate': 0.1, 'max_depth': 20, 'min_child_samples': 10, 'n_estimators': 700, 'num_leaves': 31, 'reg_alpha': 1.0, 'reg_lambda': 0.5, 'subsample': 0.8}",-0.011566233914233387,-0.011439643116024526,-0.012548112682503571,-0.011728330125581542,-0.01226777863755924,-0.011910019695180452,0.0004260535202116707,25
0.24187979698181153,0.011434048595499072,0.005215835571289062,0.00047409385240169884,0.8,0.1,20,10,700,31,1.0,1.0,0.8,"{'colsample_bytree': 0.8, 'learning_rate': 0.1, 'max_depth': 20, 'min_child_samples': 10, 'n_estimators': 700, 'num_leaves': 31, 'reg_alpha': 1.0, 'reg_lambda': 1.0, 'subsample': 0.8}",-0.0116550894136841,-0.011381185638640538,-0.012488598235318732,-0.011588297658150679,-0.012288522004758011,-0.011880338590110413,0.00042936517380058955,9
0.9083990573883056,0.015534217904704755,0.022685718536376954,0.0018987480471237474,0.8,0.1,20,10,700,50,0.0,0.0,0.8,"{'colsample_bytree': 0.8, 'learning_rate': 0.1, 'max_depth': 20, 'min_child_samples': 10, 'n_estimators': 700, 'num_leaves': 50, 'reg_alpha': 0.0, 'reg_lambda': 0.0, 'subsample': 0.8}",-0.012238429293732093,-0.011455476655626459,-0.013141108107935654,-0.011933917570000474,-0.012620391756846606,-0.012277864676828256,0.0005759671589678218,239
0.9235491752624512,0.08575072704929634,0.023157310485839844,0.002577704339555523,0.8,0.1,20,10,700,50,0.0,0.5,0.8,"{'colsample_bytree': 0.8, 'learning_rate': 0.1, 'max_depth': 20, 'min_child_samples': 10, 'n_estimators': 700, 'num_leaves': 50, 'reg_alpha': 0.0, 'reg_lambda': 0.5, 'subsample': 0.8}",-0.012374896466494156,-0.011849471493704111,-0.012985284993101044,-0.011764075464868668,-0.012242765036361984,-0.012243298690905994,0.00043648979222921607,224
0.913754940032959,0.0661988648166779,0.02489185333251953,0.0029797152337809702,0.8,0.1,20,10,700,50,0.0,1.0,0.8,"{'colsample_bytree': 0.8, 'learning_rate': 0.1, 'max_depth': 20, 'min_child_samples': 10, 'n_estimators': 700, 'num_leaves': 50, 'reg_alpha': 0.0, 'reg_lambda': 1.0, 'subsample': 0.8}",-0.012189104720748635,-0.011693411717969976,-0.013056697452780564,-0.012064285146313327,-0.012329473003839145,-0.012266594408330328,0.00044803763777852317,236
0.4236079216003418,0.022811310355001967,0.006456422805786133,0.0002437201619488071,0.8,0.1,20,10,700,50,0.5,0.0,0.8,"{'colsample_bytree': 0.8, 'learning_rate': 0.1, 'max_depth': 20, 'min_child_samples': 10, 'n_estimators': 700, 'num_leaves': 50, 'reg_alpha': 0.5, 'reg_lambda': 0.0, 'subsample': 0.8}",-0.011771904841931474,-0.011442652802334965,-0.012772808369283137,-0.011794554641135113,-0.01223958565239431,-0.012004301261415799,0.00046030699572718404,131
0.41534881591796874,0.02058778635269901,0.006699371337890625,0.00036935042317490317,0.8,0.1,20,10,700,50,0.5,0.5,0.8,"{'colsample_bytree': 0.8, 'learning_rate': 0.1, 'max_depth': 20, 'min_child_samples': 10, 'n_estimators': 700, 'num_leaves': 50, 'reg_alpha': 0.5, 'reg_lambda': 0.5, 'subsample': 0.8}",-0.011635347331294989,-0.01159609278680386,-0.012776596677107463,-0.011821614897234987,-0.01240770136976865,-0.01204747061244199,0.0004660449251159252,153
0.4039724349975586,0.025102307039619864,0.006434917449951172,0.000577172902828644,0.8,0.1,20,10,700,50,0.5,1.0,0.8,"{'colsample_bytree': 0.8, 'learning_rate': 0.1, 'max_depth': 20, 'min_child_samples': 10, 'n_estimators': 700, 'num_leaves': 50, 'reg_alpha': 0.5, 'reg_lambda': 1.0, 'subsample': 0.8}",-0.01159803937037355,-0.011613168089935042,-0.013059943461615564,-0.011623389969145529,-0.012399274796891614,-0.01205876313759226,0.0005862902631479378,165
0.2840306758880615,0.022420848780390232,0.005064487457275391,0.0004707219919960895,0.8,0.1,20,10,700,50,1.0,0.0,0.8,"{'colsample_bytree': 0.8, 'learning_rate': 0.1, 'max_depth': 20, 'min_child_samples': 10, 'n_estimators': 700, 'num_leaves': 50, 'reg_alpha': 1.0, 'reg_lambda': 0.0, 'subsample': 0.8}",-0.0116599436194292,-0.011315581974421406,-0.012555499635082318,-0.011735660688798874,-0.012442735670671853,-0.01194188431768073,0.00047783871822085986,73
0.26417226791381837,0.014409858948717753,0.0046370506286621095,0.00023039449091724599,0.8,0.1,20,10,700,50,1.0,0.5,0.8,"{'colsample_bytree': 0.8, 'learning_rate': 0.1, 'max_depth': 20, 'min_child_samples': 10, 'n_estimators': 700, 'num_leaves': 50, 'reg_alpha': 1.0, 'reg_lambda': 0.5, 'subsample': 0.8}",-0.011779215230550567,-0.01128706114580406,-0.012698473556463849,-0.011671844059036944,-0.012485331571742784,-0.01198438511271964,0.0005266700990027995,101
0.26384363174438474,0.013316983382290148,0.00498666763305664,0.0004597414178482786,0.8,0.1,20,10,700,50,1.0,1.0,0.8,"{'colsample_bytree': 0.8, 'learning_rate': 0.1, 'max_depth': 20, 'min_child_samples': 10, 'n_estimators': 700, 'num_leaves': 50, 'reg_alpha': 1.0, 'reg_lambda': 1.0, 'subsample': 0.8}",-0.011745313312911074,-0.011306451088282555,-0.012733747184244104,-0.011578844991292908,-0.012258934585137887,-0.011924658232373705,0.0005099602107822264,47
1.6840386867523194,0.06522329024114454,0.03417115211486817,0.0007157965586384813,0.8,0.1,20,10,700,100,0.0,0.0,0.8,"{'colsample_bytree': 0.8, 'learning_rate': 0.1, 'max_depth': 20, 'min_child_samples': 10, 'n_estimators': 700, 'num_leaves': 100, 'reg_alpha': 0.0, 'reg_lambda': 0.0, 'subsample': 0.8}",-0.012037275793614872,-0.011522306669492855,-0.012886553229583141,-0.011654961917937879,-0.012643182365642722,-0.012148855995254292,0.0005361905125262976,202
1.7814916610717773,0.08970724164813212,0.03531537055969238,0.003208068095494103,0.8,0.1,20,10,700,100,0.0,0.5,0.8,"{'colsample_bytree': 0.8, 'learning_rate': 0.1, 'max_depth': 20, 'min_child_samples': 10, 'n_estimators': 700, 'num_leaves': 100, 'reg_alpha': 0.0, 'reg_lambda': 0.5, 'subsample': 0.8}",-0.011701303039071931,-0.011555867434862714,-0.012878494126503695,-0.011788365895582886,-0.012595669770193944,-0.012103940053243034,0.0005298715572889521,182
1.6708895206451415,0.02641392382825771,0.03435964584350586,0.000284138312233228,0.8,0.1,20,10,700,100,0.0,1.0,0.8,"{'colsample_bytree': 0.8, 'learning_rate': 0.1, 'max_depth': 20, 'min_child_samples': 10, 'n_estimators': 700, 'num_leaves': 100, 'reg_alpha': 0.0, 'reg_lambda': 1.0, 'subsample': 0.8}",-0.012168678564285483,-0.01144236113031453,-0.01256526746365047,-0.012057056945605894,-0.012466366486595763,-0.012139946118090428,0.00039541610678220645,198
0.49377994537353515,0.028324628602913727,0.006583356857299804,0.00022893778792588195,0.8,0.1,20,10,700,100,0.5,0.0,0.8,"{'colsample_bytree': 0.8, 'learning_rate': 0.1, 'max_depth': 20, 'min_child_samples': 10, 'n_estimators': 700, 'num_leaves': 100, 'reg_alpha': 0.5, 'reg_lambda': 0.0, 'subsample': 0.8}",-0.011755095435687297,-0.01135833673984716,-0.012898667984176012,-0.011640255261817029,-0.012425268507871375,-0.012015524785879774,0.0005636272911044249,137
0.5693701267242431,0.054841431895791465,0.006779861450195312,0.00042175728830853864,0.8,0.1,20,10,700,100,0.5,0.5,0.8,"{'colsample_bytree': 0.8, 'learning_rate': 0.1, 'max_depth': 20, 'min_child_samples': 10, 'n_estimators': 700, 'num_leaves': 100, 'reg_alpha': 0.5, 'reg_lambda': 0.5, 'subsample': 0.8}",-0.011480719505678172,-0.011303293320887808,-0.012787352426596245,-0.011786540162958282,-0.012244650707322119,-0.011920511224688526,0.0005382941604346372,39
0.4886016845703125,0.04744014870993297,0.006142759323120117,0.0006178981230992922,0.8,0.1,20,10,700,100,0.5,1.0,0.8,"{'colsample_bytree': 0.8, 'learning_rate': 0.1, 'max_depth': 20, 'min_child_samples': 10, 'n_estimators': 700, 'num_leaves': 100, 'reg_alpha': 0.5, 'reg_lambda': 1.0, 'subsample': 0.8}",-0.011771319408778885,-0.011688013836508871,-0.012694326550128211,-0.011602928712676335,-0.012221449563266576,-0.011995607614271774,0.0004094700448750794,125
0.2968721866607666,0.01982332616950443,0.005085802078247071,0.0005530098584905061,0.8,0.1,20,10,700,100,1.0,0.0,0.8,"{'colsample_bytree': 0.8, 'learning_rate': 0.1, 'max_depth': 20, 'min_child_samples': 10, 'n_estimators': 700, 'num_leaves': 100, 'reg_alpha': 1.0, 'reg_lambda': 0.0, 'subsample': 0.8}",-0.011545975621222133,-0.011414043159989458,-0.01278664877271142,-0.011640426848262784,-0.01229697730667884,-0.011936814341772928,0.0005226520987411535,67
0.30082902908325193,0.014028321632086452,0.004930019378662109,0.000396650993356639,0.8,0.1,20,10,700,100,1.0,0.5,0.8,"{'colsample_bytree': 0.8, 'learning_rate': 0.1, 'max_depth': 20, 'min_child_samples': 10, 'n_estimators': 700, 'num_leaves': 100, 'reg_alpha': 1.0, 'reg_lambda': 0.5, 'subsample': 0.8}",-0.011729392140741693,-0.01136720388727594,-0.012658189407128618,-0.01168920048888854,-0.012276666217585488,-0.011944130428324056,0.00046139057560623905,77
0.298329496383667,0.016277990490671045,0.00485386848449707,0.00027919459396614756,0.8,0.1,20,10,700,100,1.0,1.0,0.8,"{'colsample_bytree': 0.8, 'learning_rate': 0.1, 'max_depth': 20, 'min_child_samples': 10, 'n_estimators': 700, 'num_leaves': 100, 'reg_alpha': 1.0, 'reg_lambda': 1.0, 'subsample': 0.8}",-0.011536811147138084,-0.011316965197424395,-0.01281895713359871,-0.011541984002598494,-0.01233077889868548,-0.011909099275889033,0.0005709027705466204,21
0.42559967041015623,0.0246764255690168,0.010840463638305663,0.0018813775461504747,0.8,0.1,20,20,500,31,0.0,0.0,0.8,"{'colsample_bytree': 0.8, 'learning_rate': 0.1, 'max_depth': 20, 'min_child_samples': 20, 'n_estimators': 500, 'num_leaves': 31, 'reg_alpha': 0.0, 'reg_lambda': 0.0, 'subsample': 0.8}",-0.012334120905112681,-0.012360159875547144,-0.013332493101493245,-0.01218348217199747,-0.01259981951179103,-0.012562015113188312,0.0004076846814930161,299
0.46946001052856445,0.05060931224916281,0.010817670822143554,0.0008699116929580657,0.8,0.1,20,20,500,31,0.0,0.5,0.8,"{'colsample_bytree': 0.8, 'learning_rate': 0.1, 'max_depth': 20, 'min_child_samples': 20, 'n_estimators': 500, 'num_leaves': 31, 'reg_alpha': 0.0, 'reg_lambda': 0.5, 'subsample': 0.8}",-0.011970452518125852,-0.011942250708588282,-0.013319993279669831,-0.012227933257699603,-0.01279717826724034,-0.012451561606264781,0.0005318830005143785,278
0.4534768581390381,0.031490424559873116,0.011187744140625,0.0012116610875889488,0.8,0.1,20,20,500,31,0.0,1.0,0.8,"{'colsample_bytree': 0.8, 'learning_rate': 0.1, 'max_depth': 20, 'min_child_samples': 20, 'n_estimators': 500, 'num_leaves': 31, 'reg_alpha': 0.0, 'reg_lambda': 1.0, 'subsample': 0.8}",-0.012055905773435686,-0.011892071068018414,-0.013671901810232054,-0.012289669000572186,-0.012737249041533142,-0.012529359338758294,0.0006381798342787506,291
0.3938623905181885,0.013382467496000604,0.007907772064208984,0.0009655425281027038,0.8,0.1,20,20,500,31,0.5,0.0,0.8,"{'colsample_bytree': 0.8, 'learning_rate': 0.1, 'max_depth': 20, 'min_child_samples': 20, 'n_estimators': 500, 'num_leaves': 31, 'reg_alpha': 0.5, 'reg_lambda': 0.0, 'subsample': 0.8}",-0.011837183690620975,-0.011636815014586245,-0.012996113809686663,-0.012085544868473288,-0.012513296876678768,-0.012213790852009188,0.00048844941850605,213
0.3723701000213623,0.02575790611242721,0.007280302047729492,0.0003163850801342077,0.8,0.1,20,20,500,31,0.5,0.5,0.8,"{'colsample_bytree': 0.8, 'learning_rate': 0.1, 'max_depth': 20, 'min_child_samples': 20, 'n_estimators': 500, 'num_leaves': 31, 'reg_alpha': 0.5, 'reg_lambda': 0.5, 'subsample': 0.8}",-0.011864216694821426,-0.011255907957016096,-0.012897395321016109,-0.011885245387681606,-0.012406242938277462,-0.012061801659762538,0.0005543524432669906,169
0.3907125473022461,0.011618630545747976,0.007608175277709961,0.00012475275788282518,0.8,0.1,20,20,500,31,0.5,1.0,0.8,"{'colsample_bytree': 0.8, 'learning_rate': 0.1, 'max_depth': 20, 'min_child_samples': 20, 'n_estimators': 500, 'num_leaves': 31, 'reg_alpha': 0.5, 'reg_lambda': 1.0, 'subsample': 0.8}",-0.01181829220424944,-0.011678110971346375,-0.013095970036978126,-0.01182521872467727,-0.012687322211163561,-0.012220982829682954,0.0005650794373973831,217
0.22892656326293945,0.010341199760801653,0.005279111862182617,0.0003897771292573394,0.8,0.1,20,20,500,31,1.0,0.0,0.8,"{'colsample_bytree': 0.8, 'learning_rate': 0.1, 'max_depth': 20, 'min_child_samples': 20, 'n_estimators': 500, 'num_leaves': 31, 'reg_alpha': 1.0, 'reg_lambda': 0.0, 'subsample': 0.8}",-0.011690163581726466,-0.011430675379315736,-0.01268614206431238,-0.011670770532770573,-0.01238215444082383,-0.011971981199789797,0.0004777926025237638,97
0.22214322090148925,0.010908451023185215,0.005150985717773437,0.00037969846777766614,0.8,0.1,20,20,500,31,1.0,0.5,0.8,"{'colsample_bytree': 0.8, 'learning_rate': 0.1, 'max_depth': 20, 'min_child_samples': 20, 'n_estimators': 500, 'num_leaves': 31, 'reg_alpha': 1.0, 'reg_lambda': 0.5, 'subsample': 0.8}",-0.011847604807760025,-0.011342087746223894,-0.012648734494729473,-0.011769310538834593,-0.012348391918872624,-0.011991225901284121,0.00045850603169984,111
0.23170003890991211,0.012671854849231891,0.0051917552947998045,0.0002610169930665604,0.8,0.1,20,20,500,31,1.0,1.0,0.8,"{'colsample_bytree': 0.8, 'learning_rate': 0.1, 'max_depth': 20, 'min_child_samples': 20, 'n_estimators': 500, 'num_leaves': 31, 'reg_alpha': 1.0, 'reg_lambda': 1.0, 'subsample': 0.8}",-0.011797621221935976,-0.011347618437869534,-0.012635593066088312,-0.011861448711043143,-0.012291197338242214,-0.011986695755035836,0.0004412810335554069,105
0.61784348487854,0.011728391441565582,0.01593160629272461,0.0010125484301477237,0.8,0.1,20,20,500,50,0.0,0.0,0.8,"{'colsample_bytree': 0.8, 'learning_rate': 0.1, 'max_depth': 20, 'min_child_samples': 20, 'n_estimators': 500, 'num_leaves': 50, 'reg_alpha': 0.0, 'reg_lambda': 0.0, 'subsample': 0.8}",-0.012154082163711302,-0.012128207092686317,-0.012881589522531735,-0.012245941146467659,-0.012638940075894339,-0.01240975200025827,0.00029887335697856694,271
0.6779036045074462,0.0680249604842291,0.017568397521972656,0.0021918669527200584,0.8,0.1,20,20,500,50,0.0,0.5,0.8,"{'colsample_bytree': 0.8, 'learning_rate': 0.1, 'max_depth': 20, 'min_child_samples': 20, 'n_estimators': 500, 'num_leaves': 50, 'reg_alpha': 0.0, 'reg_lambda': 0.5, 'subsample': 0.8}",-0.012561778111383062,-0.011844747193651969,-0.013082454873051586,-0.012132311549414883,-0.013023926903848857,-0.012529043726270072,0.0004853664515614253,290
0.6500004291534424,0.026636210211907888,0.016251420974731444,0.0011236562926696739,0.8,0.1,20,20,500,50,0.0,1.0,0.8,"{'colsample_bytree': 0.8, 'learning_rate': 0.1, 'max_depth': 20, 'min_child_samples': 20, 'n_estimators': 500, 'num_leaves': 50, 'reg_alpha': 0.0, 'reg_lambda': 1.0, 'subsample': 0.8}",-0.012241954099847735,-0.011944224188856859,-0.013166054234808062,-0.012048442473700974,-0.012756483567278284,-0.012431431712898382,0.0004615804702115987,274
0.39496688842773436,0.03484855353498041,0.006916570663452149,0.0007269732769301751,0.8,0.1,20,20,500,50,0.5,0.0,0.8,"{'colsample_bytree': 0.8, 'learning_rate': 0.1, 'max_depth': 20, 'min_child_samples': 20, 'n_estimators': 500, 'num_leaves': 50, 'reg_alpha': 0.5, 'reg_lambda': 0.0, 'subsample': 0.8}",-0.011743374048010168,-0.011589269314024648,-0.012881586209008958,-0.011577989402446549,-0.012457499827958712,-0.012049943760289807,0.0005266266154727657,159
0.3877395153045654,0.02257717575057072,0.007090425491333008,0.001043909464531115,0.8,0.1,20,20,500,50,0.5,0.5,0.8,"{'colsample_bytree': 0.8, 'learning_rate': 0.1, 'max_depth': 20, 'min_child_samples': 20, 'n_estimators': 500, 'num_leaves': 50, 'reg_alpha': 0.5, 'reg_lambda': 0.5, 'subsample': 0.8}",-0.011456647237709559,-0.011508132464595864,-0.012973007548820255,-0.011562387867806282,-0.012315617266761112,-0.011963158477138613,0.0005946834006463521,89
0.39420170783996583,0.016927345126278647,0.006711626052856445,0.00015004237154230227,0.8,0.1,20,20,500,50,0.5,1.0,0.8,"{'colsample_bytree': 0.8, 'learning_rate': 0.1, 'max_depth': 20, 'min_child_samples': 20, 'n_estimators': 500, 'num_leaves': 50, 'reg_alpha': 0.5, 'reg_lambda': 1.0, 'subsample': 0.8}",-0.011849330764265972,-0.011742988883305803,-0.013031569209536732,-0.011700661633113094,-0.012536024137593988,-0.012172114925563115,0.0005256802379262934,205
0.26929125785827634,0.017531641305294447,0.005494928359985352,0.0004579910468617335,0.8,0.1,20,20,500,50,1.0,0.0,0.8,"{'colsample_bytree': 0.8, 'learning_rate': 0.1, 'max_depth': 20, 'min_child_samples': 20, 'n_estimators': 500, 'num_leaves': 50, 'reg_alpha': 1.0, 'reg_lambda': 0.0, 'subsample': 0.8}",-0.011722183311475452,-0.011360124496710903,-0.012511604800355805,-0.01161741039223829,-0.012412443446675747,-0.01192475328949124,0.00045531007266266517,51
0.2285205364227295,0.01695975745739617,0.004694175720214844,0.00026241013849320457,0.8,0.1,20,20,500,50,1.0,0.5,0.8,"{'colsample_bytree': 0.8, 'learning_rate': 0.1, 'max_depth': 20, 'min_child_samples': 20, 'n_estimators': 500, 'num_leaves': 50, 'reg_alpha': 1.0, 'reg_lambda': 0.5, 'subsample': 0.8}",-0.011522143109906279,-0.011324788544569133,-0.01250949888290654,-0.011738692012534208,-0.012260382755197067,-0.011871101061022644,0.0004465093929153391,5
0.24044499397277833,0.01863647877015803,0.0049075126647949215,0.0004187613026485899,0.8,0.1,20,20,500,50,1.0,1.0,0.8,"{'colsample_bytree': 0.8, 'learning_rate': 0.1, 'max_depth': 20, 'min_child_samples': 20, 'n_estimators': 500, 'num_leaves': 50, 'reg_alpha': 1.0, 'reg_lambda': 1.0, 'subsample': 0.8}",-0.011702114366131604,-0.011514257172897837,-0.01261844812602889,-0.011535838298089669,-0.01247634391156553,-0.011969400374942707,0.0004785034904517696,93
1.0225022315979004,0.09205588961891545,0.025096559524536134,0.0008513211452807696,0.8,0.1,20,20,500,100,0.0,0.0,0.8,"{'colsample_bytree': 0.8, 'learning_rate': 0.1, 'max_depth': 20, 'min_child_samples': 20, 'n_estimators': 500, 'num_leaves': 100, 'reg_alpha': 0.0, 'reg_lambda': 0.0, 'subsample': 0.8}",-0.012256530949660017,-0.012006226130640719,-0.01299372488036631,-0.012078865073139228,-0.012990205822981552,-0.012465110571357563,0.0004378182463946167,282
1.0197706699371338,0.037079152956837585,0.025347137451171876,0.0010839820363709798,0.8,0.1,20,20,500,100,0.0,0.5,0.8,"{'colsample_bytree': 0.8, 'learning_rate': 0.1, 'max_depth': 20, 'min_child_samples': 20, 'n_estimators': 500, 'num_leaves': 100, 'reg_alpha': 0.0, 'reg_lambda': 0.5, 'subsample': 0.8}",-0.012339500121666014,-0.011779094352560408,-0.01289254909908159,-0.012208435592732459,-0.013024256444411906,-0.012448767122090474,0.00045744738338819135,277
0.9972218036651611,0.030157870598135426,0.02508864402770996,0.0016455573062720853,0.8,0.1,20,20,500,100,0.0,1.0,0.8,"{'colsample_bytree': 0.8, 'learning_rate': 0.1, 'max_depth': 20, 'min_child_samples': 20, 'n_estimators': 500, 'num_leaves': 100, 'reg_alpha': 0.0, 'reg_lambda': 1.0, 'subsample': 0.8}",-0.012002073481697184,-0.011810976445988094,-0.012915386350273596,-0.011931955846517106,-0.012776098804759979,-0.012287298185847192,0.00046215246341061263,240
0.45188212394714355,0.045706847830864115,0.0067539215087890625,0.0005560741969235955,0.8,0.1,20,20,500,100,0.5,0.0,0.8,"{'colsample_bytree': 0.8, 'learning_rate': 0.1, 'max_depth': 20, 'min_child_samples': 20, 'n_estimators': 500, 'num_leaves': 100, 'reg_alpha': 0.5, 'reg_lambda': 0.0, 'subsample': 0.8}",-0.011650290581698142,-0.011530351669937676,-0.013003085527633304,-0.011597852200036538,-0.01236562202968346,-0.012029440401797823,0.0005727329992661428,147
0.4109828948974609,0.028685259446951,0.006549215316772461,0.0007697355933679822,0.8,0.1,20,20,500,100,0.5,0.5,0.8,"{'colsample_bytree': 0.8, 'learning_rate': 0.1, 'max_depth': 20, 'min_child_samples': 20, 'n_estimators': 500, 'num_leaves': 100, 'reg_alpha': 0.5, 'reg_lambda': 0.5, 'subsample': 0.8}",-0.011582459661140023,-0.01150547567335362,-0.012843764328668914,-0.011821598108488178,-0.012273722110799605,-0.012005403976490069,0.0004974811555386845,133
0.419846773147583,0.037118255824715354,0.00641937255859375,0.0004198762621908545,0.8,0.1,20,20,500,100,0.5,1.0,0.8,"{'colsample_bytree': 0.8, 'learning_rate': 0.1, 'max_depth': 20, 'min_child_samples': 20, 'n_estimators': 500, 'num_leaves': 100, 'reg_alpha': 0.5, 'reg_lambda': 1.0, 'subsample': 0.8}",-0.011587516840079564,-0.011160036861097096,-0.012841974210401829,-0.0115888100379437,-0.012426796272589014,-0.011921026844422242,0.0006171951797604292,41
0.25947141647338867,0.01149383244269158,0.005045509338378907,0.0002776671782094959,0.8,0.1,20,20,500,100,1.0,0.0,0.8,"{'colsample_bytree': 0.8, 'learning_rate': 0.1, 'max_depth': 20, 'min_child_samples': 20, 'n_estimators': 500, 'num_leaves': 100, 'reg_alpha': 1.0, 'reg_lambda': 0.0, 'subsample': 0.8}",-0.01168794622195503,-0.01156096121184447,-0.01241037411009146,-0.011606726712396034,-0.012392862742742705,-0.01193177419980594,0.0003858162107657289,65
0.26448659896850585,0.015818182157243916,0.0050465106964111325,0.0002790405500565632,0.8,0.1,20,20,500,100,1.0,0.5,0.8,"{'colsample_bytree': 0.8, 'learning_rate': 0.1, 'max_depth': 20, 'min_child_samples': 20, 'n_estimators': 500, 'num_leaves': 100, 'reg_alpha': 1.0, 'reg_lambda': 0.5, 'subsample': 0.8}",-0.011766534115581253,-0.01129947924180751,-0.012430796118462251,-0.01147085046228029,-0.012338606837104547,-0.011861253355047171,0.0004537006972669862,1
0.25067763328552245,0.009499933670234443,0.005055999755859375,0.00040828173617984834,0.8,0.1,20,20,500,100,1.0,1.0,0.8,"{'colsample_bytree': 0.8, 'learning_rate': 0.1, 'max_depth': 20, 'min_child_samples': 20, 'n_estimators': 500, 'num_leaves': 100, 'reg_alpha': 1.0, 'reg_lambda': 1.0, 'subsample': 0.8}",-0.011663647063169674,-0.01135683732664163,-0.012493334513345927,-0.011626034700411474,-0.012500445573310136,-0.011928059835375768,0.00047635897079521274,61
0.6162206172943115,0.03568403460067437,0.019622993469238282,0.0032437618709795055,0.8,0.1,20,20,700,31,0.0,0.0,0.8,"{'colsample_bytree': 0.8, 'learning_rate': 0.1, 'max_depth': 20, 'min_child_samples': 20, 'n_estimators': 700, 'num_leaves': 31, 'reg_alpha': 0.0, 'reg_lambda': 0.0, 'subsample': 0.8}",-0.012393947999704632,-0.012406925121833489,-0.01339249672896632,-0.012208654060425001,-0.012654637993884126,-0.012611332380962714,0.0004155192513790792,306
0.6320581912994385,0.055755391119766955,0.020910167694091798,0.006785685717557648,0.8,0.1,20,20,700,31,0.0,0.5,0.8,"{'colsample_bytree': 0.8, 'learning_rate': 0.1, 'max_depth': 20, 'min_child_samples': 20, 'n_estimators': 700, 'num_leaves': 31, 'reg_alpha': 0.0, 'reg_lambda': 0.5, 'subsample': 0.8}",-0.012006221783307432,-0.012015770149738942,-0.01340789519724838,-0.012301702794233786,-0.012802949447323698,-0.012506907874370449,0.0005354308022812,285
0.5863482475280761,0.01720974040752855,0.017756032943725585,0.0011496272077950813,0.8,0.1,20,20,700,31,0.0,1.0,0.8,"{'colsample_bytree': 0.8, 'learning_rate': 0.1, 'max_depth': 20, 'min_child_samples': 20, 'n_estimators': 700, 'num_leaves': 31, 'reg_alpha': 0.0, 'reg_lambda': 1.0, 'subsample': 0.8}",-0.012071145328611506,-0.011932243299761301,-0.013661002050252015,-0.01237561914517319,-0.012778931423645232,-0.01256378824948865,0.0006208249983380377,300
0.406972599029541,0.0321215464835261,0.0082672119140625,0.0007663121538959435,0.8,0.1,20,20,700,31,0.5,0.0,0.8,"{'colsample_bytree': 0.8, 'learning_rate': 0.1, 'max_depth': 20, 'min_child_samples': 20, 'n_estimators': 700, 'num_leaves': 31, 'reg_alpha': 0.5, 'reg_lambda': 0.0, 'subsample': 0.8}",-0.011837183690620975,-0.011636815014586245,-0.012996113809686663,-0.012085544868473288,-0.012513296876678768,-0.012213790852009188,0.00048844941850605,213
0.38564453125,0.010402029536370584,0.0072994232177734375,0.0002886393039813072,0.8,0.1,20,20,700,31,0.5,0.5,0.8,"{'colsample_bytree': 0.8, 'learning_rate': 0.1, 'max_depth': 20, 'min_child_samples': 20, 'n_estimators': 700, 'num_leaves': 31, 'reg_alpha': 0.5, 'reg_lambda': 0.5, 'subsample': 0.8}",-0.011864216694821426,-0.011255907957016096,-0.012897395321016109,-0.011885245387681606,-0.012406242938277462,-0.012061801659762538,0.0005543524432669906,169
0.3978771209716797,0.012203416588679955,0.007798051834106446,0.00041871083080054076,0.8,0.1,20,20,700,31,0.5,1.0,0.8,"{'colsample_bytree': 0.8, 'learning_rate': 0.1, 'max_depth': 20, 'min_child_samples': 20, 'n_estimators': 700, 'num_leaves': 31, 'reg_alpha': 0.5, 'reg_lambda': 1.0, 'subsample': 0.8}",-0.01181829220424944,-0.011678110971346375,-0.013095970036978126,-0.01182521872467727,-0.012687322211163561,-0.012220982829682954,0.0005650794373973831,217
0.24359993934631347,0.008936323878502248,0.005378246307373047,0.0004049862790339863,0.8,0.1,20,20,700,31,1.0,0.0,0.8,"{'colsample_bytree': 0.8, 'learning_rate': 0.1, 'max_depth': 20, 'min_child_samples': 20, 'n_estimators': 700, 'num_leaves': 31, 'reg_alpha': 1.0, 'reg_lambda': 0.0, 'subsample': 0.8}",-0.011690163581726466,-0.011430675379315736,-0.01268614206431238,-0.011670770532770573,-0.01238215444082383,-0.011971981199789797,0.0004777926025237638,97
0.22983622550964355,0.01210462993622257,0.005466651916503906,0.0007626755734910364,0.8,0.1,20,20,700,31,1.0,0.5,0.8,"{'colsample_bytree': 0.8, 'learning_rate': 0.1, 'max_depth': 20, 'min_child_samples': 20, 'n_estimators': 700, 'num_leaves': 31, 'reg_alpha': 1.0, 'reg_lambda': 0.5, 'subsample': 0.8}",-0.011847604807760025,-0.011342087746223894,-0.012648734494729473,-0.011769310538834593,-0.012348391918872624,-0.011991225901284121,0.00045850603169984,111
0.26219611167907714,0.015383654645656667,0.005641365051269531,0.0003222749572815118,0.8,0.1,20,20,700,31,1.0,1.0,0.8,"{'colsample_bytree': 0.8, 'learning_rate': 0.1, 'max_depth': 20, 'min_child_samples': 20, 'n_estimators': 700, 'num_leaves': 31, 'reg_alpha': 1.0, 'reg_lambda': 1.0, 'subsample': 0.8}",-0.011797621221935976,-0.011347618437869534,-0.012635593066088312,-0.011861448711043143,-0.012291197338242214,-0.011986695755035836,0.0004412810335554069,105
0.8998655319213867,0.04872565139149161,0.026858139038085937,0.0031591083966730858,0.8,0.1,20,20,700,50,0.0,0.0,0.8,"{'colsample_bytree': 0.8, 'learning_rate': 0.1, 'max_depth': 20, 'min_child_samples': 20, 'n_estimators': 700, 'num_leaves': 50, 'reg_alpha': 0.0, 'reg_lambda': 0.0, 'subsample': 0.8}",-0.012176928841705547,-0.012168681936885738,-0.01290842720984003,-0.01224992387284873,-0.012662207302054144,-0.012433233832666837,0.0002991722215427366,275
0.8873774528503418,0.03222008169120038,0.026035261154174805,0.0013002559744907298,0.8,0.1,20,20,700,50,0.0,0.5,0.8,"{'colsample_bytree': 0.8, 'learning_rate': 0.1, 'max_depth': 20, 'min_child_samples': 20, 'n_estimators': 700, 'num_leaves': 50, 'reg_alpha': 0.0, 'reg_lambda': 0.5, 'subsample': 0.8}",-0.012582004890209254,-0.011872210998163851,-0.013097881484298194,-0.012145811311433398,-0.013065274558776008,-0.012552636648576143,0.00048773721862342445,294
0.8850576400756835,0.020765745567449055,0.025158023834228514,0.0002697161681911095,0.8,0.1,20,20,700,50,0.0,1.0,0.8,"{'colsample_bytree': 0.8, 'learning_rate': 0.1, 'max_depth': 20, 'min_child_samples': 20, 'n_estimators': 700, 'num_leaves': 50, 'reg_alpha': 0.0, 'reg_lambda': 1.0, 'subsample': 0.8}",-0.012256499273445241,-0.011979531840658562,-0.0131930593773785,-0.012059378919588113,-0.012793075217304472,-0.012456308925674977,0.0004649745108962992,280
0.4566970348358154,0.05714720484550747,0.007252120971679687,0.000888880300200516,0.8,0.1,20,20,700,50,0.5,0.0,0.8,"{'colsample_bytree': 0.8, 'learning_rate': 0.1, 'max_depth': 20, 'min_child_samples': 20, 'n_estimators': 700, 'num_leaves': 50, 'reg_alpha': 0.5, 'reg_lambda': 0.0, 'subsample': 0.8}",-0.011743374048010168,-0.011589269314024648,-0.012881586209008958,-0.011577989402446549,-0.012457499827958712,-0.012049943760289807,0.0005266266154727657,159
0.3977981090545654,0.01096269695739913,0.007186126708984375,0.0004331982889472637,0.8,0.1,20,20,700,50,0.5,0.5,0.8,"{'colsample_bytree': 0.8, 'learning_rate': 0.1, 'max_depth': 20, 'min_child_samples': 20, 'n_estimators': 700, 'num_leaves': 50, 'reg_alpha': 0.5, 'reg_lambda': 0.5, 'subsample': 0.8}",-0.011456647237709559,-0.011508132464595864,-0.012973007548820255,-0.011562387867806282,-0.012315617266761112,-0.011963158477138613,0.0005946834006463521,89
0.4113336086273193,0.025235849398595304,0.007256460189819336,0.001040478034411996,0.8,0.1,20,20,700,50,0.5,1.0,0.8,"{'colsample_bytree': 0.8, 'learning_rate': 0.1, 'max_depth': 20, 'min_child_samples': 20, 'n_estimators': 700, 'num_leaves': 50, 'reg_alpha': 0.5, 'reg_lambda': 1.0, 'subsample': 0.8}",-0.011849330764265972,-0.011742988883305803,-0.013031569209536732,-0.011700661633113094,-0.012536024137593988,-0.012172114925563115,0.0005256802379262934,205
0.2599177837371826,0.016190840968154926,0.00533909797668457,0.0004450204324122613,0.8,0.1,20,20,700,50,1.0,0.0,0.8,"{'colsample_bytree': 0.8, 'learning_rate': 0.1, 'max_depth': 20, 'min_child_samples': 20, 'n_estimators': 700, 'num_leaves': 50, 'reg_alpha': 1.0, 'reg_lambda': 0.0, 'subsample': 0.8}",-0.011722183311475452,-0.011360124496710903,-0.012511604800355805,-0.01161741039223829,-0.012412443446675747,-0.01192475328949124,0.00045531007266266517,51
0.2507761478424072,0.011478036845119973,0.0048160552978515625,0.00025134479673058973,0.8,0.1,20,20,700,50,1.0,0.5,0.8,"{'colsample_bytree': 0.8, 'learning_rate': 0.1, 'max_depth': 20, 'min_child_samples': 20, 'n_estimators': 700, 'num_leaves': 50, 'reg_alpha': 1.0, 'reg_lambda': 0.5, 'subsample': 0.8}",-0.011522143109906279,-0.011324788544569133,-0.01250949888290654,-0.011738692012534208,-0.012260382755197067,-0.011871101061022644,0.0004465093929153391,5
0.2510800838470459,0.01408815222953365,0.004951286315917969,0.0004273833592908619,0.8,0.1,20,20,700,50,1.0,1.0,0.8,"{'colsample_bytree': 0.8, 'learning_rate': 0.1, 'max_depth': 20, 'min_child_samples': 20, 'n_estimators': 700, 'num_leaves': 50, 'reg_alpha': 1.0, 'reg_lambda': 1.0, 'subsample': 0.8}",-0.011702114366131604,-0.011514257172897837,-0.01261844812602889,-0.011535838298089669,-0.01247634391156553,-0.011969400374942707,0.0004785034904517696,93
1.4169322967529296,0.04350735986940257,0.03746609687805176,0.002354771120534388,0.8,0.1,20,20,700,100,0.0,0.0,0.8,"{'colsample_bytree': 0.8, 'learning_rate': 0.1, 'max_depth': 20, 'min_child_samples': 20, 'n_estimators': 700, 'num_leaves': 100, 'reg_alpha': 0.0, 'reg_lambda': 0.0, 'subsample': 0.8}",-0.012259187064397914,-0.012011805495489532,-0.012996268699869428,-0.012075359363714176,-0.012991832270991625,-0.012466890578892536,0.0004380285037760123,284
1.4308648109436035,0.037468034852418335,0.03567605018615723,0.00018282010024057302,0.8,0.1,20,20,700,100,0.0,0.5,0.8,"{'colsample_bytree': 0.8, 'learning_rate': 0.1, 'max_depth': 20, 'min_child_samples': 20, 'n_estimators': 700, 'num_leaves': 100, 'reg_alpha': 0.0, 'reg_lambda': 0.5, 'subsample': 0.8}",-0.012344688519904388,-0.011787138888910486,-0.012900415615020663,-0.012210950501473816,-0.013028765941183034,-0.012454391893298477,0.00045724562774827546,279
1.5336018085479737,0.12471704577960069,0.036763763427734374,0.001537200763731957,0.8,0.1,20,20,700,100,0.0,1.0,0.8,"{'colsample_bytree': 0.8, 'learning_rate': 0.1, 'max_depth': 20, 'min_child_samples': 20, 'n_estimators': 700, 'num_leaves': 100, 'reg_alpha': 0.0, 'reg_lambda': 1.0, 'subsample': 0.8}",-0.01200464552395946,-0.011814526982968629,-0.012918967683842302,-0.01193164849143933,-0.012777555147317486,-0.012289468765905441,0.0004624341095884695,241
0.4315503120422363,0.015373759094514529,0.006569766998291015,0.0004904012877298933,0.8,0.1,20,20,700,100,0.5,0.0,0.8,"{'colsample_bytree': 0.8, 'learning_rate': 0.1, 'max_depth': 20, 'min_child_samples': 20, 'n_estimators': 700, 'num_leaves': 100, 'reg_alpha': 0.5, 'reg_lambda': 0.0, 'subsample': 0.8}",-0.011650290581698142,-0.011530351669937676,-0.013003085527633304,-0.011597852200036538,-0.01236562202968346,-0.012029440401797823,0.0005727329992661428,147
0.4297464847564697,0.031083939757851915,0.00640573501586914,0.00037546191144041403,0.8,0.1,20,20,700,100,0.5,0.5,0.8,"{'colsample_bytree': 0.8, 'learning_rate': 0.1, 'max_depth': 20, 'min_child_samples': 20, 'n_estimators': 700, 'num_leaves': 100, 'reg_alpha': 0.5, 'reg_lambda': 0.5, 'subsample': 0.8}",-0.011582459661140023,-0.01150547567335362,-0.012843764328668914,-0.011821598108488178,-0.012273722110799605,-0.012005403976490069,0.0004974811555386845,133
0.43444290161132815,0.029219358205030126,0.006924676895141602,0.000522788772819835,0.8,0.1,20,20,700,100,0.5,1.0,0.8,"{'colsample_bytree': 0.8, 'learning_rate': 0.1, 'max_depth': 20, 'min_child_samples': 20, 'n_estimators': 700, 'num_leaves': 100, 'reg_alpha': 0.5, 'reg_lambda': 1.0, 'subsample': 0.8}",-0.011587516840079564,-0.011160036861097096,-0.012841974210401829,-0.0115888100379437,-0.012426796272589014,-0.011921026844422242,0.0006171951797604292,41
0.2698411464691162,0.0067230958790245425,0.0048926353454589845,0.00014261484367330044,0.8,0.1,20,20,700,100,1.0,0.0,0.8,"{'colsample_bytree': 0.8, 'learning_rate': 0.1, 'max_depth': 20, 'min_child_samples': 20, 'n_estimators': 700, 'num_leaves': 100, 'reg_alpha': 1.0, 'reg_lambda': 0.0, 'subsample': 0.8}",-0.01168794622195503,-0.01156096121184447,-0.01241037411009146,-0.011606726712396034,-0.012392862742742705,-0.01193177419980594,0.0003858162107657289,65
0.2766448974609375,0.023626178140904085,0.005139970779418945,0.0003928605930147269,0.8,0.1,20,20,700,100,1.0,0.5,0.8,"{'colsample_bytree': 0.8, 'learning_rate': 0.1, 'max_depth': 20, 'min_child_samples': 20, 'n_estimators': 700, 'num_leaves': 100, 'reg_alpha': 1.0, 'reg_lambda': 0.5, 'subsample': 0.8}",-0.011766534115581253,-0.01129947924180751,-0.012430796118462251,-0.01147085046228029,-0.012338606837104547,-0.011861253355047171,0.0004537006972669862,1
0.26807565689086915,0.012372794125790737,0.004988861083984375,0.00031424091143744426,0.8,0.1,20,20,700,100,1.0,1.0,0.8,"{'colsample_bytree': 0.8, 'learning_rate': 0.1, 'max_depth': 20, 'min_child_samples': 20, 'n_estimators': 700, 'num_leaves': 100, 'reg_alpha': 1.0, 'reg_lambda': 1.0, 'subsample': 0.8}",-0.011663647063169674,-0.01135683732664163,-0.012493334513345927,-0.011626034700411474,-0.012500445573310136,-0.011928059835375768,0.00047635897079521274,61
0.4188539028167725,0.003693910894739776,0.011687517166137695,0.0009324024581116028,0.8,0.1,20,30,500,31,0.0,0.0,0.8,"{'colsample_bytree': 0.8, 'learning_rate': 0.1, 'max_depth': 20, 'min_child_samples': 30, 'n_estimators': 500, 'num_leaves': 31, 'reg_alpha': 0.0, 'reg_lambda': 0.0, 'subsample': 0.8}",-0.012080025151900573,-0.01207633242411944,-0.013272410116144684,-0.012454112475092203,-0.012658746043401125,-0.012508325242131604,0.00044259459968829667,286
0.4659568309783936,0.030962329371694314,0.01410503387451172,0.0016239303040438068,0.8,0.1,20,30,500,31,0.0,0.5,0.8,"{'colsample_bytree': 0.8, 'learning_rate': 0.1, 'max_depth': 20, 'min_child_samples': 30, 'n_estimators': 500, 'num_leaves': 31, 'reg_alpha': 0.0, 'reg_lambda': 0.5, 'subsample': 0.8}",-0.01246630903847955,-0.012181311736141323,-0.013380225258626715,-0.012260501487774994,-0.01267521715086157,-0.012592712934376832,0.0004295523117489002,303
0.428096866607666,0.00879797611106673,0.012717199325561524,0.0018048286022251784,0.8,0.1,20,30,500,31,0.0,1.0,0.8,"{'colsample_bytree': 0.8, 'learning_rate': 0.1, 'max_depth': 20, 'min_child_samples': 30, 'n_estimators': 500, 'num_leaves': 31, 'reg_alpha': 0.0, 'reg_lambda': 1.0, 'subsample': 0.8}",-0.012475275423876461,-0.012082619775981513,-0.013506048445024602,-0.012507326778226033,-0.012618686725270499,-0.01263799142967582,0.00047029417961896007,312
0.37296042442321775,0.012449225492980219,0.008419990539550781,0.0005886298525933785,0.8,0.1,20,30,500,31,0.5,0.0,0.8,"{'colsample_bytree': 0.8, 'learning_rate': 0.1, 'max_depth': 20, 'min_child_samples': 30, 'n_estimators': 500, 'num_leaves': 31, 'reg_alpha': 0.5, 'reg_lambda': 0.0, 'subsample': 0.8}",-0.012044562902256544,-0.011758025428732248,-0.013075255134343988,-0.012069365420512238,-0.012382400817902543,-0.01226592194074951,0.00045037333481596906,231
0.38570232391357423,0.049878118969405305,0.008300209045410156,0.0010522049074827833,0.8,0.1,20,30,500,31,0.5,0.5,0.8,"{'colsample_bytree': 0.8, 'learning_rate': 0.1, 'max_depth': 20, 'min_child_samples': 30, 'n_estimators': 500, 'num_leaves': 31, 'reg_alpha': 0.5, 'reg_lambda': 0.5, 'subsample': 0.8}",-0.012037288519702068,-0.01164165427524111,-0.013013070197655177,-0.01159531901656874,-0.012336483432402347,-0.012124763088313888,0.0005206288457501574,191
0.37200098037719725,0.021905690873501683,0.007792997360229492,0.00023420508340794093,0.8,0.1,20,30,500,31,0.5,1.0,0.8,"{'colsample_bytree': 0.8, 'learning_rate': 0.1, 'max_depth': 20, 'min_child_samples': 30, 'n_estimators': 500, 'num_leaves': 31, 'reg_alpha': 0.5, 'reg_lambda': 1.0, 'subsample': 0.8}",-0.01180170889168184,-0.011801774998098728,-0.013138287857511272,-0.011938834612171066,-0.012555172733156253,-0.012247155818523833,0.000525516838309093,225
0.2211827278137207,0.013677447266776624,0.005161428451538086,0.00022931012177060284,0.8,0.1,20,30,500,31,1.0,0.0,0.8,"{'colsample_bytree': 0.8, 'learning_rate': 0.1, 'max_depth': 20, 'min_child_samples': 30, 'n_estimators': 500, 'num_leaves': 31, 'reg_alpha': 1.0, 'reg_lambda': 0.0, 'subsample': 0.8}",-0.011754934671945839,-0.011396361959457849,-0.0126118876388109,-0.011646965832243623,-0.012211559201614557,-0.011924341860814553,0.0004335001801152208,43
0.2175455093383789,0.013924856769239935,0.005179023742675782,0.0002450646389926386,0.8,0.1,20,30,500,31,1.0,0.5,0.8,"{'colsample_bytree': 0.8, 'learning_rate': 0.1, 'max_depth': 20, 'min_child_samples': 30, 'n_estimators': 500, 'num_leaves': 31, 'reg_alpha': 1.0, 'reg_lambda': 0.5, 'subsample': 0.8}",-0.0116904739529583,-0.0114712896977421,-0.012578499612298006,-0.011915376949002932,-0.012308763463336812,-0.01199288073506763,0.0004030496932949466,119
0.22133736610412597,0.01383471919130735,0.005534696578979492,0.000505787096486083,0.8,0.1,20,30,500,31,1.0,1.0,0.8,"{'colsample_bytree': 0.8, 'learning_rate': 0.1, 'max_depth': 20, 'min_child_samples': 30, 'n_estimators': 500, 'num_leaves': 31, 'reg_alpha': 1.0, 'reg_lambda': 1.0, 'subsample': 0.8}",-0.011765792442146024,-0.011263662513009028,-0.012654196406490768,-0.011774224828378798,-0.01250108589950319,-0.011991792417905562,0.000515120121515721,115
0.6839605808258057,0.06372537169520241,0.01960139274597168,0.0026418858034868878,0.8,0.1,20,30,500,50,0.0,0.0,0.8,"{'colsample_bytree': 0.8, 'learning_rate': 0.1, 'max_depth': 20, 'min_child_samples': 30, 'n_estimators': 500, 'num_leaves': 50, 'reg_alpha': 0.0, 'reg_lambda': 0.0, 'subsample': 0.8}",-0.012494665920212136,-0.012229348352934703,-0.013268476181554384,-0.012699731485774605,-0.01299832934697027,-0.012738110257489221,0.000365671639298533,323
0.6438913345336914,0.014421531726178775,0.018782377243041992,0.0018652517261415064,0.8,0.1,20,30,500,50,0.0,0.5,0.8,"{'colsample_bytree': 0.8, 'learning_rate': 0.1, 'max_depth': 20, 'min_child_samples': 30, 'n_estimators': 500, 'num_leaves': 50, 'reg_alpha': 0.0, 'reg_lambda': 0.5, 'subsample': 0.8}",-0.01226789553138749,-0.011900415656651085,-0.013416776503680294,-0.012650197598359511,-0.012895589386759125,-0.012626174935367501,0.0005202504659745668,309
0.6552903652191162,0.022353032960347154,0.01822032928466797,0.0012532286008503177,0.8,0.1,20,30,500,50,0.0,1.0,0.8,"{'colsample_bytree': 0.8, 'learning_rate': 0.1, 'max_depth': 20, 'min_child_samples': 30, 'n_estimators': 500, 'num_leaves': 50, 'reg_alpha': 0.0, 'reg_lambda': 1.0, 'subsample': 0.8}",-0.012210736418292378,-0.01169493410774329,-0.013243791782584145,-0.01249839562802863,-0.01298535379010784,-0.012526642345351257,0.000550827110656239,289
0.3960607051849365,0.02871985395065847,0.007608366012573242,0.0005492783738586615,0.8,0.1,20,30,500,50,0.5,0.0,0.8,"{'colsample_bytree': 0.8, 'learning_rate': 0.1, 'max_depth': 20, 'min_child_samples': 30, 'n_estimators': 500, 'num_leaves': 50, 'reg_alpha': 0.5, 'reg_lambda': 0.0, 'subsample': 0.8}",-0.011727174062692178,-0.011865246845341775,-0.012885853090309138,-0.011788788146860954,-0.012274374029831397,-0.012108287235007089,0.0004332641298777071,185
0.3871577262878418,0.01810688753680987,0.007085037231445312,0.0002226300248136863,0.8,0.1,20,30,500,50,0.5,0.5,0.8,"{'colsample_bytree': 0.8, 'learning_rate': 0.1, 'max_depth': 20, 'min_child_samples': 30, 'n_estimators': 500, 'num_leaves': 50, 'reg_alpha': 0.5, 'reg_lambda': 0.5, 'subsample': 0.8}",-0.011265567634366253,-0.011756156143572696,-0.01284168084272462,-0.011581835387018378,-0.012357184823299646,-0.01196048496619632,0.0005660234657822037,85
0.42516183853149414,0.03428955981975263,0.007917356491088868,0.0006294033632010667,0.8,0.1,20,30,500,50,0.5,1.0,0.8,"{'colsample_bytree': 0.8, 'learning_rate': 0.1, 'max_depth': 20, 'min_child_samples': 30, 'n_estimators': 500, 'num_leaves': 50, 'reg_alpha': 0.5, 'reg_lambda': 1.0, 'subsample': 0.8}",-0.011628182092643222,-0.01167266703856415,-0.012886734733262318,-0.011924009729229192,-0.012546916400665705,-0.012131701998872917,0.0004999717790197108,195
0.264047908782959,0.019072464221986274,0.008087539672851562,0.004961967474218747,0.8,0.1,20,30,500,50,1.0,0.0,0.8,"{'colsample_bytree': 0.8, 'learning_rate': 0.1, 'max_depth': 20, 'min_child_samples': 30, 'n_estimators': 500, 'num_leaves': 50, 'reg_alpha': 1.0, 'reg_lambda': 0.0, 'subsample': 0.8}",-0.011722355919365813,-0.011302794234758018,-0.01268668989841997,-0.011559249221430404,-0.012316969858729106,-0.011917611826540662,0.0005090220458315167,33
0.24126734733581542,0.02067205969850595,0.005333042144775391,0.000516562528736377,0.8,0.1,20,30,500,50,1.0,0.5,0.8,"{'colsample_bytree': 0.8, 'learning_rate': 0.1, 'max_depth': 20, 'min_child_samples': 30, 'n_estimators': 500, 'num_leaves': 50, 'reg_alpha': 1.0, 'reg_lambda': 0.5, 'subsample': 0.8}",-0.011764160363581973,-0.011484891709739724,-0.01251641385593766,-0.011888037879023906,-0.012331610877335402,-0.011997022937123732,0.0003768546487410838,127
0.236863374710083,0.008234775092874048,0.005345964431762695,0.0005208328943503723,0.8,0.1,20,30,500,50,1.0,1.0,0.8,"{'colsample_bytree': 0.8, 'learning_rate': 0.1, 'max_depth': 20, 'min_child_samples': 30, 'n_estimators': 500, 'num_leaves': 50, 'reg_alpha': 1.0, 'reg_lambda': 1.0, 'subsample': 0.8}",-0.011757094911622051,-0.011250981378488055,-0.012657478923257297,-0.011690704886609718,-0.012198626082056439,-0.011910977236406712,0.0004791243757753082,29
0.8203506469726562,0.010115356232517119,0.022412919998168947,0.0027705548997390265,0.8,0.1,20,30,500,100,0.0,0.0,0.8,"{'colsample_bytree': 0.8, 'learning_rate': 0.1, 'max_depth': 20, 'min_child_samples': 30, 'n_estimators': 500, 'num_leaves': 100, 'reg_alpha': 0.0, 'reg_lambda': 0.0, 'subsample': 0.8}",-0.012220368712499576,-0.012068991905007213,-0.0135576842431537,-0.012261637618442931,-0.013131839691761942,-0.012648104434173075,0.0005880511877435207,315
0.8221355438232422,0.019526638654862313,0.02134709358215332,0.0006082346347474774,0.8,0.1,20,30,500,100,0.0,0.5,0.8,"{'colsample_bytree': 0.8, 'learning_rate': 0.1, 'max_depth': 20, 'min_child_samples': 30, 'n_estimators': 500, 'num_leaves': 100, 'reg_alpha': 0.0, 'reg_lambda': 0.5, 'subsample': 0.8}",-0.012175414479031256,-0.011748243509478723,-0.013112541947016944,-0.01187374776757279,-0.01266439871594238,-0.012314869283808419,0.0005086360396893352,246
0.9053586006164551,0.09201184552941852,0.023202991485595702,0.0007236787213152388,0.8,0.1,20,30,500,100,0.0,1.0,0.8,"{'colsample_bytree': 0.8, 'learning_rate': 0.1, 'max_depth': 20, 'min_child_samples': 30, 'n_estimators': 500, 'num_leaves': 100, 'reg_alpha': 0.0, 'reg_lambda': 1.0, 'subsample': 0.8}",-0.01204704082345928,-0.012018755049491289,-0.012905697972666346,-0.011896809054982214,-0.013013922704892886,-0.012376445121098402,0.00048020545296406,257
0.37755441665649414,0.008693778315694161,0.0068682670593261715,0.0003726204790403242,0.8,0.1,20,30,500,100,0.5,0.0,0.8,"{'colsample_bytree': 0.8, 'learning_rate': 0.1, 'max_depth': 20, 'min_child_samples': 30, 'n_estimators': 500, 'num_leaves': 100, 'reg_alpha': 0.5, 'reg_lambda': 0.0, 'subsample': 0.8}",-0.011800041664458959,-0.011643366044789917,-0.01293735375108764,-0.011604476834675189,-0.012570795862519217,-0.012111206831506186,0.0005415191340568847,189
0.43274674415588377,0.01557922239051388,0.008040189743041992,0.0003576687153695616,0.8,0.1,20,30,500,100,0.5,0.5,0.8,"{'colsample_bytree': 0.8, 'learning_rate': 0.1, 'max_depth': 20, 'min_child_samples': 30, 'n_estimators': 500, 'num_leaves': 100, 'reg_alpha': 0.5, 'reg_lambda': 0.5, 'subsample': 0.8}",-0.011771913901437349,-0.011466214251822687,-0.01288624174717406,-0.011655487557402385,-0.01250632341771775,-0.012057236175110845,0.0005442512756946441,163
0.3995336055755615,0.014436535150838618,0.007632017135620117,0.0008145309251020755,0.8,0.1,20,30,500,100,0.5,1.0,0.8,"{'colsample_bytree': 0.8, 'learning_rate': 0.1, 'max_depth': 20, 'min_child_samples': 30, 'n_estimators': 500, 'num_leaves': 100, 'reg_alpha': 0.5, 'reg_lambda': 1.0, 'subsample': 0.8}",-0.011507384280531305,-0.011668524739754419,-0.01292477235645072,-0.011831527231241735,-0.012595689303472744,-0.012105579582290185,0.0005541197678444656,183
0.2308497428894043,0.00593797026317317,0.0049858570098876955,0.00019652306498344198,0.8,0.1,20,30,500,100,1.0,0.0,0.8,"{'colsample_bytree': 0.8, 'learning_rate': 0.1, 'max_depth': 20, 'min_child_samples': 30, 'n_estimators': 500, 'num_leaves': 100, 'reg_alpha': 1.0, 'reg_lambda': 0.0, 'subsample': 0.8}",-0.01189777283313105,-0.01138289492509397,-0.01253190745082378,-0.011560721899178675,-0.012263467593635492,-0.011927352940372593,0.00042665842304058814,57
0.2759260654449463,0.010647884022602439,0.006102132797241211,0.0004284333014912894,0.8,0.1,20,30,500,100,1.0,0.5,0.8,"{'colsample_bytree': 0.8, 'learning_rate': 0.1, 'max_depth': 20, 'min_child_samples': 30, 'n_estimators': 500, 'num_leaves': 100, 'reg_alpha': 1.0, 'reg_lambda': 0.5, 'subsample': 0.8}",-0.011680997394830809,-0.011359950434967464,-0.012617475437750382,-0.01161337935555495,-0.01216715286547475,-0.011887791097715669,0.0004488125306665024,13
0.25769805908203125,0.022308781559992663,0.0056190013885498045,0.0006299191471827575,0.8,0.1,20,30,500,100,1.0,1.0,0.8,"{'colsample_bytree': 0.8, 'learning_rate': 0.1, 'max_depth': 20, 'min_child_samples': 30, 'n_estimators': 500, 'num_leaves': 100, 'reg_alpha': 1.0, 'reg_lambda': 1.0, 'subsample': 0.8}",-0.011816386467575634,-0.01143438837547041,-0.012494700150109292,-0.011549394590010245,-0.012213642723761246,-0.011901702461385366,0.00039968364891503706,17
0.5715450763702392,0.007473186744255968,0.019146156311035157,0.0006302951701103569,0.8,0.1,20,30,700,31,0.0,0.0,0.8,"{'colsample_bytree': 0.8, 'learning_rate': 0.1, 'max_depth': 20, 'min_child_samples': 30, 'n_estimators': 700, 'num_leaves': 31, 'reg_alpha': 0.0, 'reg_lambda': 0.0, 'subsample': 0.8}",-0.012214447492216039,-0.012140622517425826,-0.013401960810639683,-0.01255338015587969,-0.012683650563367047,-0.012598812307905657,0.00044988516826217234,304
0.6186007499694824,0.026295269269217905,0.019864368438720702,0.0018346020576673202,0.8,0.1,20,30,700,31,0.0,0.5,0.8,"{'colsample_bytree': 0.8, 'learning_rate': 0.1, 'max_depth': 20, 'min_child_samples': 30, 'n_estimators': 700, 'num_leaves': 31, 'reg_alpha': 0.0, 'reg_lambda': 0.5, 'subsample': 0.8}",-0.012582441445316233,-0.012223425054673628,-0.013500237387320872,-0.01234328849270229,-0.01275914233960636,-0.012681706943923876,0.0004495311567907174,320
0.5912630081176757,0.020090612378946625,0.01835036277770996,9.372646458099176e-05,0.8,0.1,20,30,700,31,0.0,1.0,0.8,"{'colsample_bytree': 0.8, 'learning_rate': 0.1, 'max_depth': 20, 'min_child_samples': 30, 'n_estimators': 700, 'num_leaves': 31, 'reg_alpha': 0.0, 'reg_lambda': 1.0, 'subsample': 0.8}",-0.012495345749628784,-0.012213103719970714,-0.013634089176389237,-0.012552527428441653,-0.01271937764955406,-0.012722888744796889,0.0004839376237948997,322
0.3861959457397461,0.010031230841012439,0.00781092643737793,0.00033902352695885793,0.8,0.1,20,30,700,31,0.5,0.0,0.8,"{'colsample_bytree': 0.8, 'learning_rate': 0.1, 'max_depth': 20, 'min_child_samples': 30, 'n_estimators': 700, 'num_leaves': 31, 'reg_alpha': 0.5, 'reg_lambda': 0.0, 'subsample': 0.8}",-0.012044562902256544,-0.011758025428732248,-0.013075255134343988,-0.012069365420512238,-0.012382400817902543,-0.01226592194074951,0.00045037333481596906,231
0.4039240837097168,0.04454658923178106,0.008198976516723633,0.0008246936629826312,0.8,0.1,20,30,700,31,0.5,0.5,0.8,"{'colsample_bytree': 0.8, 'learning_rate': 0.1, 'max_depth': 20, 'min_child_samples': 30, 'n_estimators': 700, 'num_leaves': 31, 'reg_alpha': 0.5, 'reg_lambda': 0.5, 'subsample': 0.8}",-0.012037288519702068,-0.01164165427524111,-0.013013070197655177,-0.01159531901656874,-0.012336483432402347,-0.012124763088313888,0.0005206288457501574,191
0.38748602867126464,0.015700522400561332,0.008205842971801759,0.0008647325631710168,0.8,0.1,20,30,700,31,0.5,1.0,0.8,"{'colsample_bytree': 0.8, 'learning_rate': 0.1, 'max_depth': 20, 'min_child_samples': 30, 'n_estimators': 700, 'num_leaves': 31, 'reg_alpha': 0.5, 'reg_lambda': 1.0, 'subsample': 0.8}",-0.01180170889168184,-0.011801774998098728,-0.013138287857511272,-0.011938834612171066,-0.012555172733156253,-0.012247155818523833,0.000525516838309093,225
0.2622095584869385,0.008624888408494881,0.005731534957885742,0.0003358984383093138,0.8,0.1,20,30,700,31,1.0,0.0,0.8,"{'colsample_bytree': 0.8, 'learning_rate': 0.1, 'max_depth': 20, 'min_child_samples': 30, 'n_estimators': 700, 'num_leaves': 31, 'reg_alpha': 1.0, 'reg_lambda': 0.0, 'subsample': 0.8}",-0.011754934671945839,-0.011396361959457849,-0.0126118876388109,-0.011646965832243623,-0.012211559201614557,-0.011924341860814553,0.0004335001801152208,43
0.23624377250671386,0.015144096587119286,0.005569314956665039,0.000527346771098298,0.8,0.1,20,30,700,31,1.0,0.5,0.8,"{'colsample_bytree': 0.8, 'learning_rate': 0.1, 'max_depth': 20, 'min_child_samples': 30, 'n_estimators': 700, 'num_leaves': 31, 'reg_alpha': 1.0, 'reg_lambda': 0.5, 'subsample': 0.8}",-0.0116904739529583,-0.0114712896977421,-0.012578499612298006,-0.011915376949002932,-0.012308763463336812,-0.01199288073506763,0.0004030496932949466,119
0.25574460029602053,0.019300255345656898,0.005577611923217774,0.0004583301466441999,0.8,0.1,20,30,700,31,1.0,1.0,0.8,"{'colsample_bytree': 0.8, 'learning_rate': 0.1, 'max_depth': 20, 'min_child_samples': 30, 'n_estimators': 700, 'num_leaves': 31, 'reg_alpha': 1.0, 'reg_lambda': 1.0, 'subsample': 0.8}",-0.011765792442146024,-0.011263662513009028,-0.012654196406490768,-0.011774224828378798,-0.01250108589950319,-0.011991792417905562,0.000515120121515721,115
0.8597635746002197,0.010878898283401914,0.028179121017456055,0.0006596967447187483,0.8,0.1,20,30,700,50,0.0,0.0,0.8,"{'colsample_bytree': 0.8, 'learning_rate': 0.1, 'max_depth': 20, 'min_child_samples': 30, 'n_estimators': 700, 'num_leaves': 50, 'reg_alpha': 0.0, 'reg_lambda': 0.0, 'subsample': 0.8}",-0.012540571486093123,-0.012275215826511738,-0.013304853010971547,-0.012728160551562265,-0.01304314635057999,-0.012778389445143732,0.0003631870369396332,324
0.9176881313323975,0.0764208799465144,0.028114175796508788,0.0005190032536945046,0.8,0.1,20,30,700,50,0.0,0.5,0.8,"{'colsample_bytree': 0.8, 'learning_rate': 0.1, 'max_depth': 20, 'min_child_samples': 30, 'n_estimators': 700, 'num_leaves': 50, 'reg_alpha': 0.0, 'reg_lambda': 0.5, 'subsample': 0.8}",-0.012305796320052216,-0.01194138780444655,-0.01347648930484108,-0.01268814626014355,-0.012919039048233803,-0.012666171747543439,0.0005246373047235232,317
0.8719183444976807,0.014392589582451317,0.029526329040527342,0.0021993054056863403,0.8,0.1,20,30,700,50,0.0,1.0,0.8,"{'colsample_bytree': 0.8, 'learning_rate': 0.1, 'max_depth': 20, 'min_child_samples': 30, 'n_estimators': 700, 'num_leaves': 50, 'reg_alpha': 0.0, 'reg_lambda': 1.0, 'subsample': 0.8}",-0.012265344608379901,-0.011727306647953266,-0.013282139047920782,-0.012506408728546105,-0.013015978066208056,-0.012559435419801621,0.0005499947727697846,296
0.4333007335662842,0.05378577645046764,0.007522773742675781,0.0005717454379403125,0.8,0.1,20,30,700,50,0.5,0.0,0.8,"{'colsample_bytree': 0.8, 'learning_rate': 0.1, 'max_depth': 20, 'min_child_samples': 30, 'n_estimators': 700, 'num_leaves': 50, 'reg_alpha': 0.5, 'reg_lambda': 0.0, 'subsample': 0.8}",-0.011727174062692178,-0.011865246845341775,-0.012885853090309138,-0.011788788146860954,-0.012274374029831397,-0.012108287235007089,0.0004332641298777071,185
0.4096972465515137,0.0191799139071506,0.007385683059692383,0.0005992378892103501,0.8,0.1,20,30,700,50,0.5,0.5,0.8,"{'colsample_bytree': 0.8, 'learning_rate': 0.1, 'max_depth': 20, 'min_child_samples': 30, 'n_estimators': 700, 'num_leaves': 50, 'reg_alpha': 0.5, 'reg_lambda': 0.5, 'subsample': 0.8}",-0.011265567634366253,-0.011756156143572696,-0.01284168084272462,-0.011581835387018378,-0.012357184823299646,-0.01196048496619632,0.0005660234657822037,85
0.4206779956817627,0.0093706866521883,0.0073092937469482425,0.00036745894388447235,0.8,0.1,20,30,700,50,0.5,1.0,0.8,"{'colsample_bytree': 0.8, 'learning_rate': 0.1, 'max_depth': 20, 'min_child_samples': 30, 'n_estimators': 700, 'num_leaves': 50, 'reg_alpha': 0.5, 'reg_lambda': 1.0, 'subsample': 0.8}",-0.011628182092643222,-0.01167266703856415,-0.012886734733262318,-0.011924009729229192,-0.012546916400665705,-0.012131701998872917,0.0004999717790197108,195
0.24786982536315919,0.004757832554916597,0.005178403854370117,0.00011683964152286297,0.8,0.1,20,30,700,50,1.0,0.0,0.8,"{'colsample_bytree': 0.8, 'learning_rate': 0.1, 'max_depth': 20, 'min_child_samples': 30, 'n_estimators': 700, 'num_leaves': 50, 'reg_alpha': 1.0, 'reg_lambda': 0.0, 'subsample': 0.8}",-0.011722355919365813,-0.011302794234758018,-0.01268668989841997,-0.011559249221430404,-0.012316969858729106,-0.011917611826540662,0.0005090220458315167,33
0.2427046298980713,0.00926204669408733,0.005299520492553711,0.0007094296063711739,0.8,0.1,20,30,700,50,1.0,0.5,0.8,"{'colsample_bytree': 0.8, 'learning_rate': 0.1, 'max_depth': 20, 'min_child_samples': 30, 'n_estimators': 700, 'num_leaves': 50, 'reg_alpha': 1.0, 'reg_lambda': 0.5, 'subsample': 0.8}",-0.011764160363581973,-0.011484891709739724,-0.01251641385593766,-0.011888037879023906,-0.012331610877335402,-0.011997022937123732,0.0003768546487410838,127
0.24793405532836915,0.008386886067103904,0.005131912231445312,0.00015493175275420153,0.8,0.1,20,30,700,50,1.0,1.0,0.8,"{'colsample_bytree': 0.8, 'learning_rate': 0.1, 'max_depth': 20, 'min_child_samples': 30, 'n_estimators': 700, 'num_leaves': 50, 'reg_alpha': 1.0, 'reg_lambda': 1.0, 'subsample': 0.8}",-0.011757094911622051,-0.011250981378488055,-0.012657478923257297,-0.011690704886609718,-0.012198626082056439,-0.011910977236406712,0.0004791243757753082,29
1.2322206020355224,0.09686655494071321,0.0329017162322998,0.0008554088808867285,0.8,0.1,20,30,700,100,0.0,0.0,0.8,"{'colsample_bytree': 0.8, 'learning_rate': 0.1, 'max_depth': 20, 'min_child_samples': 30, 'n_estimators': 700, 'num_leaves': 100, 'reg_alpha': 0.0, 'reg_lambda': 0.0, 'subsample': 0.8}",-0.012225202365287407,-0.012078292956814394,-0.013574396445173102,-0.01227985870565182,-0.013142859807640468,-0.012660122056113438,0.000590120978987095,316
1.163567590713501,0.03006383896784007,0.03341832160949707,0.0013174688609353016,0.8,0.1,20,30,700,100,0.0,0.5,0.8,"{'colsample_bytree': 0.8, 'learning_rate': 0.1, 'max_depth': 20, 'min_child_samples': 30, 'n_estimators': 700, 'num_leaves': 100, 'reg_alpha': 0.0, 'reg_lambda': 0.5, 'subsample': 0.8}",-0.01219644195901535,-0.01176413434401572,-0.013128564105952808,-0.011894834491516756,-0.012669576978225365,-0.0123307103757452,0.0005060484844352444,248
1.1472929000854493,0.02944727729921579,0.03421015739440918,0.0024919610775138586,0.8,0.1,20,30,700,100,0.0,1.0,0.8,"{'colsample_bytree': 0.8, 'learning_rate': 0.1, 'max_depth': 20, 'min_child_samples': 30, 'n_estimators': 700, 'num_leaves': 100, 'reg_alpha': 0.0, 'reg_lambda': 1.0, 'subsample': 0.8}",-0.012061960242715926,-0.012034950951739558,-0.012925332285939246,-0.011911522665250135,-0.013030991695260691,-0.012392951568181113,0.00048166750355145387,262
0.4053168773651123,0.020044041771082554,0.007058286666870117,0.00040064272893161986,0.8,0.1,20,30,700,100,0.5,0.0,0.8,"{'colsample_bytree': 0.8, 'learning_rate': 0.1, 'max_depth': 20, 'min_child_samples': 30, 'n_estimators': 700, 'num_leaves': 100, 'reg_alpha': 0.5, 'reg_lambda': 0.0, 'subsample': 0.8}",-0.011800041664458959,-0.011643366044789917,-0.01293735375108764,-0.011604476834675189,-0.012570795862519217,-0.012111206831506186,0.0005415191340568847,189
0.46604766845703127,0.038957007039674016,0.007620477676391601,0.0006325282665791324,0.8,0.1,20,30,700,100,0.5,0.5,0.8,"{'colsample_bytree': 0.8, 'learning_rate': 0.1, 'max_depth': 20, 'min_child_samples': 30, 'n_estimators': 700, 'num_leaves': 100, 'reg_alpha': 0.5, 'reg_lambda': 0.5, 'subsample': 0.8}",-0.011771913901437349,-0.011466214251822687,-0.01288624174717406,-0.011655487557402385,-0.01250632341771775,-0.012057236175110845,0.0005442512756946441,163
0.41875791549682617,0.028477243530661795,0.007030630111694336,0.000577786234995729,0.8,0.1,20,30,700,100,0.5,1.0,0.8,"{'colsample_bytree': 0.8, 'learning_rate': 0.1, 'max_depth': 20, 'min_child_samples': 30, 'n_estimators': 700, 'num_leaves': 100, 'reg_alpha': 0.5, 'reg_lambda': 1.0, 'subsample': 0.8}",-0.011507384280531305,-0.011668524739754419,-0.01292477235645072,-0.011831527231241735,-0.012595689303472744,-0.012105579582290185,0.0005541197678444656,183
0.26875996589660645,0.021381644784645888,0.005496501922607422,0.0003896147978248888,0.8,0.1,20,30,700,100,1.0,0.0,0.8,"{'colsample_bytree': 0.8, 'learning_rate': 0.1, 'max_depth': 20, 'min_child_samples': 30, 'n_estimators': 700, 'num_leaves': 100, 'reg_alpha': 1.0, 'reg_lambda': 0.0, 'subsample': 0.8}",-0.01189777283313105,-0.01138289492509397,-0.01253190745082378,-0.011560721899178675,-0.012263467593635492,-0.011927352940372593,0.00042665842304058814,57
0.26346163749694823,0.013720099069304268,0.005743932723999023,0.0005048869147485119,0.8,0.1,20,30,700,100,1.0,0.5,0.8,"{'colsample_bytree': 0.8, 'learning_rate': 0.1, 'max_depth': 20, 'min_child_samples': 30, 'n_estimators': 700, 'num_leaves': 100, 'reg_alpha': 1.0, 'reg_lambda': 0.5, 'subsample': 0.8}",-0.011680997394830809,-0.011359950434967464,-0.012617475437750382,-0.01161337935555495,-0.01216715286547475,-0.011887791097715669,0.0004488125306665024,13
0.2972108364105225,0.029320838766981425,0.005944490432739258,0.00028316789055402665,0.8,0.1,20,30,700,100,1.0,1.0,0.8,"{'colsample_bytree': 0.8, 'learning_rate': 0.1, 'max_depth': 20, 'min_child_samples': 30, 'n_estimators': 700, 'num_leaves': 100, 'reg_alpha': 1.0, 'reg_lambda': 1.0, 'subsample': 0.8}",-0.011816386467575634,-0.01143438837547041,-0.012494700150109292,-0.011549394590010245,-0.012213642723761246,-0.011901702461385366,0.00039968364891503706,17
