mean_fit_time,std_fit_time,mean_score_time,std_score_time,param_colsample_bytree,param_learning_rate,param_max_depth,param_min_child_samples,param_n_estimators,param_num_leaves,param_reg_alpha,param_reg_lambda,param_subsample,params,split0_test_score,split1_test_score,split2_test_score,split3_test_score,split4_test_score,mean_test_score,std_test_score,rank_test_score
0.4638690948486328,0.061666251380107104,0.008011865615844726,0.0005398107787623161,0.8,0.1,-1,10,500,31,0.0,0.0,0.8,"{'colsample_bytree': 0.8, 'learning_rate': 0.1, 'max_depth': -1, 'min_child_samples': 10, 'n_estimators': 500, 'num_leaves': 31, 'reg_alpha': 0.0, 'reg_lambda': 0.0, 'subsample': 0.8}",-0.011422564982813589,-0.009989738499974631,-0.010886332762087765,-0.01118586852134205,-0.011084177646890962,-0.0109137364826218,0.0004932617389212421,287
0.45514707565307616,0.028073069357297396,0.008722352981567382,0.0011440401614803565,0.8,0.1,-1,10,500,31,0.0,0.5,0.8,"{'colsample_bytree': 0.8, 'learning_rate': 0.1, 'max_depth': -1, 'min_child_samples': 10, 'n_estimators': 500, 'num_leaves': 31, 'reg_alpha': 0.0, 'reg_lambda': 0.5, 'subsample': 0.8}",-0.0114302658419391,-0.009892999336178081,-0.010647172874779736,-0.010909072248977362,-0.011088748103870167,-0.01079365168114889,0.0005173610118893988,240
0.43346381187438965,0.01897548336929504,0.007721567153930664,0.00014890996136145777,0.8,0.1,-1,10,500,31,0.0,1.0,0.8,"{'colsample_bytree': 0.8, 'learning_rate': 0.1, 'max_depth': -1, 'min_child_samples': 10, 'n_estimators': 500, 'num_leaves': 31, 'reg_alpha': 0.0, 'reg_lambda': 1.0, 'subsample': 0.8}",-0.01123251434957684,-0.00995251998388055,-0.010504199444636821,-0.011207400830507521,-0.011145837399821194,-0.010808494401684587,0.0005055704062498661,247
0.31179161071777345,0.020329349265736447,0.005591964721679688,0.0005092517399898021,0.8,0.1,-1,10,500,31,0.5,0.0,0.8,"{'colsample_bytree': 0.8, 'learning_rate': 0.1, 'max_depth': -1, 'min_child_samples': 10, 'n_estimators': 500, 'num_leaves': 31, 'reg_alpha': 0.5, 'reg_lambda': 0.0, 'subsample': 0.8}",-0.010882899752193097,-0.009692012740808482,-0.010470398532346827,-0.010456739590777366,-0.011010896162115346,-0.010502589355648222,0.0004611257324829126,123
0.3120716094970703,0.010978396280778674,0.0055562019348144535,0.00035216968356654624,0.8,0.1,-1,10,500,31,0.5,0.5,0.8,"{'colsample_bytree': 0.8, 'learning_rate': 0.1, 'max_depth': -1, 'min_child_samples': 10, 'n_estimators': 500, 'num_leaves': 31, 'reg_alpha': 0.5, 'reg_lambda': 0.5, 'subsample': 0.8}",-0.010797446179177647,-0.009706376607989505,-0.010425531214624872,-0.010646066947879292,-0.010647016730889408,-0.010444487536112145,0.00038765944385208773,65
0.3219016075134277,0.01842527725725866,0.005753707885742187,0.00045030369944469914,0.8,0.1,-1,10,500,31,0.5,1.0,0.8,"{'colsample_bytree': 0.8, 'learning_rate': 0.1, 'max_depth': -1, 'min_child_samples': 10, 'n_estimators': 500, 'num_leaves': 31, 'reg_alpha': 0.5, 'reg_lambda': 1.0, 'subsample': 0.8}",-0.010689620059659722,-0.00985169730382194,-0.010515259601279275,-0.010587010386763112,-0.010533991314939468,-0.010435515733292704,0.00029813423887919797,61
0.18949947357177735,0.018061792465623797,0.004085826873779297,0.0005044087814417098,0.8,0.1,-1,10,500,31,1.0,0.0,0.8,"{'colsample_bytree': 0.8, 'learning_rate': 0.1, 'max_depth': -1, 'min_child_samples': 10, 'n_estimators': 500, 'num_leaves': 31, 'reg_alpha': 1.0, 'reg_lambda': 0.0, 'subsample': 0.8}",-0.010634119579224256,-0.009753370674731459,-0.010328295346810554,-0.010459114604501826,-0.010854153170001815,-0.010405810675053983,0.0003708541054181819,33
0.19262981414794922,0.021137271207515188,0.004409170150756836,0.0004428350156409717,0.8,0.1,-1,10,500,31,1.0,0.5,0.8,"{'colsample_bytree': 0.8, 'learning_rate': 0.1, 'max_depth': -1, 'min_child_samples': 10, 'n_estimators': 500, 'num_leaves': 31, 'reg_alpha': 1.0, 'reg_lambda': 0.5, 'subsample': 0.8}",-0.010655477899078662,-0.00966451971757834,-0.010288402924449574,-0.010725361855643522,-0.010585260374276982,-0.010383804554205418,0.00038923627556606687,13
0.18300294876098633,0.008730500355603623,0.0040190696716308595,0.00021526155330766876,0.8,0.1,-1,10,500,31,1.0,1.0,0.8,"{'colsample_bytree': 0.8, 'learning_rate': 0.1, 'max_depth': -1, 'min_child_samples': 10, 'n_estimators': 500, 'num_leaves': 31, 'reg_alpha': 1.0, 'reg_lambda': 1.0, 'subsample': 0.8}",-0.010721770042636017,-0.009665574897707477,-0.010140548576279926,-0.010770286499437834,-0.010606519383878783,-0.010380939879988008,0.0004214681812889269,9
0.6308595657348632,0.015996525765848944,0.012087774276733399,0.0015393864881574973,0.8,0.1,-1,10,500,50,0.0,0.0,0.8,"{'colsample_bytree': 0.8, 'learning_rate': 0.1, 'max_depth': -1, 'min_child_samples': 10, 'n_estimators': 500, 'num_leaves': 50, 'reg_alpha': 0.0, 'reg_lambda': 0.0, 'subsample': 0.8}",-0.011309214259974748,-0.009921883509987295,-0.010745918883725229,-0.010892652906491019,-0.010865441151116942,-0.010747022142259045,0.00045434487738237555,235
0.6719647884368897,0.05285869378098661,0.012435388565063477,0.0012732931608837755,0.8,0.1,-1,10,500,50,0.0,0.5,0.8,"{'colsample_bytree': 0.8, 'learning_rate': 0.1, 'max_depth': -1, 'min_child_samples': 10, 'n_estimators': 500, 'num_leaves': 50, 'reg_alpha': 0.0, 'reg_lambda': 0.5, 'subsample': 0.8}",-0.011357701236416022,-0.009863914977498122,-0.010507359444217563,-0.010924905152009667,-0.0110212806649255,-0.010735032295013375,0.0005131055933340112,233
0.6344972133636475,0.006266127666838655,0.011351680755615235,0.0001141152715748886,0.8,0.1,-1,10,500,50,0.0,1.0,0.8,"{'colsample_bytree': 0.8, 'learning_rate': 0.1, 'max_depth': -1, 'min_child_samples': 10, 'n_estimators': 500, 'num_leaves': 50, 'reg_alpha': 0.0, 'reg_lambda': 1.0, 'subsample': 0.8}",-0.011014134306932653,-0.009721159704124554,-0.010577394144307596,-0.011075325576098425,-0.010884389480845875,-0.010654480642461819,0.0004972624242064623,209
0.3529642105102539,0.04735916599155455,0.005435562133789063,0.0002046902357325387,0.8,0.1,-1,10,500,50,0.5,0.0,0.8,"{'colsample_bytree': 0.8, 'learning_rate': 0.1, 'max_depth': -1, 'min_child_samples': 10, 'n_estimators': 500, 'num_leaves': 50, 'reg_alpha': 0.5, 'reg_lambda': 0.0, 'subsample': 0.8}",-0.010927444868289483,-0.00980068402692123,-0.010464329005706334,-0.01072304094689249,-0.010514105370517246,-0.010485920843665357,0.0003799945993607463,101
0.32908201217651367,0.022900982639350052,0.00557241439819336,0.00022899305105280584,0.8,0.1,-1,10,500,50,0.5,0.5,0.8,"{'colsample_bytree': 0.8, 'learning_rate': 0.1, 'max_depth': -1, 'min_child_samples': 10, 'n_estimators': 500, 'num_leaves': 50, 'reg_alpha': 0.5, 'reg_lambda': 0.5, 'subsample': 0.8}",-0.010907418737003807,-0.009773607355339633,-0.010625298775565164,-0.010568622380238058,-0.010815692922847025,-0.010538128034198737,0.00040160637501975065,143
0.3502337455749512,0.024319763324405993,0.005570077896118164,0.0002865313094950235,0.8,0.1,-1,10,500,50,0.5,1.0,0.8,"{'colsample_bytree': 0.8, 'learning_rate': 0.1, 'max_depth': -1, 'min_child_samples': 10, 'n_estimators': 500, 'num_leaves': 50, 'reg_alpha': 0.5, 'reg_lambda': 1.0, 'subsample': 0.8}",-0.011126465651208381,-0.009801544804686564,-0.01053078509813837,-0.010646181847973574,-0.01068754454671919,-0.010558504389745215,0.00042910951186274913,159
0.2285007953643799,0.024222975651087296,0.004388570785522461,0.0005282190819336449,0.8,0.1,-1,10,500,50,1.0,0.0,0.8,"{'colsample_bytree': 0.8, 'learning_rate': 0.1, 'max_depth': -1, 'min_child_samples': 10, 'n_estimators': 500, 'num_leaves': 50, 'reg_alpha': 1.0, 'reg_lambda': 0.0, 'subsample': 0.8}",-0.010757144093482902,-0.009737251164559545,-0.010345140979522908,-0.01069272086514462,-0.010582347916273122,-0.010422921003796621,0.00037043402648786187,45
0.2185059070587158,0.01969685548184244,0.004381656646728516,0.0003823891229559361,0.8,0.1,-1,10,500,50,1.0,0.5,0.8,"{'colsample_bytree': 0.8, 'learning_rate': 0.1, 'max_depth': -1, 'min_child_samples': 10, 'n_estimators': 500, 'num_leaves': 50, 'reg_alpha': 1.0, 'reg_lambda': 0.5, 'subsample': 0.8}",-0.010688886806091789,-0.009651772662358444,-0.010353238622768202,-0.010614210091882055,-0.010647093366915921,-0.010391040310003282,0.00038782111266471263,25
0.22774739265441896,0.016853802358534398,0.00457606315612793,0.00045857914668885657,0.8,0.1,-1,10,500,50,1.0,1.0,0.8,"{'colsample_bytree': 0.8, 'learning_rate': 0.1, 'max_depth': -1, 'min_child_samples': 10, 'n_estimators': 500, 'num_leaves': 50, 'reg_alpha': 1.0, 'reg_lambda': 1.0, 'subsample': 0.8}",-0.010725127018726022,-0.009542154055049984,-0.01036647564865479,-0.010564890124071004,-0.010845435844174677,-0.010408816538135295,0.0004621567511730789,37
1.1982967853546143,0.04515091688263569,0.02121000289916992,0.0004217532449623122,0.8,0.1,-1,10,500,100,0.0,0.0,0.8,"{'colsample_bytree': 0.8, 'learning_rate': 0.1, 'max_depth': -1, 'min_child_samples': 10, 'n_estimators': 500, 'num_leaves': 100, 'reg_alpha': 0.0, 'reg_lambda': 0.0, 'subsample': 0.8}",-0.011098658500322212,-0.010058765059671562,-0.010845216733438509,-0.010815166853598682,-0.01067472028649951,-0.010698505486706096,0.00034787642877328733,228
1.2213651180267333,0.04137916028338569,0.022014093399047852,0.0011873579729110182,0.8,0.1,-1,10,500,100,0.0,0.5,0.8,"{'colsample_bytree': 0.8, 'learning_rate': 0.1, 'max_depth': -1, 'min_child_samples': 10, 'n_estimators': 500, 'num_leaves': 100, 'reg_alpha': 0.0, 'reg_lambda': 0.5, 'subsample': 0.8}",-0.01129493012292406,-0.010005201012275715,-0.0107459427868407,-0.011092802315143159,-0.010859648723036215,-0.01079970499204397,0.0004401986302850786,244
1.3500939846038817,0.17384603370990215,0.022925758361816408,0.0016985056347689216,0.8,0.1,-1,10,500,100,0.0,1.0,0.8,"{'colsample_bytree': 0.8, 'learning_rate': 0.1, 'max_depth': -1, 'min_child_samples': 10, 'n_estimators': 500, 'num_leaves': 100, 'reg_alpha': 0.0, 'reg_lambda': 1.0, 'subsample': 0.8}",-0.011064013322958853,-0.009833188436785247,-0.010949496972570671,-0.010685119575732486,-0.010755295694174908,-0.010657422800444433,0.00043366615637999113,210
0.36092219352722166,0.01570421325785477,0.004928112030029297,0.00011563001215871017,0.8,0.1,-1,10,500,100,0.5,0.0,0.8,"{'colsample_bytree': 0.8, 'learning_rate': 0.1, 'max_depth': -1, 'min_child_samples': 10, 'n_estimators': 500, 'num_leaves': 100, 'reg_alpha': 0.5, 'reg_lambda': 0.0, 'subsample': 0.8}",-0.010832812192817242,-0.009725306240332033,-0.010508655603269414,-0.0104569122481379,-0.010919118110302935,-0.010488560878971903,0.0004213909286444653,115
0.35019984245300295,0.012357328202780652,0.005157184600830078,0.0003447804829365148,0.8,0.1,-1,10,500,100,0.5,0.5,0.8,"{'colsample_bytree': 0.8, 'learning_rate': 0.1, 'max_depth': -1, 'min_child_samples': 10, 'n_estimators': 500, 'num_leaves': 100, 'reg_alpha': 0.5, 'reg_lambda': 0.5, 'subsample': 0.8}",-0.010889072067377308,-0.009669866878123184,-0.010537045150606389,-0.010416199122717042,-0.010921076714627359,-0.010486651986690257,0.00045283722377292016,109
0.36028132438659666,0.03235047423490567,0.005030155181884766,0.00023121213776812342,0.8,0.1,-1,10,500,100,0.5,1.0,0.8,"{'colsample_bytree': 0.8, 'learning_rate': 0.1, 'max_depth': -1, 'min_child_samples': 10, 'n_estimators': 500, 'num_leaves': 100, 'reg_alpha': 0.5, 'reg_lambda': 1.0, 'subsample': 0.8}",-0.010911862962589381,-0.009808793328185588,-0.010704517379184049,-0.010384837965078544,-0.010886177469428986,-0.01053923782089331,0.00041083388875347635,147
0.2392183303833008,0.02276535465249131,0.004592180252075195,0.00046858130285720094,0.8,0.1,-1,10,500,100,1.0,0.0,0.8,"{'colsample_bytree': 0.8, 'learning_rate': 0.1, 'max_depth': -1, 'min_child_samples': 10, 'n_estimators': 500, 'num_leaves': 100, 'reg_alpha': 1.0, 'reg_lambda': 0.0, 'subsample': 0.8}",-0.010729495980554877,-0.009835342550954435,-0.010277713030776413,-0.010714435324617671,-0.010874739884190007,-0.01048634535421868,0.0003819239895159164,105
0.25923686027526854,0.032127255950367826,0.004552602767944336,0.0004987186472995963,0.8,0.1,-1,10,500,100,1.0,0.5,0.8,"{'colsample_bytree': 0.8, 'learning_rate': 0.1, 'max_depth': -1, 'min_child_samples': 10, 'n_estimators': 500, 'num_leaves': 100, 'reg_alpha': 1.0, 'reg_lambda': 0.5, 'subsample': 0.8}",-0.01059965222667177,-0.009853485765111377,-0.010385433027331246,-0.010673047167565931,-0.010743458557647958,-0.010451015348865656,0.0003219492893862618,73
0.2558481216430664,0.04390801673929071,0.0045529365539550785,0.0008128974873875466,0.8,0.1,-1,10,500,100,1.0,1.0,0.8,"{'colsample_bytree': 0.8, 'learning_rate': 0.1, 'max_depth': -1, 'min_child_samples': 10, 'n_estimators': 500, 'num_leaves': 100, 'reg_alpha': 1.0, 'reg_lambda': 1.0, 'subsample': 0.8}",-0.010669800843922746,-0.009617453142297927,-0.010400171810493278,-0.01077394892562851,-0.010761678850077337,-0.01044461071448396,0.0004349415868223675,69
0.6157760143280029,0.04563948429616351,0.014341115951538086,0.0015235634610662652,0.8,0.1,-1,10,700,31,0.0,0.0,0.8,"{'colsample_bytree': 0.8, 'learning_rate': 0.1, 'max_depth': -1, 'min_child_samples': 10, 'n_estimators': 700, 'num_leaves': 31, 'reg_alpha': 0.0, 'reg_lambda': 0.0, 'subsample': 0.8}",-0.011429187826503087,-0.010011090891479314,-0.010892685058029948,-0.011223627036115024,-0.01111722137791671,-0.010934762438008816,0.0004931795043091657,294
0.5750995635986328,0.01089367212145065,0.01234903335571289,0.00019287698197656842,0.8,0.1,-1,10,700,31,0.0,0.5,0.8,"{'colsample_bytree': 0.8, 'learning_rate': 0.1, 'max_depth': -1, 'min_child_samples': 10, 'n_estimators': 700, 'num_leaves': 31, 'reg_alpha': 0.0, 'reg_lambda': 0.5, 'subsample': 0.8}",-0.011470788534758842,-0.009894445252694877,-0.010674900433835701,-0.010969125312415066,-0.011119335555057447,-0.010825719017752384,0.0005315840081939747,253
0.6052596092224121,0.03885062656183754,0.01387166976928711,0.001923218041904292,0.8,0.1,-1,10,700,31,0.0,1.0,0.8,"{'colsample_bytree': 0.8, 'learning_rate': 0.1, 'max_depth': -1, 'min_child_samples': 10, 'n_estimators': 700, 'num_leaves': 31, 'reg_alpha': 0.0, 'reg_lambda': 1.0, 'subsample': 0.8}",-0.011251707667606406,-0.009984206291369374,-0.010567599362885623,-0.011219492772562378,-0.011186277831874297,-0.010841856785259615,0.0004979947882086978,260
0.3111525535583496,0.005244264898344716,0.006066751480102539,0.0009436734628999805,0.8,0.1,-1,10,700,31,0.5,0.0,0.8,"{'colsample_bytree': 0.8, 'learning_rate': 0.1, 'max_depth': -1, 'min_child_samples': 10, 'n_estimators': 700, 'num_leaves': 31, 'reg_alpha': 0.5, 'reg_lambda': 0.0, 'subsample': 0.8}",-0.010882899752193097,-0.009692012740808482,-0.010470398532346827,-0.010456739590777366,-0.011010896162115346,-0.010502589355648222,0.0004611257324829126,123
0.3401472091674805,0.016440435963993364,0.006102800369262695,0.0004340948032513211,0.8,0.1,-1,10,700,31,0.5,0.5,0.8,"{'colsample_bytree': 0.8, 'learning_rate': 0.1, 'max_depth': -1, 'min_child_samples': 10, 'n_estimators': 700, 'num_leaves': 31, 'reg_alpha': 0.5, 'reg_lambda': 0.5, 'subsample': 0.8}",-0.010797446179177647,-0.009706376607989505,-0.010425531214624872,-0.010646066947879292,-0.010647016730889408,-0.010444487536112145,0.00038765944385208773,65
0.34293379783630373,0.017687698201133802,0.0059295654296875,0.00014434267982861115,0.8,0.1,-1,10,700,31,0.5,1.0,0.8,"{'colsample_bytree': 0.8, 'learning_rate': 0.1, 'max_depth': -1, 'min_child_samples': 10, 'n_estimators': 700, 'num_leaves': 31, 'reg_alpha': 0.5, 'reg_lambda': 1.0, 'subsample': 0.8}",-0.010689620059659722,-0.00985169730382194,-0.010515259601279275,-0.010587010386763112,-0.010533991314939468,-0.010435515733292704,0.00029813423887919797,61
0.20456767082214355,0.017145941005211142,0.004193401336669922,0.00014061948007211423,0.8,0.1,-1,10,700,31,1.0,0.0,0.8,"{'colsample_bytree': 0.8, 'learning_rate': 0.1, 'max_depth': -1, 'min_child_samples': 10, 'n_estimators': 700, 'num_leaves': 31, 'reg_alpha': 1.0, 'reg_lambda': 0.0, 'subsample': 0.8}",-0.010634119579224256,-0.009753370674731459,-0.010328295346810554,-0.010459114604501826,-0.010854153170001815,-0.010405810675053983,0.0003708541054181819,33
0.21989617347717286,0.020958542804792656,0.00460658073425293,0.0003154474981752157,0.8,0.1,-1,10,700,31,1.0,0.5,0.8,"{'colsample_bytree': 0.8, 'learning_rate': 0.1, 'max_depth': -1, 'min_child_samples': 10, 'n_estimators': 700, 'num_leaves': 31, 'reg_alpha': 1.0, 'reg_lambda': 0.5, 'subsample': 0.8}",-0.010655477899078662,-0.00966451971757834,-0.010288402924449574,-0.010725361855643522,-0.010585260374276982,-0.010383804554205418,0.00038923627556606687,13
0.21554737091064452,0.024560548803837484,0.004333114624023438,0.0003023623856173109,0.8,0.1,-1,10,700,31,1.0,1.0,0.8,"{'colsample_bytree': 0.8, 'learning_rate': 0.1, 'max_depth': -1, 'min_child_samples': 10, 'n_estimators': 700, 'num_leaves': 31, 'reg_alpha': 1.0, 'reg_lambda': 1.0, 'subsample': 0.8}",-0.010721770042636017,-0.009665574897707477,-0.010140548576279926,-0.010770286499437834,-0.010606519383878783,-0.010380939879988008,0.0004214681812889269,9
0.8894090175628662,0.034876537214385044,0.019861412048339844,0.0011837072346124573,0.8,0.1,-1,10,700,50,0.0,0.0,0.8,"{'colsample_bytree': 0.8, 'learning_rate': 0.1, 'max_depth': -1, 'min_child_samples': 10, 'n_estimators': 700, 'num_leaves': 50, 'reg_alpha': 0.0, 'reg_lambda': 0.0, 'subsample': 0.8}",-0.011310742283297542,-0.00992610707329994,-0.010772167979914045,-0.010918276748151226,-0.010873154269794991,-0.010760089670891548,0.00045534556396679423,238
0.9318411350250244,0.03408169990323094,0.021303653717041016,0.001355210799646121,0.8,0.1,-1,10,700,50,0.0,0.5,0.8,"{'colsample_bytree': 0.8, 'learning_rate': 0.1, 'max_depth': -1, 'min_child_samples': 10, 'n_estimators': 700, 'num_leaves': 50, 'reg_alpha': 0.0, 'reg_lambda': 0.5, 'subsample': 0.8}",-0.0113600741907475,-0.009865163958411577,-0.010518288003460252,-0.010929601629915124,-0.011035015408247813,-0.010741628638156453,0.0005141898322529884,234
0.9643848419189454,0.06623267825811859,0.021819639205932616,0.0014357530124431141,0.8,0.1,-1,10,700,50,0.0,1.0,0.8,"{'colsample_bytree': 0.8, 'learning_rate': 0.1, 'max_depth': -1, 'min_child_samples': 10, 'n_estimators': 700, 'num_leaves': 50, 'reg_alpha': 0.0, 'reg_lambda': 1.0, 'subsample': 0.8}",-0.01102623529463565,-0.0097351262190114,-0.010597931265288888,-0.011086357213334765,-0.010893568209695332,-0.010667843640393205,0.0004958627427212954,213
0.36388792991638186,0.023462749103441188,0.005903291702270508,0.0003880691804869918,0.8,0.1,-1,10,700,50,0.5,0.0,0.8,"{'colsample_bytree': 0.8, 'learning_rate': 0.1, 'max_depth': -1, 'min_child_samples': 10, 'n_estimators': 700, 'num_leaves': 50, 'reg_alpha': 0.5, 'reg_lambda': 0.0, 'subsample': 0.8}",-0.010927444868289483,-0.00980068402692123,-0.010464329005706334,-0.01072304094689249,-0.010514105370517246,-0.010485920843665357,0.0003799945993607463,101
0.3234595775604248,0.011226643283589636,0.005048227310180664,0.00018218370976884945,0.8,0.1,-1,10,700,50,0.5,0.5,0.8,"{'colsample_bytree': 0.8, 'learning_rate': 0.1, 'max_depth': -1, 'min_child_samples': 10, 'n_estimators': 700, 'num_leaves': 50, 'reg_alpha': 0.5, 'reg_lambda': 0.5, 'subsample': 0.8}",-0.010907418737003807,-0.009773607355339633,-0.010625298775565164,-0.010568622380238058,-0.010815692922847025,-0.010538128034198737,0.00040160637501975065,143
0.3409822940826416,0.018197433031420563,0.0053713321685791016,0.00034240337959761736,0.8,0.1,-1,10,700,50,0.5,1.0,0.8,"{'colsample_bytree': 0.8, 'learning_rate': 0.1, 'max_depth': -1, 'min_child_samples': 10, 'n_estimators': 700, 'num_leaves': 50, 'reg_alpha': 0.5, 'reg_lambda': 1.0, 'subsample': 0.8}",-0.011126465651208381,-0.009801544804686564,-0.01053078509813837,-0.010646181847973574,-0.01068754454671919,-0.010558504389745215,0.00042910951186274913,159
0.23654532432556152,0.023324881000757733,0.004483985900878906,0.0003846382160718204,0.8,0.1,-1,10,700,50,1.0,0.0,0.8,"{'colsample_bytree': 0.8, 'learning_rate': 0.1, 'max_depth': -1, 'min_child_samples': 10, 'n_estimators': 700, 'num_leaves': 50, 'reg_alpha': 1.0, 'reg_lambda': 0.0, 'subsample': 0.8}",-0.010757144093482902,-0.009737251164559545,-0.010345140979522908,-0.01069272086514462,-0.010582347916273122,-0.010422921003796621,0.00037043402648786187,45
0.22312374114990235,0.012083391086069572,0.004140996932983398,0.0002636833000108596,0.8,0.1,-1,10,700,50,1.0,0.5,0.8,"{'colsample_bytree': 0.8, 'learning_rate': 0.1, 'max_depth': -1, 'min_child_samples': 10, 'n_estimators': 700, 'num_leaves': 50, 'reg_alpha': 1.0, 'reg_lambda': 0.5, 'subsample': 0.8}",-0.010688886806091789,-0.009651772662358444,-0.010353238622768202,-0.010614210091882055,-0.010647093366915921,-0.010391040310003282,0.00038782111266471263,25
0.23149895668029785,0.017453089295369057,0.004341650009155274,0.0006534238508443288,0.8,0.1,-1,10,700,50,1.0,1.0,0.8,"{'colsample_bytree': 0.8, 'learning_rate': 0.1, 'max_depth': -1, 'min_child_samples': 10, 'n_estimators': 700, 'num_leaves': 50, 'reg_alpha': 1.0, 'reg_lambda': 1.0, 'subsample': 0.8}",-0.010725127018726022,-0.009542154055049984,-0.01036647564865479,-0.010564890124071004,-0.010845435844174677,-0.010408816538135295,0.0004621567511730789,37
1.6982914447784423,0.09060851947774398,0.032196426391601564,0.002032770225718629,0.8,0.1,-1,10,700,100,0.0,0.0,0.8,"{'colsample_bytree': 0.8, 'learning_rate': 0.1, 'max_depth': -1, 'min_child_samples': 10, 'n_estimators': 700, 'num_leaves': 100, 'reg_alpha': 0.0, 'reg_lambda': 0.0, 'subsample': 0.8}",-0.011099354790192138,-0.0100591635622945,-0.010845841426438145,-0.010815938525366733,-0.010675099961595215,-0.010699079653177346,0.0003479893183393412,229
1.6745849132537842,0.007417139484702472,0.03304128646850586,0.0020610248231760823,0.8,0.1,-1,10,700,100,0.0,0.5,0.8,"{'colsample_bytree': 0.8, 'learning_rate': 0.1, 'max_depth': -1, 'min_child_samples': 10, 'n_estimators': 700, 'num_leaves': 100, 'reg_alpha': 0.0, 'reg_lambda': 0.5, 'subsample': 0.8}",-0.011295693399467652,-0.010005564261022542,-0.010746490469276372,-0.011093823986374152,-0.010860128220312966,-0.010800340067290738,0.00044037500363592653,245
1.7598745822906494,0.07747722734931688,0.032237577438354495,0.0015878224251843198,0.8,0.1,-1,10,700,100,0.0,1.0,0.8,"{'colsample_bytree': 0.8, 'learning_rate': 0.1, 'max_depth': -1, 'min_child_samples': 10, 'n_estimators': 700, 'num_leaves': 100, 'reg_alpha': 0.0, 'reg_lambda': 1.0, 'subsample': 0.8}",-0.011064260128933695,-0.009833482292216967,-0.010949720774615252,-0.010685970830450997,-0.01075585095672505,-0.010657856996588392,0.0004336668832155343,211
0.3756692409515381,0.016198899738796475,0.0052530765533447266,0.00029754015873235365,0.8,0.1,-1,10,700,100,0.5,0.0,0.8,"{'colsample_bytree': 0.8, 'learning_rate': 0.1, 'max_depth': -1, 'min_child_samples': 10, 'n_estimators': 700, 'num_leaves': 100, 'reg_alpha': 0.5, 'reg_lambda': 0.0, 'subsample': 0.8}",-0.010832812192817242,-0.009725306240332033,-0.010508655603269414,-0.0104569122481379,-0.010919118110302935,-0.010488560878971903,0.0004213909286444653,115
0.3574544906616211,0.011229081995321267,0.00513615608215332,0.00042899374109639564,0.8,0.1,-1,10,700,100,0.5,0.5,0.8,"{'colsample_bytree': 0.8, 'learning_rate': 0.1, 'max_depth': -1, 'min_child_samples': 10, 'n_estimators': 700, 'num_leaves': 100, 'reg_alpha': 0.5, 'reg_lambda': 0.5, 'subsample': 0.8}",-0.010889072067377308,-0.009669866878123184,-0.010537045150606389,-0.010416199122717042,-0.010921076714627359,-0.010486651986690257,0.00045283722377292016,109
0.377244234085083,0.02756736941171512,0.0050392627716064455,0.00023050109955546897,0.8,0.1,-1,10,700,100,0.5,1.0,0.8,"{'colsample_bytree': 0.8, 'learning_rate': 0.1, 'max_depth': -1, 'min_child_samples': 10, 'n_estimators': 700, 'num_leaves': 100, 'reg_alpha': 0.5, 'reg_lambda': 1.0, 'subsample': 0.8}",-0.010911862962589381,-0.009808793328185588,-0.010704517379184049,-0.010384837965078544,-0.010886177469428986,-0.01053923782089331,0.00041083388875347635,147
0.2341477394104004,0.008760760635608556,0.00416874885559082,0.00022899818443445575,0.8,0.1,-1,10,700,100,1.0,0.0,0.8,"{'colsample_bytree': 0.8, 'learning_rate': 0.1, 'max_depth': -1, 'min_child_samples': 10, 'n_estimators': 700, 'num_leaves': 100, 'reg_alpha': 1.0, 'reg_lambda': 0.0, 'subsample': 0.8}",-0.010729495980554877,-0.009835342550954435,-0.010277713030776413,-0.010714435324617671,-0.010874739884190007,-0.01048634535421868,0.0003819239895159164,105
0.23794054985046387,0.008283652309197627,0.0041558265686035155,0.00019554436646400264,0.8,0.1,-1,10,700,100,1.0,0.5,0.8,"{'colsample_bytree': 0.8, 'learning_rate': 0.1, 'max_depth': -1, 'min_child_samples': 10, 'n_estimators': 700, 'num_leaves': 100, 'reg_alpha': 1.0, 'reg_lambda': 0.5, 'subsample': 0.8}",-0.01059965222667177,-0.009853485765111377,-0.010385433027331246,-0.010673047167565931,-0.010743458557647958,-0.010451015348865656,0.0003219492893862618,73
0.24096784591674805,0.021293626660319996,0.004388427734375,0.0006803372575246167,0.8,0.1,-1,10,700,100,1.0,1.0,0.8,"{'colsample_bytree': 0.8, 'learning_rate': 0.1, 'max_depth': -1, 'min_child_samples': 10, 'n_estimators': 700, 'num_leaves': 100, 'reg_alpha': 1.0, 'reg_lambda': 1.0, 'subsample': 0.8}",-0.010669800843922746,-0.009617453142297927,-0.010400171810493278,-0.01077394892562851,-0.010761678850077337,-0.01044461071448396,0.0004349415868223675,69
0.45350255966186526,0.03652071677203149,0.010409402847290038,0.0010908569641116905,0.8,0.1,-1,20,500,31,0.0,0.0,0.8,"{'colsample_bytree': 0.8, 'learning_rate': 0.1, 'max_depth': -1, 'min_child_samples': 20, 'n_estimators': 500, 'num_leaves': 31, 'reg_alpha': 0.0, 'reg_lambda': 0.0, 'subsample': 0.8}",-0.011272334642175074,-0.009809519722104799,-0.010911611315991351,-0.011051763431631646,-0.01098151518504243,-0.010805348859389061,0.0005124056630013844,246
0.41640462875366213,0.010529381646010388,0.009441423416137695,0.00018046383398352158,0.8,0.1,-1,20,500,31,0.0,0.5,0.8,"{'colsample_bytree': 0.8, 'learning_rate': 0.1, 'max_depth': -1, 'min_child_samples': 20, 'n_estimators': 500, 'num_leaves': 31, 'reg_alpha': 0.0, 'reg_lambda': 0.5, 'subsample': 0.8}",-0.011124465965399628,-0.010141804782675706,-0.01106519574085026,-0.011082758278684948,-0.011343905633053823,-0.010951626080132873,0.0004170518262102822,298
0.424467134475708,0.02112964848956838,0.010169458389282227,0.0013575542538379868,0.8,0.1,-1,20,500,31,0.0,1.0,0.8,"{'colsample_bytree': 0.8, 'learning_rate': 0.1, 'max_depth': -1, 'min_child_samples': 20, 'n_estimators': 500, 'num_leaves': 31, 'reg_alpha': 0.0, 'reg_lambda': 1.0, 'subsample': 0.8}",-0.011209160344331701,-0.010157179104804542,-0.010872977787151362,-0.011262930341488649,-0.011090712244100234,-0.010918591964375297,0.0004035974449769639,292
0.3191188335418701,0.04627964662318893,0.006357431411743164,0.0007276234583070121,0.8,0.1,-1,20,500,31,0.5,0.0,0.8,"{'colsample_bytree': 0.8, 'learning_rate': 0.1, 'max_depth': -1, 'min_child_samples': 20, 'n_estimators': 500, 'num_leaves': 31, 'reg_alpha': 0.5, 'reg_lambda': 0.0, 'subsample': 0.8}",-0.010848700374466093,-0.009754224777806223,-0.010644462394718156,-0.010784268400276638,-0.010658422042049016,-0.010538015597863225,0.00039932997760674124,139
0.32239303588867185,0.028469133195178704,0.0062411785125732425,0.0005538510824454505,0.8,0.1,-1,20,500,31,0.5,0.5,0.8,"{'colsample_bytree': 0.8, 'learning_rate': 0.1, 'max_depth': -1, 'min_child_samples': 20, 'n_estimators': 500, 'num_leaves': 31, 'reg_alpha': 0.5, 'reg_lambda': 0.5, 'subsample': 0.8}",-0.011103021410995865,-0.009883589611363097,-0.010611772098252648,-0.01069363556144848,-0.01079109122655564,-0.010616621981723145,0.00040257048849032815,185
0.31715407371521,0.015517300846440393,0.006116485595703125,0.0002659289067615447,0.8,0.1,-1,20,500,31,0.5,1.0,0.8,"{'colsample_bytree': 0.8, 'learning_rate': 0.1, 'max_depth': -1, 'min_child_samples': 20, 'n_estimators': 500, 'num_leaves': 31, 'reg_alpha': 0.5, 'reg_lambda': 1.0, 'subsample': 0.8}",-0.010924824521538644,-0.009859040881569674,-0.01062954996749423,-0.010604575114913393,-0.010993994623636705,-0.010602397021830528,0.0004026483706957184,177
0.21310648918151856,0.0074989273366430145,0.004852104187011719,0.0004514643346921379,0.8,0.1,-1,20,500,31,1.0,0.0,0.8,"{'colsample_bytree': 0.8, 'learning_rate': 0.1, 'max_depth': -1, 'min_child_samples': 20, 'n_estimators': 500, 'num_leaves': 31, 'reg_alpha': 1.0, 'reg_lambda': 0.0, 'subsample': 0.8}",-0.010920957702523383,-0.009797097588770398,-0.010383058695775407,-0.010746676445775375,-0.010754697403436786,-0.01052049756725627,0.00040213722547423754,135
0.20470724105834961,0.02691868151415405,0.004726266860961914,0.000779144308667061,0.8,0.1,-1,20,500,31,1.0,0.5,0.8,"{'colsample_bytree': 0.8, 'learning_rate': 0.1, 'max_depth': -1, 'min_child_samples': 20, 'n_estimators': 500, 'num_leaves': 31, 'reg_alpha': 1.0, 'reg_lambda': 0.5, 'subsample': 0.8}",-0.010685395094757199,-0.00993388754221913,-0.010277651442906556,-0.010716829659399192,-0.010735376108526342,-0.010469827969561685,0.0003169097011492661,93
0.1783595085144043,0.005567700787758457,0.004269552230834961,0.0002124927518632437,0.8,0.1,-1,20,500,31,1.0,1.0,0.8,"{'colsample_bytree': 0.8, 'learning_rate': 0.1, 'max_depth': -1, 'min_child_samples': 20, 'n_estimators': 500, 'num_leaves': 31, 'reg_alpha': 1.0, 'reg_lambda': 1.0, 'subsample': 0.8}",-0.010635484930711637,-0.00985775902804895,-0.01032727402537292,-0.010627703548812631,-0.010682620108803852,-0.010426168328349998,0.00031082683817172034,49
0.6562984466552735,0.04852733561551113,0.01524524688720703,0.0015264725379746005,0.8,0.1,-1,20,500,50,0.0,0.0,0.8,"{'colsample_bytree': 0.8, 'learning_rate': 0.1, 'max_depth': -1, 'min_child_samples': 20, 'n_estimators': 500, 'num_leaves': 50, 'reg_alpha': 0.0, 'reg_lambda': 0.0, 'subsample': 0.8}",-0.011298383606668355,-0.009871434386440883,-0.010734779488490867,-0.010972699461072502,-0.011105465806487002,-0.010796552549831922,0.0004975839771186108,243
0.6229315757751465,0.016094156782900684,0.014101886749267578,0.00023782611667351315,0.8,0.1,-1,20,500,50,0.0,0.5,0.8,"{'colsample_bytree': 0.8, 'learning_rate': 0.1, 'max_depth': -1, 'min_child_samples': 20, 'n_estimators': 500, 'num_leaves': 50, 'reg_alpha': 0.0, 'reg_lambda': 0.5, 'subsample': 0.8}",-0.011226820267610686,-0.010074053908378554,-0.010674623034419083,-0.011039456350432911,-0.011269987611266062,-0.010856988234421458,0.0004442706509495852,266
0.6237257480621338,0.021952530333566436,0.014442968368530273,0.00027474972239920694,0.8,0.1,-1,20,500,50,0.0,1.0,0.8,"{'colsample_bytree': 0.8, 'learning_rate': 0.1, 'max_depth': -1, 'min_child_samples': 20, 'n_estimators': 500, 'num_leaves': 50, 'reg_alpha': 0.0, 'reg_lambda': 1.0, 'subsample': 0.8}",-0.011426454557738459,-0.009809438441329152,-0.010538602246026737,-0.011180053995326351,-0.011231455074954825,-0.010837200863075106,0.0005942493248141064,258
0.32387571334838866,0.022618727524347345,0.005768632888793946,0.0005081729815859055,0.8,0.1,-1,20,500,50,0.5,0.0,0.8,"{'colsample_bytree': 0.8, 'learning_rate': 0.1, 'max_depth': -1, 'min_child_samples': 20, 'n_estimators': 500, 'num_leaves': 50, 'reg_alpha': 0.5, 'reg_lambda': 0.0, 'subsample': 0.8}",-0.010877596253118156,-0.009598018486006674,-0.010294011854546281,-0.01048361109995782,-0.011009904064940802,-0.010452628351713946,0.0004995259921571818,81
0.32337327003479005,0.022731702350597845,0.005848455429077149,0.0006387506392306262,0.8,0.1,-1,20,500,50,0.5,0.5,0.8,"{'colsample_bytree': 0.8, 'learning_rate': 0.1, 'max_depth': -1, 'min_child_samples': 20, 'n_estimators': 500, 'num_leaves': 50, 'reg_alpha': 0.5, 'reg_lambda': 0.5, 'subsample': 0.8}",-0.011091336045887476,-0.009995685521959912,-0.010529573323409295,-0.010744855245640492,-0.01062624942002663,-0.01059753991138476,0.0003558676240385303,173
0.30810842514038084,0.011206050069640558,0.005489635467529297,0.00022538339693188851,0.8,0.1,-1,20,500,50,0.5,1.0,0.8,"{'colsample_bytree': 0.8, 'learning_rate': 0.1, 'max_depth': -1, 'min_child_samples': 20, 'n_estimators': 500, 'num_leaves': 50, 'reg_alpha': 0.5, 'reg_lambda': 1.0, 'subsample': 0.8}",-0.01115130452523494,-0.009849053944026534,-0.010365398582741726,-0.010698972838516722,-0.010909047592371572,-0.0105947554965783,0.0004534452550287053,167
0.20873494148254396,0.02488755411258645,0.005356454849243164,0.002139485598614652,0.8,0.1,-1,20,500,50,1.0,0.0,0.8,"{'colsample_bytree': 0.8, 'learning_rate': 0.1, 'max_depth': -1, 'min_child_samples': 20, 'n_estimators': 500, 'num_leaves': 50, 'reg_alpha': 1.0, 'reg_lambda': 0.0, 'subsample': 0.8}",-0.010578335086813525,-0.00981550906743281,-0.010332880039847236,-0.010474357392911882,-0.010720085702149499,-0.010384233457830992,0.000311345178807803,17
0.20225157737731933,0.0197620953199736,0.00421452522277832,0.0005134329569964087,0.8,0.1,-1,20,500,50,1.0,0.5,0.8,"{'colsample_bytree': 0.8, 'learning_rate': 0.1, 'max_depth': -1, 'min_child_samples': 20, 'n_estimators': 500, 'num_leaves': 50, 'reg_alpha': 1.0, 'reg_lambda': 0.5, 'subsample': 0.8}",-0.010649049046668838,-0.009868640593564468,-0.010311195838791991,-0.010613260832287455,-0.010707319223008193,-0.01042989310686419,0.00031231769841953065,53
0.2041710376739502,0.007501899442437344,0.00419774055480957,0.00026151023551306213,0.8,0.1,-1,20,500,50,1.0,1.0,0.8,"{'colsample_bytree': 0.8, 'learning_rate': 0.1, 'max_depth': -1, 'min_child_samples': 20, 'n_estimators': 500, 'num_leaves': 50, 'reg_alpha': 1.0, 'reg_lambda': 1.0, 'subsample': 0.8}",-0.01075457652261744,-0.00980672030430925,-0.010227797878270769,-0.010558481001892288,-0.010707775243189964,-0.010411070190055941,0.00035400224891389787,41
1.1718852519989014,0.02589375057491833,0.02517523765563965,0.0007849144258880248,0.8,0.1,-1,20,500,100,0.0,0.0,0.8,"{'colsample_bytree': 0.8, 'learning_rate': 0.1, 'max_depth': -1, 'min_child_samples': 20, 'n_estimators': 500, 'num_leaves': 100, 'reg_alpha': 0.0, 'reg_lambda': 0.0, 'subsample': 0.8}",-0.011338579098864461,-0.009967947610471333,-0.010639046282817423,-0.010848560975241497,-0.010968230467072087,-0.01075247288689336,0.0004533542212653038,236
1.2058283805847168,0.06631234108538332,0.025331830978393553,0.0013163221125749498,0.8,0.1,-1,20,500,100,0.0,0.5,0.8,"{'colsample_bytree': 0.8, 'learning_rate': 0.1, 'max_depth': -1, 'min_child_samples': 20, 'n_estimators': 500, 'num_leaves': 100, 'reg_alpha': 0.0, 'reg_lambda': 0.5, 'subsample': 0.8}",-0.011140641333431352,-0.01039852140003781,-0.010520021057403803,-0.010745507230253021,-0.011160259331040185,-0.010792990070433234,0.0003124485060166999,239
1.2066280841827393,0.05131942012480945,0.024975299835205078,0.0011193944900935553,0.8,0.1,-1,20,500,100,0.0,1.0,0.8,"{'colsample_bytree': 0.8, 'learning_rate': 0.1, 'max_depth': -1, 'min_child_samples': 20, 'n_estimators': 500, 'num_leaves': 100, 'reg_alpha': 0.0, 'reg_lambda': 1.0, 'subsample': 0.8}",-0.0111376514819427,-0.010296373344185433,-0.010525430725474513,-0.011040196393378924,-0.011266628854104305,-0.010853256159817175,0.00037531115632261596,264
0.3369301795959473,0.030499268456703057,0.0053331851959228516,0.00023708619709201335,0.8,0.1,-1,20,500,100,0.5,0.0,0.8,"{'colsample_bytree': 0.8, 'learning_rate': 0.1, 'max_depth': -1, 'min_child_samples': 20, 'n_estimators': 500, 'num_leaves': 100, 'reg_alpha': 0.5, 'reg_lambda': 0.0, 'subsample': 0.8}",-0.010939167941653715,-0.009837900172588341,-0.010487817930458514,-0.010628229304186585,-0.010890004293059969,-0.010556623928389424,0.00039595651831466304,155
0.35213637351989746,0.02659978807750153,0.005673933029174805,0.0007126338651799473,0.8,0.1,-1,20,500,100,0.5,0.5,0.8,"{'colsample_bytree': 0.8, 'learning_rate': 0.1, 'max_depth': -1, 'min_child_samples': 20, 'n_estimators': 500, 'num_leaves': 100, 'reg_alpha': 0.5, 'reg_lambda': 0.5, 'subsample': 0.8}",-0.011023763454674576,-0.009964851810456254,-0.010457672342304013,-0.010512990322956476,-0.010776033800317672,-0.010547062346141797,0.00035434233648185546,151
0.3344904899597168,0.009638083131672902,0.005785989761352539,0.00047086346040310694,0.8,0.1,-1,20,500,100,0.5,1.0,0.8,"{'colsample_bytree': 0.8, 'learning_rate': 0.1, 'max_depth': -1, 'min_child_samples': 20, 'n_estimators': 500, 'num_leaves': 100, 'reg_alpha': 0.5, 'reg_lambda': 1.0, 'subsample': 0.8}",-0.011160136444848773,-0.009867464640405747,-0.010349126019240613,-0.010490016103309706,-0.011100180622231427,-0.010593384766007252,0.00048484161329425323,163
0.20392489433288574,0.00871177943723053,0.004168128967285157,0.00021088123186757297,0.8,0.1,-1,20,500,100,1.0,0.0,0.8,"{'colsample_bytree': 0.8, 'learning_rate': 0.1, 'max_depth': -1, 'min_child_samples': 20, 'n_estimators': 500, 'num_leaves': 100, 'reg_alpha': 1.0, 'reg_lambda': 0.0, 'subsample': 0.8}",-0.010694657734062127,-0.009814032785794919,-0.010464673166098785,-0.010531358322270654,-0.010783045525730521,-0.0104575535067914,0.00034111001969192414,85
0.19708147048950195,0.010696374960341967,0.004153680801391601,0.00024284817903780066,0.8,0.1,-1,20,500,100,1.0,0.5,0.8,"{'colsample_bytree': 0.8, 'learning_rate': 0.1, 'max_depth': -1, 'min_child_samples': 20, 'n_estimators': 500, 'num_leaves': 100, 'reg_alpha': 1.0, 'reg_lambda': 0.5, 'subsample': 0.8}",-0.010606302040205158,-0.009822664598948571,-0.010298014527197733,-0.010645604260885285,-0.01088635901031122,-0.010451788887509594,0.00036598738483484294,77
0.2086390495300293,0.009526622427357722,0.0043490886688232425,0.0002600451279432767,0.8,0.1,-1,20,500,100,1.0,1.0,0.8,"{'colsample_bytree': 0.8, 'learning_rate': 0.1, 'max_depth': -1, 'min_child_samples': 20, 'n_estimators': 500, 'num_leaves': 100, 'reg_alpha': 1.0, 'reg_lambda': 1.0, 'subsample': 0.8}",-0.0107343289973076,-0.009792859358058117,-0.010317125751434274,-0.01054392122414857,-0.010445840027170318,-0.010366815071623776,0.0003176703348153126,1
0.5961072444915771,0.030950835206429807,0.016386651992797853,0.0015563956341320408,0.8,0.1,-1,20,700,31,0.0,0.0,0.8,"{'colsample_bytree': 0.8, 'learning_rate': 0.1, 'max_depth': -1, 'min_child_samples': 20, 'n_estimators': 700, 'num_leaves': 31, 'reg_alpha': 0.0, 'reg_lambda': 0.0, 'subsample': 0.8}",-0.011276754817342683,-0.009832012083261107,-0.010985759247246193,-0.011183208631964025,-0.011072866013495336,-0.010870120158661869,0.0005283034723391805,271
0.5877991199493409,0.018546964051013262,0.016494321823120116,0.0024488541658028826,0.8,0.1,-1,20,700,31,0.0,0.5,0.8,"{'colsample_bytree': 0.8, 'learning_rate': 0.1, 'max_depth': -1, 'min_child_samples': 20, 'n_estimators': 700, 'num_leaves': 31, 'reg_alpha': 0.0, 'reg_lambda': 0.5, 'subsample': 0.8}",-0.011196879902753228,-0.010166203311887492,-0.011118038302658648,-0.01112605607525119,-0.011445200641820797,-0.011010475646874272,0.0004385103656262308,306
0.5822107315063476,0.026410628359170515,0.015547609329223633,0.0006719118572007844,0.8,0.1,-1,20,700,31,0.0,1.0,0.8,"{'colsample_bytree': 0.8, 'learning_rate': 0.1, 'max_depth': -1, 'min_child_samples': 20, 'n_estimators': 700, 'num_leaves': 31, 'reg_alpha': 0.0, 'reg_lambda': 1.0, 'subsample': 0.8}",-0.011275051099165078,-0.01020275550008362,-0.010952743204504468,-0.011347975118323618,-0.011152163177575076,-0.010986137619930373,0.00041394796585934564,303
0.3381155490875244,0.029042466839869042,0.006276082992553711,0.0005882797513805921,0.8,0.1,-1,20,700,31,0.5,0.0,0.8,"{'colsample_bytree': 0.8, 'learning_rate': 0.1, 'max_depth': -1, 'min_child_samples': 20, 'n_estimators': 700, 'num_leaves': 31, 'reg_alpha': 0.5, 'reg_lambda': 0.0, 'subsample': 0.8}",-0.010848700374466093,-0.009754224777806223,-0.010644462394718156,-0.010784268400276638,-0.010658422042049016,-0.010538015597863225,0.00039932997760674124,139
0.31815528869628906,0.015552829338526423,0.005856513977050781,0.00022170640971065335,0.8,0.1,-1,20,700,31,0.5,0.5,0.8,"{'colsample_bytree': 0.8, 'learning_rate': 0.1, 'max_depth': -1, 'min_child_samples': 20, 'n_estimators': 700, 'num_leaves': 31, 'reg_alpha': 0.5, 'reg_lambda': 0.5, 'subsample': 0.8}",-0.011103021410995865,-0.009883589611363097,-0.010611772098252648,-0.01069363556144848,-0.01079109122655564,-0.010616621981723145,0.00040257048849032815,185
0.3395345687866211,0.025044792497197134,0.006291103363037109,0.00035102733941662497,0.8,0.1,-1,20,700,31,0.5,1.0,0.8,"{'colsample_bytree': 0.8, 'learning_rate': 0.1, 'max_depth': -1, 'min_child_samples': 20, 'n_estimators': 700, 'num_leaves': 31, 'reg_alpha': 0.5, 'reg_lambda': 1.0, 'subsample': 0.8}",-0.010924824521538644,-0.009859040881569674,-0.01062954996749423,-0.010604575114913393,-0.010993994623636705,-0.010602397021830528,0.0004026483706957184,177
0.20500564575195312,0.015049171021234814,0.0042781829833984375,0.0002685924288119924,0.8,0.1,-1,20,700,31,1.0,0.0,0.8,"{'colsample_bytree': 0.8, 'learning_rate': 0.1, 'max_depth': -1, 'min_child_samples': 20, 'n_estimators': 700, 'num_leaves': 31, 'reg_alpha': 1.0, 'reg_lambda': 0.0, 'subsample': 0.8}",-0.010920957702523383,-0.009797097588770398,-0.010383058695775407,-0.010746676445775375,-0.010754697403436786,-0.01052049756725627,0.00040213722547423754,135
0.2351985454559326,0.03215188607514482,0.004844236373901367,0.000398429658707208,0.8,0.1,-1,20,700,31,1.0,0.5,0.8,"{'colsample_bytree': 0.8, 'learning_rate': 0.1, 'max_depth': -1, 'min_child_samples': 20, 'n_estimators': 700, 'num_leaves': 31, 'reg_alpha': 1.0, 'reg_lambda': 0.5, 'subsample': 0.8}",-0.010685395094757199,-0.00993388754221913,-0.010277651442906556,-0.010716829659399192,-0.010735376108526342,-0.010469827969561685,0.0003169097011492661,93
0.20430459976196289,0.01696377158879346,0.004159116744995117,6.302889039979673e-05,0.8,0.1,-1,20,700,31,1.0,1.0,0.8,"{'colsample_bytree': 0.8, 'learning_rate': 0.1, 'max_depth': -1, 'min_child_samples': 20, 'n_estimators': 700, 'num_leaves': 31, 'reg_alpha': 1.0, 'reg_lambda': 1.0, 'subsample': 0.8}",-0.010635484930711637,-0.00985775902804895,-0.01032727402537292,-0.010627703548812631,-0.010682620108803852,-0.010426168328349998,0.00031082683817172034,49
0.844631576538086,0.010875162427695649,0.023029851913452148,0.00021160410612123507,0.8,0.1,-1,20,700,50,0.0,0.0,0.8,"{'colsample_bytree': 0.8, 'learning_rate': 0.1, 'max_depth': -1, 'min_child_samples': 20, 'n_estimators': 700, 'num_leaves': 50, 'reg_alpha': 0.0, 'reg_lambda': 0.0, 'subsample': 0.8}",-0.011309505838451812,-0.009893607937155557,-0.01075737185586482,-0.01098878558885729,-0.0111314715249915,-0.010816148549064196,0.0004954128423713479,252
0.8709731101989746,0.020731881009808602,0.024448680877685546,0.002175364173184766,0.8,0.1,-1,20,700,50,0.0,0.5,0.8,"{'colsample_bytree': 0.8, 'learning_rate': 0.1, 'max_depth': -1, 'min_child_samples': 20, 'n_estimators': 700, 'num_leaves': 50, 'reg_alpha': 0.0, 'reg_lambda': 0.5, 'subsample': 0.8}",-0.011239337974584512,-0.010104695756213809,-0.01071014635573943,-0.011057232763045495,-0.011278042525944014,-0.010877891075105452,0.000435636953853906,275
0.8784044265747071,0.029796405074097285,0.02332754135131836,0.0007561131714724952,0.8,0.1,-1,20,700,50,0.0,1.0,0.8,"{'colsample_bytree': 0.8, 'learning_rate': 0.1, 'max_depth': -1, 'min_child_samples': 20, 'n_estimators': 700, 'num_leaves': 50, 'reg_alpha': 0.0, 'reg_lambda': 1.0, 'subsample': 0.8}",-0.011428128605280708,-0.009802331334733315,-0.010568845454754562,-0.011198381654280878,-0.011256045087507157,-0.010850746427311325,0.0005995214423349984,263
0.3638119697570801,0.03967766656106126,0.005969715118408203,0.0004789001517694321,0.8,0.1,-1,20,700,50,0.5,0.0,0.8,"{'colsample_bytree': 0.8, 'learning_rate': 0.1, 'max_depth': -1, 'min_child_samples': 20, 'n_estimators': 700, 'num_leaves': 50, 'reg_alpha': 0.5, 'reg_lambda': 0.0, 'subsample': 0.8}",-0.010877596253118156,-0.009598018486006674,-0.010294011854546281,-0.01048361109995782,-0.011009904064940802,-0.010452628351713946,0.0004995259921571818,81
0.3519646644592285,0.02432506514986982,0.005518341064453125,0.0003068439740021687,0.8,0.1,-1,20,700,50,0.5,0.5,0.8,"{'colsample_bytree': 0.8, 'learning_rate': 0.1, 'max_depth': -1, 'min_child_samples': 20, 'n_estimators': 700, 'num_leaves': 50, 'reg_alpha': 0.5, 'reg_lambda': 0.5, 'subsample': 0.8}",-0.011091336045887476,-0.009995685521959912,-0.010529573323409295,-0.010744855245640492,-0.01062624942002663,-0.01059753991138476,0.0003558676240385303,173
0.3262041091918945,0.014924349494341694,0.005563879013061523,0.00017791359896785275,0.8,0.1,-1,20,700,50,0.5,1.0,0.8,"{'colsample_bytree': 0.8, 'learning_rate': 0.1, 'max_depth': -1, 'min_child_samples': 20, 'n_estimators': 700, 'num_leaves': 50, 'reg_alpha': 0.5, 'reg_lambda': 1.0, 'subsample': 0.8}",-0.01115130452523494,-0.009849053944026534,-0.010365398582741726,-0.010698972838516722,-0.010909047592371572,-0.0105947554965783,0.0004534452550287053,167
0.21679182052612306,0.008018021262261515,0.004498720169067383,0.0004862857252488103,0.8,0.1,-1,20,700,50,1.0,0.0,0.8,"{'colsample_bytree': 0.8, 'learning_rate': 0.1, 'max_depth': -1, 'min_child_samples': 20, 'n_estimators': 700, 'num_leaves': 50, 'reg_alpha': 1.0, 'reg_lambda': 0.0, 'subsample': 0.8}",-0.010578335086813525,-0.00981550906743281,-0.010332880039847236,-0.010474357392911882,-0.010720085702149499,-0.010384233457830992,0.000311345178807803,17
0.21059632301330566,0.01564500264732954,0.0040642738342285155,0.0001254730999331796,0.8,0.1,-1,20,700,50,1.0,0.5,0.8,"{'colsample_bytree': 0.8, 'learning_rate': 0.1, 'max_depth': -1, 'min_child_samples': 20, 'n_estimators': 700, 'num_leaves': 50, 'reg_alpha': 1.0, 'reg_lambda': 0.5, 'subsample': 0.8}",-0.010649049046668838,-0.009868640593564468,-0.010311195838791991,-0.010613260832287455,-0.010707319223008193,-0.01042989310686419,0.00031231769841953065,53
0.21731481552124024,0.009355035600051742,0.00427403450012207,0.00020198608141551121,0.8,0.1,-1,20,700,50,1.0,1.0,0.8,"{'colsample_bytree': 0.8, 'learning_rate': 0.1, 'max_depth': -1, 'min_child_samples': 20, 'n_estimators': 700, 'num_leaves': 50, 'reg_alpha': 1.0, 'reg_lambda': 1.0, 'subsample': 0.8}",-0.01075457652261744,-0.00980672030430925,-0.010227797878270769,-0.010558481001892288,-0.010707775243189964,-0.010411070190055941,0.00035400224891389787,41
1.7586957931518554,0.13867297838858955,0.03930931091308594,0.003624741371408796,0.8,0.1,-1,20,700,100,0.0,0.0,0.8,"{'colsample_bytree': 0.8, 'learning_rate': 0.1, 'max_depth': -1, 'min_child_samples': 20, 'n_estimators': 700, 'num_leaves': 100, 'reg_alpha': 0.0, 'reg_lambda': 0.0, 'subsample': 0.8}",-0.011338727308079,-0.009971374696965333,-0.010639739883004002,-0.010851170036393454,-0.010968868010874409,-0.010753975987063239,0.0004523436833395781,237
1.656874942779541,0.045965037481155525,0.035833311080932614,0.0016438890274426711,0.8,0.1,-1,20,700,100,0.0,0.5,0.8,"{'colsample_bytree': 0.8, 'learning_rate': 0.1, 'max_depth': -1, 'min_child_samples': 20, 'n_estimators': 700, 'num_leaves': 100, 'reg_alpha': 0.0, 'reg_lambda': 0.5, 'subsample': 0.8}",-0.0111456458819498,-0.010400809690769666,-0.010519118111321103,-0.010749833509545953,-0.011167100793999709,-0.010796501597517248,0.0003146226596099289,242
1.7000431537628173,0.0894866175280742,0.0365328311920166,0.0007350419258199528,0.8,0.1,-1,20,700,100,0.0,1.0,0.8,"{'colsample_bytree': 0.8, 'learning_rate': 0.1, 'max_depth': -1, 'min_child_samples': 20, 'n_estimators': 700, 'num_leaves': 100, 'reg_alpha': 0.0, 'reg_lambda': 1.0, 'subsample': 0.8}",-0.01113831807372779,-0.010299087395745973,-0.010525066768433176,-0.01104532536601028,-0.011274293890260056,-0.010856418298835456,0.00037687794980865454,265
0.3436282634735107,0.02020901745955401,0.005603218078613281,0.00044334347575030977,0.8,0.1,-1,20,700,100,0.5,0.0,0.8,"{'colsample_bytree': 0.8, 'learning_rate': 0.1, 'max_depth': -1, 'min_child_samples': 20, 'n_estimators': 700, 'num_leaves': 100, 'reg_alpha': 0.5, 'reg_lambda': 0.0, 'subsample': 0.8}",-0.010939167941653715,-0.009837900172588341,-0.010487817930458514,-0.010628229304186585,-0.010890004293059969,-0.010556623928389424,0.00039595651831466304,155
0.36180849075317384,0.024161351388834268,0.005849599838256836,0.0004156684715762162,0.8,0.1,-1,20,700,100,0.5,0.5,0.8,"{'colsample_bytree': 0.8, 'learning_rate': 0.1, 'max_depth': -1, 'min_child_samples': 20, 'n_estimators': 700, 'num_leaves': 100, 'reg_alpha': 0.5, 'reg_lambda': 0.5, 'subsample': 0.8}",-0.011023763454674576,-0.009964851810456254,-0.010457672342304013,-0.010512990322956476,-0.010776033800317672,-0.010547062346141797,0.00035434233648185546,151
0.35010948181152346,0.01869216396105835,0.005444049835205078,0.00035974919278462884,0.8,0.1,-1,20,700,100,0.5,1.0,0.8,"{'colsample_bytree': 0.8, 'learning_rate': 0.1, 'max_depth': -1, 'min_child_samples': 20, 'n_estimators': 700, 'num_leaves': 100, 'reg_alpha': 0.5, 'reg_lambda': 1.0, 'subsample': 0.8}",-0.011160136444848773,-0.009867464640405747,-0.010349126019240613,-0.010490016103309706,-0.011100180622231427,-0.010593384766007252,0.00048484161329425323,163
0.21741127967834473,0.009894068873054508,0.004317283630371094,0.0004013582576985381,0.8,0.1,-1,20,700,100,1.0,0.0,0.8,"{'colsample_bytree': 0.8, 'learning_rate': 0.1, 'max_depth': -1, 'min_child_samples': 20, 'n_estimators': 700, 'num_leaves': 100, 'reg_alpha': 1.0, 'reg_lambda': 0.0, 'subsample': 0.8}",-0.010694657734062127,-0.009814032785794919,-0.010464673166098785,-0.010531358322270654,-0.010783045525730521,-0.0104575535067914,0.00034111001969192414,85
0.20780863761901855,0.012820604816988313,0.004031324386596679,0.0002701703372972186,0.8,0.1,-1,20,700,100,1.0,0.5,0.8,"{'colsample_bytree': 0.8, 'learning_rate': 0.1, 'max_depth': -1, 'min_child_samples': 20, 'n_estimators': 700, 'num_leaves': 100, 'reg_alpha': 1.0, 'reg_lambda': 0.5, 'subsample': 0.8}",-0.010606302040205158,-0.009822664598948571,-0.010298014527197733,-0.010645604260885285,-0.01088635901031122,-0.010451788887509594,0.00036598738483484294,77
0.21527953147888185,0.01009224195882277,0.0041506290435791016,0.00014315513963531455,0.8,0.1,-1,20,700,100,1.0,1.0,0.8,"{'colsample_bytree': 0.8, 'learning_rate': 0.1, 'max_depth': -1, 'min_child_samples': 20, 'n_estimators': 700, 'num_leaves': 100, 'reg_alpha': 1.0, 'reg_lambda': 1.0, 'subsample': 0.8}",-0.0107343289973076,-0.009792859358058117,-0.010317125751434274,-0.01054392122414857,-0.010445840027170318,-0.010366815071623776,0.0003176703348153126,1
0.4422053337097168,0.034001860041077386,0.01315603256225586,0.00326989874140465,0.8,0.1,-1,30,500,31,0.0,0.0,0.8,"{'colsample_bytree': 0.8, 'learning_rate': 0.1, 'max_depth': -1, 'min_child_samples': 30, 'n_estimators': 500, 'num_leaves': 31, 'reg_alpha': 0.0, 'reg_lambda': 0.0, 'subsample': 0.8}",-0.011334419114597523,-0.0103724371661576,-0.01111038476442969,-0.011233622521696324,-0.0115641512666341,-0.011123002966703047,0.00040374584481986863,318
0.4701704025268555,0.007049976471491698,0.012355375289916991,0.0009428265215639097,0.8,0.1,-1,30,500,31,0.0,0.5,0.8,"{'colsample_bytree': 0.8, 'learning_rate': 0.1, 'max_depth': -1, 'min_child_samples': 30, 'n_estimators': 500, 'num_leaves': 31, 'reg_alpha': 0.0, 'reg_lambda': 0.5, 'subsample': 0.8}",-0.011600783886943796,-0.010424693361987508,-0.011122980842349266,-0.011194652970195436,-0.011558324831553843,-0.01118028717860597,0.00042288115508367014,319
0.4200002193450928,0.00860048125462862,0.010760068893432617,0.0004185098441702782,0.8,0.1,-1,30,500,31,0.0,1.0,0.8,"{'colsample_bytree': 0.8, 'learning_rate': 0.1, 'max_depth': -1, 'min_child_samples': 30, 'n_estimators': 500, 'num_leaves': 31, 'reg_alpha': 0.0, 'reg_lambda': 1.0, 'subsample': 0.8}",-0.01147926958534148,-0.010492943980231921,-0.010769020068130245,-0.010969054275155214,-0.011206176615164588,-0.01098329290480469,0.0003412411671884175,302
0.2958976268768311,0.014336282075936365,0.006064748764038086,0.0002484665515545959,0.8,0.1,-1,30,500,31,0.5,0.0,0.8,"{'colsample_bytree': 0.8, 'learning_rate': 0.1, 'max_depth': -1, 'min_child_samples': 30, 'n_estimators': 500, 'num_leaves': 31, 'reg_alpha': 0.5, 'reg_lambda': 0.0, 'subsample': 0.8}",-0.010900406497634008,-0.009914085292723685,-0.010724552058951628,-0.010851220214558123,-0.010851470394912585,-0.010648346891756005,0.00037172519712162647,201
0.31956801414489744,0.014912363551610894,0.006656074523925781,0.0007674269517815438,0.8,0.1,-1,30,500,31,0.5,0.5,0.8,"{'colsample_bytree': 0.8, 'learning_rate': 0.1, 'max_depth': -1, 'min_child_samples': 30, 'n_estimators': 500, 'num_leaves': 31, 'reg_alpha': 0.5, 'reg_lambda': 0.5, 'subsample': 0.8}",-0.011221318452302365,-0.009684022497655207,-0.0106156830827965,-0.010853624095047365,-0.010993317939437886,-0.010673593213447864,0.0005323986740786564,216
0.33122897148132324,0.02733000943901031,0.006853628158569336,0.000675813053067006,0.8,0.1,-1,30,500,31,0.5,1.0,0.8,"{'colsample_bytree': 0.8, 'learning_rate': 0.1, 'max_depth': -1, 'min_child_samples': 30, 'n_estimators': 500, 'num_leaves': 31, 'reg_alpha': 0.5, 'reg_lambda': 1.0, 'subsample': 0.8}",-0.010985370985583718,-0.00996792787638528,-0.010308275587756655,-0.010870779670264653,-0.010975065703584985,-0.010621483964715059,0.00041105162858557276,191
0.190735387802124,0.009721786920849263,0.004681777954101562,0.0002927404016072829,0.8,0.1,-1,30,500,31,1.0,0.0,0.8,"{'colsample_bytree': 0.8, 'learning_rate': 0.1, 'max_depth': -1, 'min_child_samples': 30, 'n_estimators': 500, 'num_leaves': 31, 'reg_alpha': 1.0, 'reg_lambda': 0.0, 'subsample': 0.8}",-0.010843835287396696,-0.009637106447361514,-0.01041597973010666,-0.010695745638644727,-0.01069723741803348,-0.010457980904308616,0.00043318779435817985,89
0.1837846279144287,0.0030453157141168445,0.004538106918334961,0.00019717411953604184,0.8,0.1,-1,30,500,31,1.0,0.5,0.8,"{'colsample_bytree': 0.8, 'learning_rate': 0.1, 'max_depth': -1, 'min_child_samples': 30, 'n_estimators': 500, 'num_leaves': 31, 'reg_alpha': 1.0, 'reg_lambda': 0.5, 'subsample': 0.8}",-0.010835359743680068,-0.009815595149978713,-0.010551540282110172,-0.010630148995200171,-0.010637911894456552,-0.010494111213085135,0.0003519425008780221,117
0.1863638401031494,0.01644893396882666,0.0043942928314208984,0.00031232662782855713,0.8,0.1,-1,30,500,31,1.0,1.0,0.8,"{'colsample_bytree': 0.8, 'learning_rate': 0.1, 'max_depth': -1, 'min_child_samples': 30, 'n_estimators': 500, 'num_leaves': 31, 'reg_alpha': 1.0, 'reg_lambda': 1.0, 'subsample': 0.8}",-0.01065459756246801,-0.009605464451427171,-0.010410890063894075,-0.010550776874928953,-0.010679995669508007,-0.010380344924445244,0.0003988545803255763,5
0.6641937732696533,0.056324545239855216,0.02011842727661133,0.006781662216383245,0.8,0.1,-1,30,500,50,0.0,0.0,0.8,"{'colsample_bytree': 0.8, 'learning_rate': 0.1, 'max_depth': -1, 'min_child_samples': 30, 'n_estimators': 500, 'num_leaves': 50, 'reg_alpha': 0.0, 'reg_lambda': 0.0, 'subsample': 0.8}",-0.011487973219467372,-0.010313857865368812,-0.010663674971918235,-0.010825909236599585,-0.011290245973995937,-0.010916332253469989,0.00042463449615473596,290
0.6411927223205567,0.01887690377564585,0.017654800415039064,0.0019596092717665283,0.8,0.1,-1,30,500,50,0.0,0.5,0.8,"{'colsample_bytree': 0.8, 'learning_rate': 0.1, 'max_depth': -1, 'min_child_samples': 30, 'n_estimators': 500, 'num_leaves': 50, 'reg_alpha': 0.0, 'reg_lambda': 0.5, 'subsample': 0.8}",-0.01134516248649871,-0.010100672855227486,-0.010932282559085627,-0.010887923713681861,-0.0111982722475069,-0.010892862772400116,0.00043057941372341615,282
0.6486040115356445,0.014479437898424373,0.017477941513061524,0.0014731995969088484,0.8,0.1,-1,30,500,50,0.0,1.0,0.8,"{'colsample_bytree': 0.8, 'learning_rate': 0.1, 'max_depth': -1, 'min_child_samples': 30, 'n_estimators': 500, 'num_leaves': 50, 'reg_alpha': 0.0, 'reg_lambda': 1.0, 'subsample': 0.8}",-0.011530069478458024,-0.010253130951363518,-0.010829400656257848,-0.010804693820218387,-0.011557900107457705,-0.010995039002751098,0.0004933893270395837,305
0.31845746040344236,0.006722641990653213,0.005832242965698242,0.00020873518142593652,0.8,0.1,-1,30,500,50,0.5,0.0,0.8,"{'colsample_bytree': 0.8, 'learning_rate': 0.1, 'max_depth': -1, 'min_child_samples': 30, 'n_estimators': 500, 'num_leaves': 50, 'reg_alpha': 0.5, 'reg_lambda': 0.0, 'subsample': 0.8}",-0.010996749788154792,-0.009913408834425477,-0.010574658320303245,-0.010703925964580712,-0.010937337559934115,-0.010625216093479667,0.0003875249675518119,195
0.32636008262634275,0.01825753465325262,0.0063685417175292965,0.0006702168490492181,0.8,0.1,-1,30,500,50,0.5,0.5,0.8,"{'colsample_bytree': 0.8, 'learning_rate': 0.1, 'max_depth': -1, 'min_child_samples': 30, 'n_estimators': 500, 'num_leaves': 50, 'reg_alpha': 0.5, 'reg_lambda': 0.5, 'subsample': 0.8}",-0.011134235111012226,-0.010158381597842592,-0.010403152521035809,-0.010807400800431868,-0.010760417247115317,-0.010652717455487562,0.00033883212113472536,205
0.33497095108032227,0.01902075835692764,0.006328201293945313,0.0003959217603141463,0.8,0.1,-1,30,500,50,0.5,1.0,0.8,"{'colsample_bytree': 0.8, 'learning_rate': 0.1, 'max_depth': -1, 'min_child_samples': 30, 'n_estimators': 500, 'num_leaves': 50, 'reg_alpha': 0.5, 'reg_lambda': 1.0, 'subsample': 0.8}",-0.011338868812343538,-0.009815928884273604,-0.010373868959366067,-0.010767608486163843,-0.010785388796417179,-0.010616332787712845,0.0005045706480974398,181
0.19550085067749023,0.01505126591064808,0.004347658157348633,0.00031624459380244236,0.8,0.1,-1,30,500,50,1.0,0.0,0.8,"{'colsample_bytree': 0.8, 'learning_rate': 0.1, 'max_depth': -1, 'min_child_samples': 30, 'n_estimators': 500, 'num_leaves': 50, 'reg_alpha': 1.0, 'reg_lambda': 0.0, 'subsample': 0.8}",-0.010845744705213115,-0.009716778036291788,-0.010493661922038724,-0.010645642893483017,-0.010662565600851673,-0.010472878631575663,0.0003942024354887784,97
0.19340715408325196,0.008618039733996948,0.004359245300292969,0.00022418132728482153,0.8,0.1,-1,30,500,50,1.0,0.5,0.8,"{'colsample_bytree': 0.8, 'learning_rate': 0.1, 'max_depth': -1, 'min_child_samples': 30, 'n_estimators': 500, 'num_leaves': 50, 'reg_alpha': 1.0, 'reg_lambda': 0.5, 'subsample': 0.8}",-0.010797665924975596,-0.00975175730353769,-0.010358788091868777,-0.010759807841116275,-0.010859429856927578,-0.010505489803685184,0.00041592119093231995,127
0.22745876312255858,0.017601374175151632,0.004929113388061524,0.0005815745216158139,0.8,0.1,-1,30,500,50,1.0,1.0,0.8,"{'colsample_bytree': 0.8, 'learning_rate': 0.1, 'max_depth': -1, 'min_child_samples': 30, 'n_estimators': 500, 'num_leaves': 50, 'reg_alpha': 1.0, 'reg_lambda': 1.0, 'subsample': 0.8}",-0.010548994259938113,-0.00962706017554703,-0.010411733978415173,-0.010663965257600374,-0.010676799037037004,-0.01038571054170754,0.0003911642542468642,21
0.8435694694519043,0.01614850652091712,0.020053577423095704,0.0006327023653274087,0.8,0.1,-1,30,500,100,0.0,0.0,0.8,"{'colsample_bytree': 0.8, 'learning_rate': 0.1, 'max_depth': -1, 'min_child_samples': 30, 'n_estimators': 500, 'num_leaves': 100, 'reg_alpha': 0.0, 'reg_lambda': 0.0, 'subsample': 0.8}",-0.011400474869263542,-0.009711826922160539,-0.01070401924510795,-0.011210026407494016,-0.011334453030671056,-0.01087216009493942,0.0006295441718559415,273
0.8606280326843262,0.01591890012103271,0.020476341247558594,0.0007263811638018982,0.8,0.1,-1,30,500,100,0.0,0.5,0.8,"{'colsample_bytree': 0.8, 'learning_rate': 0.1, 'max_depth': -1, 'min_child_samples': 30, 'n_estimators': 500, 'num_leaves': 100, 'reg_alpha': 0.0, 'reg_lambda': 0.5, 'subsample': 0.8}",-0.01130347363295472,-0.010269821016066586,-0.010665001889119749,-0.010916319983329486,-0.01137096986928826,-0.010905117278151761,0.00040916712071064053,285
0.8653659343719482,0.015083204730542128,0.020091915130615236,0.0006016111508259486,0.8,0.1,-1,30,500,100,0.0,1.0,0.8,"{'colsample_bytree': 0.8, 'learning_rate': 0.1, 'max_depth': -1, 'min_child_samples': 30, 'n_estimators': 500, 'num_leaves': 100, 'reg_alpha': 0.0, 'reg_lambda': 1.0, 'subsample': 0.8}",-0.011182292544467065,-0.010171712891444636,-0.010779971575321705,-0.010851564067181286,-0.011418882802001531,-0.010880884776083245,0.0004229081363025346,277
0.35378499031066896,0.045748114838551214,0.006009912490844727,0.00044353903788730203,0.8,0.1,-1,30,500,100,0.5,0.0,0.8,"{'colsample_bytree': 0.8, 'learning_rate': 0.1, 'max_depth': -1, 'min_child_samples': 30, 'n_estimators': 500, 'num_leaves': 100, 'reg_alpha': 0.5, 'reg_lambda': 0.0, 'subsample': 0.8}",-0.011006486554265074,-0.009796224458934013,-0.01054478485087017,-0.010571730889186953,-0.011063030299110125,-0.010596451410473268,0.0004537550859196332,171
0.33059515953063967,0.02628065462689779,0.0059906005859375,0.00023532619581681237,0.8,0.1,-1,30,500,100,0.5,0.5,0.8,"{'colsample_bytree': 0.8, 'learning_rate': 0.1, 'max_depth': -1, 'min_child_samples': 30, 'n_estimators': 500, 'num_leaves': 100, 'reg_alpha': 0.5, 'reg_lambda': 0.5, 'subsample': 0.8}",-0.010957243084607281,-0.010061021325223747,-0.010679260019261495,-0.01076018165329364,-0.010937292918343396,-0.010678999800145913,0.00032638094819325533,220
0.3237802505493164,0.017011724828017473,0.0058268547058105465,0.00017854088599008575,0.8,0.1,-1,30,500,100,0.5,1.0,0.8,"{'colsample_bytree': 0.8, 'learning_rate': 0.1, 'max_depth': -1, 'min_child_samples': 30, 'n_estimators': 500, 'num_leaves': 100, 'reg_alpha': 0.5, 'reg_lambda': 1.0, 'subsample': 0.8}",-0.011089718749062265,-0.009980808675440617,-0.01036779642864688,-0.010884974575401963,-0.010891746725741365,-0.010643009030858618,0.00040846508420456324,199
0.1922168731689453,0.0038645095699492604,0.0043967247009277345,0.0002634396226232599,0.8,0.1,-1,30,500,100,1.0,0.0,0.8,"{'colsample_bytree': 0.8, 'learning_rate': 0.1, 'max_depth': -1, 'min_child_samples': 30, 'n_estimators': 500, 'num_leaves': 100, 'reg_alpha': 1.0, 'reg_lambda': 0.0, 'subsample': 0.8}",-0.010876219330747618,-0.009693347865636841,-0.010238665795643496,-0.01066592746727713,-0.010700641449002868,-0.010434960381661591,0.00042594891072860266,57
0.217448091506958,0.03346115901536456,0.004800271987915039,0.0004229652947457905,0.8,0.1,-1,30,500,100,1.0,0.5,0.8,"{'colsample_bytree': 0.8, 'learning_rate': 0.1, 'max_depth': -1, 'min_child_samples': 30, 'n_estimators': 500, 'num_leaves': 100, 'reg_alpha': 1.0, 'reg_lambda': 0.5, 'subsample': 0.8}",-0.010959538212149034,-0.009753478403846595,-0.010406624641781376,-0.010599684635480484,-0.010721660171588711,-0.01048819721296924,0.0004087939698141747,111
0.1962118625640869,0.011785188440223153,0.004398345947265625,0.0001967993663414621,0.8,0.1,-1,30,500,100,1.0,1.0,0.8,"{'colsample_bytree': 0.8, 'learning_rate': 0.1, 'max_depth': -1, 'min_child_samples': 30, 'n_estimators': 500, 'num_leaves': 100, 'reg_alpha': 1.0, 'reg_lambda': 1.0, 'subsample': 0.8}",-0.010630247948767766,-0.009715754667418615,-0.010379995712908263,-0.01067665358719608,-0.010598546301250223,-0.010400239643508188,0.0003570892097156593,29
0.5903999328613281,0.05157007798662381,0.016948843002319337,0.000286163109038057,0.8,0.1,-1,30,700,31,0.0,0.0,0.8,"{'colsample_bytree': 0.8, 'learning_rate': 0.1, 'max_depth': -1, 'min_child_samples': 30, 'n_estimators': 700, 'num_leaves': 31, 'reg_alpha': 0.0, 'reg_lambda': 0.0, 'subsample': 0.8}",-0.01142363892827885,-0.010426684869547967,-0.011181034470231542,-0.011314188601777669,-0.011671654555295235,-0.011203440285026251,0.0004204350677687415,322
0.5935685157775878,0.023778269106774205,0.01841082572937012,0.0017638400464255832,0.8,0.1,-1,30,700,31,0.0,0.5,0.8,"{'colsample_bytree': 0.8, 'learning_rate': 0.1, 'max_depth': -1, 'min_child_samples': 30, 'n_estimators': 700, 'num_leaves': 31, 'reg_alpha': 0.0, 'reg_lambda': 0.5, 'subsample': 0.8}",-0.011655898676242255,-0.010499873294981013,-0.011233230815551458,-0.011300726722942842,-0.011651817119665264,-0.011268309325876566,0.00042191919973171704,323
0.6191538810729981,0.06359318446068744,0.01759486198425293,0.0008633982781012939,0.8,0.1,-1,30,700,31,0.0,1.0,0.8,"{'colsample_bytree': 0.8, 'learning_rate': 0.1, 'max_depth': -1, 'min_child_samples': 30, 'n_estimators': 700, 'num_leaves': 31, 'reg_alpha': 0.0, 'reg_lambda': 1.0, 'subsample': 0.8}",-0.011511234945665241,-0.010540504875460523,-0.010817998439775331,-0.011028658811896798,-0.01132060843403174,-0.011043801101365927,0.0003463061998106258,310
0.31406459808349607,0.014371835240593742,0.006231069564819336,0.000502105859596353,0.8,0.1,-1,30,700,31,0.5,0.0,0.8,"{'colsample_bytree': 0.8, 'learning_rate': 0.1, 'max_depth': -1, 'min_child_samples': 30, 'n_estimators': 700, 'num_leaves': 31, 'reg_alpha': 0.5, 'reg_lambda': 0.0, 'subsample': 0.8}",-0.010900406497634008,-0.009914085292723685,-0.010724552058951628,-0.010851220214558123,-0.010851470394912585,-0.010648346891756005,0.00037172519712162647,201
0.31191744804382326,0.002723535150257638,0.006167984008789063,4.996211365531392e-05,0.8,0.1,-1,30,700,31,0.5,0.5,0.8,"{'colsample_bytree': 0.8, 'learning_rate': 0.1, 'max_depth': -1, 'min_child_samples': 30, 'n_estimators': 700, 'num_leaves': 31, 'reg_alpha': 0.5, 'reg_lambda': 0.5, 'subsample': 0.8}",-0.011221318452302365,-0.009684022497655207,-0.0106156830827965,-0.010853624095047365,-0.010993317939437886,-0.010673593213447864,0.0005323986740786564,216
0.3346728801727295,0.015680843503256495,0.0064618587493896484,0.0002950512904146398,0.8,0.1,-1,30,700,31,0.5,1.0,0.8,"{'colsample_bytree': 0.8, 'learning_rate': 0.1, 'max_depth': -1, 'min_child_samples': 30, 'n_estimators': 700, 'num_leaves': 31, 'reg_alpha': 0.5, 'reg_lambda': 1.0, 'subsample': 0.8}",-0.010985370985583718,-0.00996792787638528,-0.010308275587756655,-0.010870779670264653,-0.010975065703584985,-0.010621483964715059,0.00041105162858557276,191
0.19954829216003417,0.011796281079124718,0.004458236694335938,0.00023235797681477524,0.8,0.1,-1,30,700,31,1.0,0.0,0.8,"{'colsample_bytree': 0.8, 'learning_rate': 0.1, 'max_depth': -1, 'min_child_samples': 30, 'n_estimators': 700, 'num_leaves': 31, 'reg_alpha': 1.0, 'reg_lambda': 0.0, 'subsample': 0.8}",-0.010843835287396696,-0.009637106447361514,-0.01041597973010666,-0.010695745638644727,-0.01069723741803348,-0.010457980904308616,0.00043318779435817985,89
0.19986624717712403,0.02684432460222765,0.004181814193725586,0.0003727635072927372,0.8,0.1,-1,30,700,31,1.0,0.5,0.8,"{'colsample_bytree': 0.8, 'learning_rate': 0.1, 'max_depth': -1, 'min_child_samples': 30, 'n_estimators': 700, 'num_leaves': 31, 'reg_alpha': 1.0, 'reg_lambda': 0.5, 'subsample': 0.8}",-0.010835359743680068,-0.009815595149978713,-0.010551540282110172,-0.010630148995200171,-0.010637911894456552,-0.010494111213085135,0.0003519425008780221,117
0.19270362854003906,0.013508197014704692,0.00418400764465332,0.0002588260059567654,0.8,0.1,-1,30,700,31,1.0,1.0,0.8,"{'colsample_bytree': 0.8, 'learning_rate': 0.1, 'max_depth': -1, 'min_child_samples': 30, 'n_estimators': 700, 'num_leaves': 31, 'reg_alpha': 1.0, 'reg_lambda': 1.0, 'subsample': 0.8}",-0.01065459756246801,-0.009605464451427171,-0.010410890063894075,-0.010550776874928953,-0.010679995669508007,-0.010380344924445244,0.0003988545803255763,5
0.9605389595031738,0.039572109546768666,0.026742887496948243,0.0012506079099950374,0.8,0.1,-1,30,700,50,0.0,0.0,0.8,"{'colsample_bytree': 0.8, 'learning_rate': 0.1, 'max_depth': -1, 'min_child_samples': 30, 'n_estimators': 700, 'num_leaves': 50, 'reg_alpha': 0.0, 'reg_lambda': 0.0, 'subsample': 0.8}",-0.011501016979577316,-0.010341623543001393,-0.010718107996664162,-0.010847473621300183,-0.011320674629264529,-0.010945779353961516,0.00041841075422808567,295
1.0208466529846192,0.07466884923888487,0.027432632446289063,0.002464208122526728,0.8,0.1,-1,30,700,50,0.0,0.5,0.8,"{'colsample_bytree': 0.8, 'learning_rate': 0.1, 'max_depth': -1, 'min_child_samples': 30, 'n_estimators': 700, 'num_leaves': 50, 'reg_alpha': 0.0, 'reg_lambda': 0.5, 'subsample': 0.8}",-0.011345755509235535,-0.010148159551667481,-0.010967768507228163,-0.010897121577164657,-0.011226222848428056,-0.01091700559874478,0.00041798045039111555,291
0.9377401351928711,0.06865377530601126,0.02660708427429199,0.0009594708047884144,0.8,0.1,-1,30,700,50,0.0,1.0,0.8,"{'colsample_bytree': 0.8, 'learning_rate': 0.1, 'max_depth': -1, 'min_child_samples': 30, 'n_estimators': 700, 'num_leaves': 50, 'reg_alpha': 0.0, 'reg_lambda': 1.0, 'subsample': 0.8}",-0.011545685525578744,-0.010252034853119932,-0.010879797429239781,-0.010831487627452955,-0.01158512086809155,-0.01101882526069659,0.0004981293224790139,308
0.33091058731079104,0.02300321845178246,0.005866003036499023,0.00030276149690271664,0.8,0.1,-1,30,700,50,0.5,0.0,0.8,"{'colsample_bytree': 0.8, 'learning_rate': 0.1, 'max_depth': -1, 'min_child_samples': 30, 'n_estimators': 700, 'num_leaves': 50, 'reg_alpha': 0.5, 'reg_lambda': 0.0, 'subsample': 0.8}",-0.010996749788154792,-0.009913408834425477,-0.010574658320303245,-0.010703925964580712,-0.010937337559934115,-0.010625216093479667,0.0003875249675518119,195
0.3848875522613525,0.03344597004271654,0.006947803497314453,0.000539357071331487,0.8,0.1,-1,30,700,50,0.5,0.5,0.8,"{'colsample_bytree': 0.8, 'learning_rate': 0.1, 'max_depth': -1, 'min_child_samples': 30, 'n_estimators': 700, 'num_leaves': 50, 'reg_alpha': 0.5, 'reg_lambda': 0.5, 'subsample': 0.8}",-0.011134235111012226,-0.010158381597842592,-0.010403152521035809,-0.010807400800431868,-0.010760417247115317,-0.010652717455487562,0.00033883212113472536,205
0.35498852729797364,0.029564054397384062,0.006390285491943359,0.00036108178247235977,0.8,0.1,-1,30,700,50,0.5,1.0,0.8,"{'colsample_bytree': 0.8, 'learning_rate': 0.1, 'max_depth': -1, 'min_child_samples': 30, 'n_estimators': 700, 'num_leaves': 50, 'reg_alpha': 0.5, 'reg_lambda': 1.0, 'subsample': 0.8}",-0.011338868812343538,-0.009815928884273604,-0.010373868959366067,-0.010767608486163843,-0.010785388796417179,-0.010616332787712845,0.0005045706480974398,181
0.24796538352966307,0.022227405163645592,0.005199432373046875,0.00019562258217694552,0.8,0.1,-1,30,700,50,1.0,0.0,0.8,"{'colsample_bytree': 0.8, 'learning_rate': 0.1, 'max_depth': -1, 'min_child_samples': 30, 'n_estimators': 700, 'num_leaves': 50, 'reg_alpha': 1.0, 'reg_lambda': 0.0, 'subsample': 0.8}",-0.010845744705213115,-0.009716778036291788,-0.010493661922038724,-0.010645642893483017,-0.010662565600851673,-0.010472878631575663,0.0003942024354887784,97
0.20553312301635743,0.01800269231579233,0.004361200332641602,0.00035896472292015335,0.8,0.1,-1,30,700,50,1.0,0.5,0.8,"{'colsample_bytree': 0.8, 'learning_rate': 0.1, 'max_depth': -1, 'min_child_samples': 30, 'n_estimators': 700, 'num_leaves': 50, 'reg_alpha': 1.0, 'reg_lambda': 0.5, 'subsample': 0.8}",-0.010797665924975596,-0.00975175730353769,-0.010358788091868777,-0.010759807841116275,-0.010859429856927578,-0.010505489803685184,0.00041592119093231995,127
0.1967240333557129,0.011107963175469629,0.004124975204467774,0.0002767547667190176,0.8,0.1,-1,30,700,50,1.0,1.0,0.8,"{'colsample_bytree': 0.8, 'learning_rate': 0.1, 'max_depth': -1, 'min_child_samples': 30, 'n_estimators': 700, 'num_leaves': 50, 'reg_alpha': 1.0, 'reg_lambda': 1.0, 'subsample': 0.8}",-0.010548994259938113,-0.00962706017554703,-0.010411733978415173,-0.010663965257600374,-0.010676799037037004,-0.01038571054170754,0.0003911642542468642,21
1.248354721069336,0.06173198988365444,0.03188505172729492,0.001421929066169836,0.8,0.1,-1,30,700,100,0.0,0.0,0.8,"{'colsample_bytree': 0.8, 'learning_rate': 0.1, 'max_depth': -1, 'min_child_samples': 30, 'n_estimators': 700, 'num_leaves': 100, 'reg_alpha': 0.0, 'reg_lambda': 0.0, 'subsample': 0.8}",-0.01141075599456352,-0.009733322680027775,-0.010714036877603193,-0.011220574602019393,-0.01134744647430912,-0.0108852273257046,0.0006258554467469433,279
1.2568528175354003,0.07256886970377034,0.03069472312927246,0.0018087481403738484,0.8,0.1,-1,30,700,100,0.0,0.5,0.8,"{'colsample_bytree': 0.8, 'learning_rate': 0.1, 'max_depth': -1, 'min_child_samples': 30, 'n_estimators': 700, 'num_leaves': 100, 'reg_alpha': 0.0, 'reg_lambda': 0.5, 'subsample': 0.8}",-0.01130702728795387,-0.010278085707334036,-0.010675685331812552,-0.010917966669741756,-0.011378606305716323,-0.010911474260511709,0.00040779754161763084,286
1.2427886486053468,0.06317867139016253,0.03023815155029297,0.0008942948884226012,0.8,0.1,-1,30,700,100,0.0,1.0,0.8,"{'colsample_bytree': 0.8, 'learning_rate': 0.1, 'max_depth': -1, 'min_child_samples': 30, 'n_estimators': 700, 'num_leaves': 100, 'reg_alpha': 0.0, 'reg_lambda': 1.0, 'subsample': 0.8}",-0.011191157595201312,-0.01018678716972451,-0.010780985514998398,-0.010862143102511015,-0.01142749108296369,-0.010889712893079783,0.0004211319504865288,281
0.357747220993042,0.046996172727791226,0.007847261428833009,0.0033408122100632687,0.8,0.1,-1,30,700,100,0.5,0.0,0.8,"{'colsample_bytree': 0.8, 'learning_rate': 0.1, 'max_depth': -1, 'min_child_samples': 30, 'n_estimators': 700, 'num_leaves': 100, 'reg_alpha': 0.5, 'reg_lambda': 0.0, 'subsample': 0.8}",-0.011006486554265074,-0.009796224458934013,-0.01054478485087017,-0.010571730889186953,-0.011063030299110125,-0.010596451410473268,0.0004537550859196332,171
0.3296963214874268,0.008329311789598108,0.006030654907226563,0.0004290880736263117,0.8,0.1,-1,30,700,100,0.5,0.5,0.8,"{'colsample_bytree': 0.8, 'learning_rate': 0.1, 'max_depth': -1, 'min_child_samples': 30, 'n_estimators': 700, 'num_leaves': 100, 'reg_alpha': 0.5, 'reg_lambda': 0.5, 'subsample': 0.8}",-0.010957243084607281,-0.010061021325223747,-0.010679260019261495,-0.01076018165329364,-0.010937292918343396,-0.010678999800145913,0.00032638094819325533,220
0.3318880558013916,0.012331978665555925,0.006198072433471679,0.00043985033565420174,0.8,0.1,-1,30,700,100,0.5,1.0,0.8,"{'colsample_bytree': 0.8, 'learning_rate': 0.1, 'max_depth': -1, 'min_child_samples': 30, 'n_estimators': 700, 'num_leaves': 100, 'reg_alpha': 0.5, 'reg_lambda': 1.0, 'subsample': 0.8}",-0.011089718749062265,-0.009980808675440617,-0.01036779642864688,-0.010884974575401963,-0.010891746725741365,-0.010643009030858618,0.00040846508420456324,199
0.20021357536315917,0.00595552009088775,0.004233455657958985,0.00010244306739212843,0.8,0.1,-1,30,700,100,1.0,0.0,0.8,"{'colsample_bytree': 0.8, 'learning_rate': 0.1, 'max_depth': -1, 'min_child_samples': 30, 'n_estimators': 700, 'num_leaves': 100, 'reg_alpha': 1.0, 'reg_lambda': 0.0, 'subsample': 0.8}",-0.010876219330747618,-0.009693347865636841,-0.010238665795643496,-0.01066592746727713,-0.010700641449002868,-0.010434960381661591,0.00042594891072860266,57
0.2543285846710205,0.0668170580924053,0.004819297790527343,0.0006256581170467477,0.8,0.1,-1,30,700,100,1.0,0.5,0.8,"{'colsample_bytree': 0.8, 'learning_rate': 0.1, 'max_depth': -1, 'min_child_samples': 30, 'n_estimators': 700, 'num_leaves': 100, 'reg_alpha': 1.0, 'reg_lambda': 0.5, 'subsample': 0.8}",-0.010959538212149034,-0.009753478403846595,-0.010406624641781376,-0.010599684635480484,-0.010721660171588711,-0.01048819721296924,0.0004087939698141747,111
0.2533179759979248,0.012698254903374269,0.005081462860107422,0.00029555682608174634,0.8,0.1,-1,30,700,100,1.0,1.0,0.8,"{'colsample_bytree': 0.8, 'learning_rate': 0.1, 'max_depth': -1, 'min_child_samples': 30, 'n_estimators': 700, 'num_leaves': 100, 'reg_alpha': 1.0, 'reg_lambda': 1.0, 'subsample': 0.8}",-0.010630247948767766,-0.009715754667418615,-0.010379995712908263,-0.01067665358719608,-0.010598546301250223,-0.010400239643508188,0.0003570892097156593,29
0.43887667655944823,0.0345499171421656,0.008420324325561524,0.0012272262033722963,0.8,0.1,20,10,500,31,0.0,0.0,0.8,"{'colsample_bytree': 0.8, 'learning_rate': 0.1, 'max_depth': 20, 'min_child_samples': 10, 'n_estimators': 500, 'num_leaves': 31, 'reg_alpha': 0.0, 'reg_lambda': 0.0, 'subsample': 0.8}",-0.011422564982813589,-0.009989738499974631,-0.010899287240987167,-0.01118586852134205,-0.011084177646890962,-0.01091632737840168,0.0004931450026915076,289
0.41567511558532716,0.007189803976827046,0.007921409606933594,0.0008637723215363618,0.8,0.1,20,10,500,31,0.0,0.5,0.8,"{'colsample_bytree': 0.8, 'learning_rate': 0.1, 'max_depth': 20, 'min_child_samples': 10, 'n_estimators': 500, 'num_leaves': 31, 'reg_alpha': 0.0, 'reg_lambda': 0.5, 'subsample': 0.8}",-0.0114302658419391,-0.009892999336178081,-0.010647172874779736,-0.010909072248977362,-0.011088748103870167,-0.01079365168114889,0.0005173610118893988,240
0.44094138145446776,0.01819480991433804,0.008323383331298829,0.0008824168828737574,0.8,0.1,20,10,500,31,0.0,1.0,0.8,"{'colsample_bytree': 0.8, 'learning_rate': 0.1, 'max_depth': 20, 'min_child_samples': 10, 'n_estimators': 500, 'num_leaves': 31, 'reg_alpha': 0.0, 'reg_lambda': 1.0, 'subsample': 0.8}",-0.01123251434957684,-0.00995251998388055,-0.010504199444636821,-0.011207400830507521,-0.011145837399821194,-0.010808494401684587,0.0005055704062498661,247
0.30301966667175295,0.019132136068906683,0.005515241622924804,0.0003847954912423699,0.8,0.1,20,10,500,31,0.5,0.0,0.8,"{'colsample_bytree': 0.8, 'learning_rate': 0.1, 'max_depth': 20, 'min_child_samples': 10, 'n_estimators': 500, 'num_leaves': 31, 'reg_alpha': 0.5, 'reg_lambda': 0.0, 'subsample': 0.8}",-0.010882899752193097,-0.009692012740808482,-0.010470398532346827,-0.010456739590777366,-0.011010896162115346,-0.010502589355648222,0.0004611257324829126,123
0.3071579933166504,0.01739113590151406,0.0057030200958251955,0.00017441119366664072,0.8,0.1,20,10,500,31,0.5,0.5,0.8,"{'colsample_bytree': 0.8, 'learning_rate': 0.1, 'max_depth': 20, 'min_child_samples': 10, 'n_estimators': 500, 'num_leaves': 31, 'reg_alpha': 0.5, 'reg_lambda': 0.5, 'subsample': 0.8}",-0.010797446179177647,-0.009706376607989505,-0.010425531214624872,-0.010646066947879292,-0.010647016730889408,-0.010444487536112145,0.00038765944385208773,65
0.3375413417816162,0.018982076389818813,0.00700845718383789,0.0017933430840592637,0.8,0.1,20,10,500,31,0.5,1.0,0.8,"{'colsample_bytree': 0.8, 'learning_rate': 0.1, 'max_depth': 20, 'min_child_samples': 10, 'n_estimators': 500, 'num_leaves': 31, 'reg_alpha': 0.5, 'reg_lambda': 1.0, 'subsample': 0.8}",-0.010689620059659722,-0.00985169730382194,-0.010515259601279275,-0.010587010386763112,-0.010533991314939468,-0.010435515733292704,0.00029813423887919797,61
0.18660993576049806,0.007445949737923125,0.0039386749267578125,0.00010207423066642787,0.8,0.1,20,10,500,31,1.0,0.0,0.8,"{'colsample_bytree': 0.8, 'learning_rate': 0.1, 'max_depth': 20, 'min_child_samples': 10, 'n_estimators': 500, 'num_leaves': 31, 'reg_alpha': 1.0, 'reg_lambda': 0.0, 'subsample': 0.8}",-0.010634119579224256,-0.009753370674731459,-0.010328295346810554,-0.010459114604501826,-0.010854153170001815,-0.010405810675053983,0.0003708541054181819,33
0.17888388633728028,0.009911005905301074,0.004183244705200195,0.0006487513393025412,0.8,0.1,20,10,500,31,1.0,0.5,0.8,"{'colsample_bytree': 0.8, 'learning_rate': 0.1, 'max_depth': 20, 'min_child_samples': 10, 'n_estimators': 500, 'num_leaves': 31, 'reg_alpha': 1.0, 'reg_lambda': 0.5, 'subsample': 0.8}",-0.010655477899078662,-0.00966451971757834,-0.010288402924449574,-0.010725361855643522,-0.010585260374276982,-0.010383804554205418,0.00038923627556606687,13
0.21673851013183593,0.021628934471063403,0.005468034744262695,0.002362151400818872,0.8,0.1,20,10,500,31,1.0,1.0,0.8,"{'colsample_bytree': 0.8, 'learning_rate': 0.1, 'max_depth': 20, 'min_child_samples': 10, 'n_estimators': 500, 'num_leaves': 31, 'reg_alpha': 1.0, 'reg_lambda': 1.0, 'subsample': 0.8}",-0.010721770042636017,-0.009665574897707477,-0.010140548576279926,-0.010770286499437834,-0.010606519383878783,-0.010380939879988008,0.0004214681812889269,9
0.6294355392456055,0.027761015952781472,0.011899089813232422,0.0012953777811012743,0.8,0.1,20,10,500,50,0.0,0.0,0.8,"{'colsample_bytree': 0.8, 'learning_rate': 0.1, 'max_depth': 20, 'min_child_samples': 10, 'n_estimators': 500, 'num_leaves': 50, 'reg_alpha': 0.0, 'reg_lambda': 0.0, 'subsample': 0.8}",-0.011333840953534673,-0.009858074271919875,-0.010613914881169305,-0.010886995253972352,-0.01079024332937833,-0.010696613737994907,0.00048188332266612435,227
0.6346474647521972,0.012030823830263644,0.011199235916137695,0.00028627847174494736,0.8,0.1,20,10,500,50,0.0,0.5,0.8,"{'colsample_bytree': 0.8, 'learning_rate': 0.1, 'max_depth': 20, 'min_child_samples': 10, 'n_estimators': 500, 'num_leaves': 50, 'reg_alpha': 0.0, 'reg_lambda': 0.5, 'subsample': 0.8}",-0.011279528262580454,-0.009793983819758796,-0.010335285254527251,-0.01102017845768089,-0.010869300497918491,-0.010659655258493177,0.0005315587613943981,212
0.6383139610290527,0.012169315130392693,0.011520051956176757,0.0012452909875542975,0.8,0.1,20,10,500,50,0.0,1.0,0.8,"{'colsample_bytree': 0.8, 'learning_rate': 0.1, 'max_depth': 20, 'min_child_samples': 10, 'n_estimators': 500, 'num_leaves': 50, 'reg_alpha': 0.0, 'reg_lambda': 1.0, 'subsample': 0.8}",-0.011061778594272187,-0.009909034183312746,-0.010408419067755893,-0.011025230818475517,-0.010962738920524564,-0.01067344031686818,0.0004500688516869373,215
0.3831364154815674,0.04833735844984564,0.006222963333129883,0.0005771790680158843,0.8,0.1,20,10,500,50,0.5,0.0,0.8,"{'colsample_bytree': 0.8, 'learning_rate': 0.1, 'max_depth': 20, 'min_child_samples': 10, 'n_estimators': 500, 'num_leaves': 50, 'reg_alpha': 0.5, 'reg_lambda': 0.0, 'subsample': 0.8}",-0.010927444868289483,-0.00980068402692123,-0.010464329005706334,-0.01072304094689249,-0.010514105370517246,-0.010485920843665357,0.0003799945993607463,101
0.33583664894104004,0.036999791246406406,0.005269622802734375,0.0003673836314917812,0.8,0.1,20,10,500,50,0.5,0.5,0.8,"{'colsample_bytree': 0.8, 'learning_rate': 0.1, 'max_depth': 20, 'min_child_samples': 10, 'n_estimators': 500, 'num_leaves': 50, 'reg_alpha': 0.5, 'reg_lambda': 0.5, 'subsample': 0.8}",-0.010907418737003807,-0.009773607355339633,-0.010625298775565164,-0.010568622380238058,-0.010815692922847025,-0.010538128034198737,0.00040160637501975065,143
0.3713819980621338,0.02629059982504144,0.005782365798950195,0.0005417948140411317,0.8,0.1,20,10,500,50,0.5,1.0,0.8,"{'colsample_bytree': 0.8, 'learning_rate': 0.1, 'max_depth': 20, 'min_child_samples': 10, 'n_estimators': 500, 'num_leaves': 50, 'reg_alpha': 0.5, 'reg_lambda': 1.0, 'subsample': 0.8}",-0.011126465651208381,-0.009801544804686564,-0.01053078509813837,-0.010646181847973574,-0.01068754454671919,-0.010558504389745215,0.00042910951186274913,159
0.22644968032836915,0.024033016565537225,0.004659795761108398,0.000604053589297773,0.8,0.1,20,10,500,50,1.0,0.0,0.8,"{'colsample_bytree': 0.8, 'learning_rate': 0.1, 'max_depth': 20, 'min_child_samples': 10, 'n_estimators': 500, 'num_leaves': 50, 'reg_alpha': 1.0, 'reg_lambda': 0.0, 'subsample': 0.8}",-0.010757144093482902,-0.009737251164559545,-0.010345140979522908,-0.01069272086514462,-0.010582347916273122,-0.010422921003796621,0.00037043402648786187,45
0.2190117359161377,0.018622056833803864,0.004143667221069336,0.00014935605484903087,0.8,0.1,20,10,500,50,1.0,0.5,0.8,"{'colsample_bytree': 0.8, 'learning_rate': 0.1, 'max_depth': 20, 'min_child_samples': 10, 'n_estimators': 500, 'num_leaves': 50, 'reg_alpha': 1.0, 'reg_lambda': 0.5, 'subsample': 0.8}",-0.010688886806091789,-0.009651772662358444,-0.010353238622768202,-0.010614210091882055,-0.010647093366915921,-0.010391040310003282,0.00038782111266471263,25
0.20824017524719238,0.012004410489475384,0.004021644592285156,0.00020110377489597814,0.8,0.1,20,10,500,50,1.0,1.0,0.8,"{'colsample_bytree': 0.8, 'learning_rate': 0.1, 'max_depth': 20, 'min_child_samples': 10, 'n_estimators': 500, 'num_leaves': 50, 'reg_alpha': 1.0, 'reg_lambda': 1.0, 'subsample': 0.8}",-0.010725127018726022,-0.009542154055049984,-0.01036647564865479,-0.010564890124071004,-0.010845435844174677,-0.010408816538135295,0.0004621567511730789,37
1.1328816413879395,0.013372662973708727,0.022670888900756837,0.0020066233768138773,0.8,0.1,20,10,500,100,0.0,0.0,0.8,"{'colsample_bytree': 0.8, 'learning_rate': 0.1, 'max_depth': 20, 'min_child_samples': 10, 'n_estimators': 500, 'num_leaves': 100, 'reg_alpha': 0.0, 'reg_lambda': 0.0, 'subsample': 0.8}",-0.011282854305743486,-0.010006965857004755,-0.01101629744236705,-0.011055979137026613,-0.010710110202604912,-0.010814441388949363,0.0004430347033360795,249
1.225582981109619,0.08136607651320922,0.0219851016998291,0.0010408206955879798,0.8,0.1,20,10,500,100,0.0,0.5,0.8,"{'colsample_bytree': 0.8, 'learning_rate': 0.1, 'max_depth': 20, 'min_child_samples': 10, 'n_estimators': 500, 'num_leaves': 100, 'reg_alpha': 0.0, 'reg_lambda': 0.5, 'subsample': 0.8}",-0.011302365586553226,-0.009813987367072511,-0.010753373921260499,-0.010970829273455744,-0.01067278049948775,-0.010702667329565946,0.0004949273248417531,230
1.159382152557373,0.012426084029008484,0.02223200798034668,0.0013836111151885049,0.8,0.1,20,10,500,100,0.0,1.0,0.8,"{'colsample_bytree': 0.8, 'learning_rate': 0.1, 'max_depth': 20, 'min_child_samples': 10, 'n_estimators': 500, 'num_leaves': 100, 'reg_alpha': 0.0, 'reg_lambda': 1.0, 'subsample': 0.8}",-0.01096341481171533,-0.010048703679654557,-0.010887993230642146,-0.010597723980001136,-0.01060671727261946,-0.010620910594926525,0.00032149715277550656,189
0.3655696392059326,0.0340005118266754,0.005367136001586914,0.0011341215662950778,0.8,0.1,20,10,500,100,0.5,0.0,0.8,"{'colsample_bytree': 0.8, 'learning_rate': 0.1, 'max_depth': 20, 'min_child_samples': 10, 'n_estimators': 500, 'num_leaves': 100, 'reg_alpha': 0.5, 'reg_lambda': 0.0, 'subsample': 0.8}",-0.010832812192817242,-0.009725306240332033,-0.010508655603269414,-0.0104569122481379,-0.011010792875943908,-0.010506895832100098,0.0004412521842207883,131
0.359071159362793,0.02998619314726659,0.004935693740844726,0.00033759284145004896,0.8,0.1,20,10,500,100,0.5,0.5,0.8,"{'colsample_bytree': 0.8, 'learning_rate': 0.1, 'max_depth': 20, 'min_child_samples': 10, 'n_estimators': 500, 'num_leaves': 100, 'reg_alpha': 0.5, 'reg_lambda': 0.5, 'subsample': 0.8}",-0.010830521734888304,-0.009761196534952497,-0.010624196394241588,-0.010348272254470492,-0.010921076714627359,-0.010497052726636048,0.000417320835282834,121
0.3627318859100342,0.027483001479132775,0.00513153076171875,0.0002595419614774016,0.8,0.1,20,10,500,100,0.5,1.0,0.8,"{'colsample_bytree': 0.8, 'learning_rate': 0.1, 'max_depth': 20, 'min_child_samples': 10, 'n_estimators': 500, 'num_leaves': 100, 'reg_alpha': 0.5, 'reg_lambda': 1.0, 'subsample': 0.8}",-0.010911862962589381,-0.009670410581611655,-0.010704517379184049,-0.010428227676404046,-0.010886177469428986,-0.010520239213843622,0.000458674881999663,133
0.22703585624694825,0.02768307936229161,0.003941059112548828,0.00016657676708090285,0.8,0.1,20,10,500,100,1.0,0.0,0.8,"{'colsample_bytree': 0.8, 'learning_rate': 0.1, 'max_depth': 20, 'min_child_samples': 10, 'n_estimators': 500, 'num_leaves': 100, 'reg_alpha': 1.0, 'reg_lambda': 0.0, 'subsample': 0.8}",-0.010729495980554877,-0.009835342550954435,-0.010277713030776413,-0.010714435324617671,-0.010874739884190007,-0.01048634535421868,0.0003819239895159164,105
0.25423502922058105,0.017677568471604174,0.004875469207763672,0.0004177865954179998,0.8,0.1,20,10,500,100,1.0,0.5,0.8,"{'colsample_bytree': 0.8, 'learning_rate': 0.1, 'max_depth': 20, 'min_child_samples': 10, 'n_estimators': 500, 'num_leaves': 100, 'reg_alpha': 1.0, 'reg_lambda': 0.5, 'subsample': 0.8}",-0.01059965222667177,-0.009853485765111377,-0.010385433027331246,-0.010673047167565931,-0.010743458557647958,-0.010451015348865656,0.0003219492893862618,73
0.23804073333740233,0.03199949997889068,0.004151582717895508,0.000392119579420543,0.8,0.1,20,10,500,100,1.0,1.0,0.8,"{'colsample_bytree': 0.8, 'learning_rate': 0.1, 'max_depth': 20, 'min_child_samples': 10, 'n_estimators': 500, 'num_leaves': 100, 'reg_alpha': 1.0, 'reg_lambda': 1.0, 'subsample': 0.8}",-0.010669800843922746,-0.009617453142297927,-0.010400171810493278,-0.01077394892562851,-0.010761678850077337,-0.01044461071448396,0.0004349415868223675,69
0.5935797691345215,0.0222604008629959,0.014396381378173829,0.0016891558695644503,0.8,0.1,20,10,700,31,0.0,0.0,0.8,"{'colsample_bytree': 0.8, 'learning_rate': 0.1, 'max_depth': 20, 'min_child_samples': 10, 'n_estimators': 700, 'num_leaves': 31, 'reg_alpha': 0.0, 'reg_lambda': 0.0, 'subsample': 0.8}",-0.011429187826503087,-0.010011090891479314,-0.010974095575658567,-0.011223627036115024,-0.01111722137791671,-0.010951044541534541,0.0004928653310364907,297
0.5838307857513427,0.02004870292878439,0.01346120834350586,0.0016345037199019929,0.8,0.1,20,10,700,31,0.0,0.5,0.8,"{'colsample_bytree': 0.8, 'learning_rate': 0.1, 'max_depth': 20, 'min_child_samples': 10, 'n_estimators': 700, 'num_leaves': 31, 'reg_alpha': 0.0, 'reg_lambda': 0.5, 'subsample': 0.8}",-0.011470788534758842,-0.009894445252694877,-0.010674900433835701,-0.010969125312415066,-0.011119335555057447,-0.010825719017752384,0.0005315840081939747,253
0.5946124076843262,0.029063635561671238,0.01381216049194336,0.0024748110246101142,0.8,0.1,20,10,700,31,0.0,1.0,0.8,"{'colsample_bytree': 0.8, 'learning_rate': 0.1, 'max_depth': 20, 'min_child_samples': 10, 'n_estimators': 700, 'num_leaves': 31, 'reg_alpha': 0.0, 'reg_lambda': 1.0, 'subsample': 0.8}",-0.011251707667606406,-0.009984206291369374,-0.010567599362885623,-0.011219492772562378,-0.011186277831874297,-0.010841856785259615,0.0004979947882086978,260
0.3169105052947998,0.009419069410034142,0.0055407524108886715,0.0003175273137045875,0.8,0.1,20,10,700,31,0.5,0.0,0.8,"{'colsample_bytree': 0.8, 'learning_rate': 0.1, 'max_depth': 20, 'min_child_samples': 10, 'n_estimators': 700, 'num_leaves': 31, 'reg_alpha': 0.5, 'reg_lambda': 0.0, 'subsample': 0.8}",-0.010882899752193097,-0.009692012740808482,-0.010470398532346827,-0.010456739590777366,-0.011010896162115346,-0.010502589355648222,0.0004611257324829126,123
0.320189094543457,0.014092159283341309,0.00568842887878418,0.0005274562628052731,0.8,0.1,20,10,700,31,0.5,0.5,0.8,"{'colsample_bytree': 0.8, 'learning_rate': 0.1, 'max_depth': 20, 'min_child_samples': 10, 'n_estimators': 700, 'num_leaves': 31, 'reg_alpha': 0.5, 'reg_lambda': 0.5, 'subsample': 0.8}",-0.010797446179177647,-0.009706376607989505,-0.010425531214624872,-0.010646066947879292,-0.010647016730889408,-0.010444487536112145,0.00038765944385208773,65
0.3658452987670898,0.04270978335030633,0.00606379508972168,0.0005844375905561658,0.8,0.1,20,10,700,31,0.5,1.0,0.8,"{'colsample_bytree': 0.8, 'learning_rate': 0.1, 'max_depth': 20, 'min_child_samples': 10, 'n_estimators': 700, 'num_leaves': 31, 'reg_alpha': 0.5, 'reg_lambda': 1.0, 'subsample': 0.8}",-0.010689620059659722,-0.00985169730382194,-0.010515259601279275,-0.010587010386763112,-0.010533991314939468,-0.010435515733292704,0.00029813423887919797,61
0.19920821189880372,0.017130249982231005,0.004051828384399414,0.00018729897718621063,0.8,0.1,20,10,700,31,1.0,0.0,0.8,"{'colsample_bytree': 0.8, 'learning_rate': 0.1, 'max_depth': 20, 'min_child_samples': 10, 'n_estimators': 700, 'num_leaves': 31, 'reg_alpha': 1.0, 'reg_lambda': 0.0, 'subsample': 0.8}",-0.010634119579224256,-0.009753370674731459,-0.010328295346810554,-0.010459114604501826,-0.010854153170001815,-0.010405810675053983,0.0003708541054181819,33
0.19316582679748534,0.009388308501785741,0.004223060607910156,0.000514525332766587,0.8,0.1,20,10,700,31,1.0,0.5,0.8,"{'colsample_bytree': 0.8, 'learning_rate': 0.1, 'max_depth': 20, 'min_child_samples': 10, 'n_estimators': 700, 'num_leaves': 31, 'reg_alpha': 1.0, 'reg_lambda': 0.5, 'subsample': 0.8}",-0.010655477899078662,-0.00966451971757834,-0.010288402924449574,-0.010725361855643522,-0.010585260374276982,-0.010383804554205418,0.00038923627556606687,13
0.20797152519226075,0.02485428697857394,0.004385232925415039,0.0006106142693142203,0.8,0.1,20,10,700,31,1.0,1.0,0.8,"{'colsample_bytree': 0.8, 'learning_rate': 0.1, 'max_depth': 20, 'min_child_samples': 10, 'n_estimators': 700, 'num_leaves': 31, 'reg_alpha': 1.0, 'reg_lambda': 1.0, 'subsample': 0.8}",-0.010721770042636017,-0.009665574897707477,-0.010140548576279926,-0.010770286499437834,-0.010606519383878783,-0.010380939879988008,0.0004214681812889269,9
0.8570266723632812,0.01646649539095665,0.019248342514038085,0.0005878073324811216,0.8,0.1,20,10,700,50,0.0,0.0,0.8,"{'colsample_bytree': 0.8, 'learning_rate': 0.1, 'max_depth': 20, 'min_child_samples': 10, 'n_estimators': 700, 'num_leaves': 50, 'reg_alpha': 0.0, 'reg_lambda': 0.0, 'subsample': 0.8}",-0.01135467418049647,-0.00985016958589074,-0.010625155198208548,-0.010902840367142997,-0.010807064550280309,-0.010707980776403813,0.000491670688208772,232
0.901633358001709,0.04350199829017193,0.020451068878173828,0.0017736778523622253,0.8,0.1,20,10,700,50,0.0,0.5,0.8,"{'colsample_bytree': 0.8, 'learning_rate': 0.1, 'max_depth': 20, 'min_child_samples': 10, 'n_estimators': 700, 'num_leaves': 50, 'reg_alpha': 0.0, 'reg_lambda': 0.5, 'subsample': 0.8}",-0.01128894064377574,-0.009801716598090406,-0.010347351222448592,-0.011028104359466937,-0.010889776847759937,-0.010671177934308322,0.0005324733754168353,214
0.9498008728027344,0.060192948235955904,0.01962900161743164,0.000527433544616868,0.8,0.1,20,10,700,50,0.0,1.0,0.8,"{'colsample_bytree': 0.8, 'learning_rate': 0.1, 'max_depth': 20, 'min_child_samples': 10, 'n_estimators': 700, 'num_leaves': 50, 'reg_alpha': 0.0, 'reg_lambda': 1.0, 'subsample': 0.8}",-0.011070749085977457,-0.009910795091890601,-0.010416532871079161,-0.011043203815508365,-0.01098019848715236,-0.010684295870321589,0.00045513071477387636,222
0.3497579574584961,0.012440295476982673,0.005429601669311524,9.99192439269212e-05,0.8,0.1,20,10,700,50,0.5,0.0,0.8,"{'colsample_bytree': 0.8, 'learning_rate': 0.1, 'max_depth': 20, 'min_child_samples': 10, 'n_estimators': 700, 'num_leaves': 50, 'reg_alpha': 0.5, 'reg_lambda': 0.0, 'subsample': 0.8}",-0.010927444868289483,-0.00980068402692123,-0.010464329005706334,-0.01072304094689249,-0.010514105370517246,-0.010485920843665357,0.0003799945993607463,101
0.3215189933776855,0.013881342416846059,0.005277156829833984,0.0005279567200259505,0.8,0.1,20,10,700,50,0.5,0.5,0.8,"{'colsample_bytree': 0.8, 'learning_rate': 0.1, 'max_depth': 20, 'min_child_samples': 10, 'n_estimators': 700, 'num_leaves': 50, 'reg_alpha': 0.5, 'reg_lambda': 0.5, 'subsample': 0.8}",-0.010907418737003807,-0.009773607355339633,-0.010625298775565164,-0.010568622380238058,-0.010815692922847025,-0.010538128034198737,0.00040160637501975065,143
0.37075157165527345,0.02831351575268576,0.005517578125,0.0003040419541411544,0.8,0.1,20,10,700,50,0.5,1.0,0.8,"{'colsample_bytree': 0.8, 'learning_rate': 0.1, 'max_depth': 20, 'min_child_samples': 10, 'n_estimators': 700, 'num_leaves': 50, 'reg_alpha': 0.5, 'reg_lambda': 1.0, 'subsample': 0.8}",-0.011126465651208381,-0.009801544804686564,-0.01053078509813837,-0.010646181847973574,-0.01068754454671919,-0.010558504389745215,0.00042910951186274913,159
0.23597006797790526,0.03292005865098976,0.0041882038116455075,0.000368559361853675,0.8,0.1,20,10,700,50,1.0,0.0,0.8,"{'colsample_bytree': 0.8, 'learning_rate': 0.1, 'max_depth': 20, 'min_child_samples': 10, 'n_estimators': 700, 'num_leaves': 50, 'reg_alpha': 1.0, 'reg_lambda': 0.0, 'subsample': 0.8}",-0.010757144093482902,-0.009737251164559545,-0.010345140979522908,-0.01069272086514462,-0.010582347916273122,-0.010422921003796621,0.00037043402648786187,45
0.22475714683532716,0.016189086204708065,0.004015636444091797,0.0002679072729303613,0.8,0.1,20,10,700,50,1.0,0.5,0.8,"{'colsample_bytree': 0.8, 'learning_rate': 0.1, 'max_depth': 20, 'min_child_samples': 10, 'n_estimators': 700, 'num_leaves': 50, 'reg_alpha': 1.0, 'reg_lambda': 0.5, 'subsample': 0.8}",-0.010688886806091789,-0.009651772662358444,-0.010353238622768202,-0.010614210091882055,-0.010647093366915921,-0.010391040310003282,0.00038782111266471263,25
0.2249143600463867,0.02025475231895888,0.004290723800659179,0.00048427818890472323,0.8,0.1,20,10,700,50,1.0,1.0,0.8,"{'colsample_bytree': 0.8, 'learning_rate': 0.1, 'max_depth': 20, 'min_child_samples': 10, 'n_estimators': 700, 'num_leaves': 50, 'reg_alpha': 1.0, 'reg_lambda': 1.0, 'subsample': 0.8}",-0.010725127018726022,-0.009542154055049984,-0.01036647564865479,-0.010564890124071004,-0.010845435844174677,-0.010408816538135295,0.0004621567511730789,37
1.6233633041381836,0.06131219868923978,0.03248796463012695,0.0017581190594858247,0.8,0.1,20,10,700,100,0.0,0.0,0.8,"{'colsample_bytree': 0.8, 'learning_rate': 0.1, 'max_depth': 20, 'min_child_samples': 10, 'n_estimators': 700, 'num_leaves': 100, 'reg_alpha': 0.0, 'reg_lambda': 0.0, 'subsample': 0.8}",-0.011283124103612638,-0.010007734225060901,-0.011016990660212661,-0.01105648023550729,-0.010709842646244899,-0.010814834374127677,0.00044294222436206955,251
1.715423583984375,0.06823167993957915,0.03157916069030762,0.001349187213896859,0.8,0.1,20,10,700,100,0.0,0.5,0.8,"{'colsample_bytree': 0.8, 'learning_rate': 0.1, 'max_depth': 20, 'min_child_samples': 10, 'n_estimators': 700, 'num_leaves': 100, 'reg_alpha': 0.0, 'reg_lambda': 0.5, 'subsample': 0.8}",-0.011302393506368582,-0.009814382999429359,-0.010754060182519117,-0.010972546973896808,-0.010674259023421385,-0.01070352853712705,0.000494974768959594,231
1.6815902709960937,0.09001685905412428,0.03138842582702637,0.001120724257173107,0.8,0.1,20,10,700,100,0.0,1.0,0.8,"{'colsample_bytree': 0.8, 'learning_rate': 0.1, 'max_depth': 20, 'min_child_samples': 10, 'n_estimators': 700, 'num_leaves': 100, 'reg_alpha': 0.0, 'reg_lambda': 1.0, 'subsample': 0.8}",-0.010963711574444087,-0.01004876048161373,-0.010888905587563757,-0.010598746681344088,-0.010606633759194356,-0.010621351616832005,0.00032167799875119885,190
0.36093592643737793,0.020698353771960235,0.004916143417358398,0.0002618269545711859,0.8,0.1,20,10,700,100,0.5,0.0,0.8,"{'colsample_bytree': 0.8, 'learning_rate': 0.1, 'max_depth': 20, 'min_child_samples': 10, 'n_estimators': 700, 'num_leaves': 100, 'reg_alpha': 0.5, 'reg_lambda': 0.0, 'subsample': 0.8}",-0.010832812192817242,-0.009725306240332033,-0.010508655603269414,-0.0104569122481379,-0.011010792875943908,-0.010506895832100098,0.0004412521842207883,131
0.3733532905578613,0.027962622434936506,0.005063581466674805,0.0004721276747454068,0.8,0.1,20,10,700,100,0.5,0.5,0.8,"{'colsample_bytree': 0.8, 'learning_rate': 0.1, 'max_depth': 20, 'min_child_samples': 10, 'n_estimators': 700, 'num_leaves': 100, 'reg_alpha': 0.5, 'reg_lambda': 0.5, 'subsample': 0.8}",-0.010830521734888304,-0.009761196534952497,-0.010624196394241588,-0.010348272254470492,-0.010921076714627359,-0.010497052726636048,0.000417320835282834,121
0.38797736167907715,0.016074775443900444,0.005081701278686524,0.00019999652090002965,0.8,0.1,20,10,700,100,0.5,1.0,0.8,"{'colsample_bytree': 0.8, 'learning_rate': 0.1, 'max_depth': 20, 'min_child_samples': 10, 'n_estimators': 700, 'num_leaves': 100, 'reg_alpha': 0.5, 'reg_lambda': 1.0, 'subsample': 0.8}",-0.010911862962589381,-0.009670410581611655,-0.010704517379184049,-0.010428227676404046,-0.010886177469428986,-0.010520239213843622,0.000458674881999663,133
0.23209919929504394,0.006463846071830648,0.00435943603515625,0.0005605172096634763,0.8,0.1,20,10,700,100,1.0,0.0,0.8,"{'colsample_bytree': 0.8, 'learning_rate': 0.1, 'max_depth': 20, 'min_child_samples': 10, 'n_estimators': 700, 'num_leaves': 100, 'reg_alpha': 1.0, 'reg_lambda': 0.0, 'subsample': 0.8}",-0.010729495980554877,-0.009835342550954435,-0.010277713030776413,-0.010714435324617671,-0.010874739884190007,-0.01048634535421868,0.0003819239895159164,105
0.26973762512207033,0.017186430223140477,0.0045206546783447266,0.0002722635784920575,0.8,0.1,20,10,700,100,1.0,0.5,0.8,"{'colsample_bytree': 0.8, 'learning_rate': 0.1, 'max_depth': 20, 'min_child_samples': 10, 'n_estimators': 700, 'num_leaves': 100, 'reg_alpha': 1.0, 'reg_lambda': 0.5, 'subsample': 0.8}",-0.01059965222667177,-0.009853485765111377,-0.010385433027331246,-0.010673047167565931,-0.010743458557647958,-0.010451015348865656,0.0003219492893862618,73
0.24992094039916993,0.03400355422125154,0.0042132377624511715,0.0003062553458860434,0.8,0.1,20,10,700,100,1.0,1.0,0.8,"{'colsample_bytree': 0.8, 'learning_rate': 0.1, 'max_depth': 20, 'min_child_samples': 10, 'n_estimators': 700, 'num_leaves': 100, 'reg_alpha': 1.0, 'reg_lambda': 1.0, 'subsample': 0.8}",-0.010669800843922746,-0.009617453142297927,-0.010400171810493278,-0.01077394892562851,-0.010761678850077337,-0.01044461071448396,0.0004349415868223675,69
0.4164916515350342,0.021700520666615042,0.009576749801635743,0.000555004744800711,0.8,0.1,20,20,500,31,0.0,0.0,0.8,"{'colsample_bytree': 0.8, 'learning_rate': 0.1, 'max_depth': 20, 'min_child_samples': 20, 'n_estimators': 500, 'num_leaves': 31, 'reg_alpha': 0.0, 'reg_lambda': 0.0, 'subsample': 0.8}",-0.011272334642175074,-0.00975944993476282,-0.011069526525666859,-0.011051763431631646,-0.010992145928732957,-0.01082904409259387,0.0005430609703089313,255
0.44502596855163573,0.02057331261046161,0.009899759292602539,0.0004742398238509363,0.8,0.1,20,20,500,31,0.0,0.5,0.8,"{'colsample_bytree': 0.8, 'learning_rate': 0.1, 'max_depth': 20, 'min_child_samples': 20, 'n_estimators': 500, 'num_leaves': 31, 'reg_alpha': 0.0, 'reg_lambda': 0.5, 'subsample': 0.8}",-0.011124465965399628,-0.010141804782675706,-0.01106519574085026,-0.011082758278684948,-0.011343905633053823,-0.010951626080132873,0.0004170518262102822,298
0.41114821434021,0.00741504598094764,0.009427356719970702,0.0005258727512042584,0.8,0.1,20,20,500,31,0.0,1.0,0.8,"{'colsample_bytree': 0.8, 'learning_rate': 0.1, 'max_depth': 20, 'min_child_samples': 20, 'n_estimators': 500, 'num_leaves': 31, 'reg_alpha': 0.0, 'reg_lambda': 1.0, 'subsample': 0.8}",-0.011229050614112066,-0.01008308786077228,-0.010978571074155622,-0.011262930341488649,-0.01110152235364356,-0.010931032448834435,0.0004357310617678988,293
0.32177734375,0.038460002482711995,0.006377220153808594,0.0006855265122289713,0.8,0.1,20,20,500,31,0.5,0.0,0.8,"{'colsample_bytree': 0.8, 'learning_rate': 0.1, 'max_depth': 20, 'min_child_samples': 20, 'n_estimators': 500, 'num_leaves': 31, 'reg_alpha': 0.5, 'reg_lambda': 0.0, 'subsample': 0.8}",-0.010848700374466093,-0.009754224777806223,-0.010644462394718156,-0.010784268400276638,-0.010658422042049016,-0.010538015597863225,0.00039932997760674124,139
0.34212231636047363,0.029146697303354716,0.006690835952758789,0.00042933509478967295,0.8,0.1,20,20,500,31,0.5,0.5,0.8,"{'colsample_bytree': 0.8, 'learning_rate': 0.1, 'max_depth': 20, 'min_child_samples': 20, 'n_estimators': 500, 'num_leaves': 31, 'reg_alpha': 0.5, 'reg_lambda': 0.5, 'subsample': 0.8}",-0.011103021410995865,-0.009883589611363097,-0.010611772098252648,-0.01069363556144848,-0.01079109122655564,-0.010616621981723145,0.00040257048849032815,185
0.3423606872558594,0.03953667776495887,0.006441640853881836,0.0006089995989999274,0.8,0.1,20,20,500,31,0.5,1.0,0.8,"{'colsample_bytree': 0.8, 'learning_rate': 0.1, 'max_depth': 20, 'min_child_samples': 20, 'n_estimators': 500, 'num_leaves': 31, 'reg_alpha': 0.5, 'reg_lambda': 1.0, 'subsample': 0.8}",-0.010924824521538644,-0.009859040881569674,-0.01062954996749423,-0.010604575114913393,-0.010993994623636705,-0.010602397021830528,0.0004026483706957184,177
0.18116722106933594,0.011985362971340136,0.003928947448730469,0.000214579179537784,0.8,0.1,20,20,500,31,1.0,0.0,0.8,"{'colsample_bytree': 0.8, 'learning_rate': 0.1, 'max_depth': 20, 'min_child_samples': 20, 'n_estimators': 500, 'num_leaves': 31, 'reg_alpha': 1.0, 'reg_lambda': 0.0, 'subsample': 0.8}",-0.010920957702523383,-0.009797097588770398,-0.010383058695775407,-0.010746676445775375,-0.010754697403436786,-0.01052049756725627,0.00040213722547423754,135
0.20203156471252443,0.01954025912433595,0.009064245223999023,0.009020382208789668,0.8,0.1,20,20,500,31,1.0,0.5,0.8,"{'colsample_bytree': 0.8, 'learning_rate': 0.1, 'max_depth': 20, 'min_child_samples': 20, 'n_estimators': 500, 'num_leaves': 31, 'reg_alpha': 1.0, 'reg_lambda': 0.5, 'subsample': 0.8}",-0.010685395094757199,-0.00993388754221913,-0.010277651442906556,-0.010716829659399192,-0.010735376108526342,-0.010469827969561685,0.0003169097011492661,93
0.19808106422424315,0.013409449313189839,0.004468727111816406,0.0007058545156467818,0.8,0.1,20,20,500,31,1.0,1.0,0.8,"{'colsample_bytree': 0.8, 'learning_rate': 0.1, 'max_depth': 20, 'min_child_samples': 20, 'n_estimators': 500, 'num_leaves': 31, 'reg_alpha': 1.0, 'reg_lambda': 1.0, 'subsample': 0.8}",-0.010635484930711637,-0.00985775902804895,-0.01032727402537292,-0.010627703548812631,-0.010682620108803852,-0.010426168328349998,0.00031082683817172034,49
0.6143885612487793,0.007442856081187901,0.015472698211669921,0.0014029116735770984,0.8,0.1,20,20,500,50,0.0,0.0,0.8,"{'colsample_bytree': 0.8, 'learning_rate': 0.1, 'max_depth': 20, 'min_child_samples': 20, 'n_estimators': 500, 'num_leaves': 50, 'reg_alpha': 0.0, 'reg_lambda': 0.0, 'subsample': 0.8}",-0.011350311809600487,-0.010113095822966415,-0.010737820596746717,-0.01093646438835675,-0.01109690844772417,-0.010846920213078908,0.00041816655486626186,262
0.6243626117706299,0.014758575756107872,0.014939641952514649,0.0014495270224963647,0.8,0.1,20,20,500,50,0.0,0.5,0.8,"{'colsample_bytree': 0.8, 'learning_rate': 0.1, 'max_depth': 20, 'min_child_samples': 20, 'n_estimators': 500, 'num_leaves': 50, 'reg_alpha': 0.0, 'reg_lambda': 0.5, 'subsample': 0.8}",-0.01154646017623626,-0.010055222253919678,-0.010530400936806912,-0.010783232486021024,-0.01139064416693308,-0.010861192003983392,0.000550454306066786,268
0.6216636657714844,0.011953613533093073,0.014201498031616211,0.0002619782837388528,0.8,0.1,20,20,500,50,0.0,1.0,0.8,"{'colsample_bytree': 0.8, 'learning_rate': 0.1, 'max_depth': 20, 'min_child_samples': 20, 'n_estimators': 500, 'num_leaves': 50, 'reg_alpha': 0.0, 'reg_lambda': 1.0, 'subsample': 0.8}",-0.011288246587571072,-0.009962719533023247,-0.010606467209257545,-0.011146718233633307,-0.011068629213227507,-0.010814556155342537,0.0004833619826153931,250
0.3145249843597412,0.011923167662790458,0.00546870231628418,0.00013052580863253305,0.8,0.1,20,20,500,50,0.5,0.0,0.8,"{'colsample_bytree': 0.8, 'learning_rate': 0.1, 'max_depth': 20, 'min_child_samples': 20, 'n_estimators': 500, 'num_leaves': 50, 'reg_alpha': 0.5, 'reg_lambda': 0.0, 'subsample': 0.8}",-0.010877596253118156,-0.009598018486006674,-0.010294011854546281,-0.01048361109995782,-0.011009904064940802,-0.010452628351713946,0.0004995259921571818,81
0.3333688735961914,0.029305552485137415,0.005706167221069336,0.0003923426047643183,0.8,0.1,20,20,500,50,0.5,0.5,0.8,"{'colsample_bytree': 0.8, 'learning_rate': 0.1, 'max_depth': 20, 'min_child_samples': 20, 'n_estimators': 500, 'num_leaves': 50, 'reg_alpha': 0.5, 'reg_lambda': 0.5, 'subsample': 0.8}",-0.011091336045887476,-0.009995685521959912,-0.010529573323409295,-0.010744855245640492,-0.01062624942002663,-0.01059753991138476,0.0003558676240385303,173
0.3445119380950928,0.032736862351396244,0.005970001220703125,0.0006456958816209794,0.8,0.1,20,20,500,50,0.5,1.0,0.8,"{'colsample_bytree': 0.8, 'learning_rate': 0.1, 'max_depth': 20, 'min_child_samples': 20, 'n_estimators': 500, 'num_leaves': 50, 'reg_alpha': 0.5, 'reg_lambda': 1.0, 'subsample': 0.8}",-0.01115130452523494,-0.009849053944026534,-0.010365398582741726,-0.010698972838516722,-0.010909047592371572,-0.0105947554965783,0.0004534452550287053,167
0.21956114768981932,0.02515284733663709,0.004397296905517578,0.0005235947452310127,0.8,0.1,20,20,500,50,1.0,0.0,0.8,"{'colsample_bytree': 0.8, 'learning_rate': 0.1, 'max_depth': 20, 'min_child_samples': 20, 'n_estimators': 500, 'num_leaves': 50, 'reg_alpha': 1.0, 'reg_lambda': 0.0, 'subsample': 0.8}",-0.010578335086813525,-0.00981550906743281,-0.010332880039847236,-0.010474357392911882,-0.010720085702149499,-0.010384233457830992,0.000311345178807803,17
0.1897946834564209,0.0094627893640998,0.004107952117919922,0.0003267893106101875,0.8,0.1,20,20,500,50,1.0,0.5,0.8,"{'colsample_bytree': 0.8, 'learning_rate': 0.1, 'max_depth': 20, 'min_child_samples': 20, 'n_estimators': 500, 'num_leaves': 50, 'reg_alpha': 1.0, 'reg_lambda': 0.5, 'subsample': 0.8}",-0.010649049046668838,-0.009868640593564468,-0.010311195838791991,-0.010613260832287455,-0.010707319223008193,-0.01042989310686419,0.00031231769841953065,53
0.2023263931274414,0.007019767104506897,0.004088354110717773,0.00015410757288419514,0.8,0.1,20,20,500,50,1.0,1.0,0.8,"{'colsample_bytree': 0.8, 'learning_rate': 0.1, 'max_depth': 20, 'min_child_samples': 20, 'n_estimators': 500, 'num_leaves': 50, 'reg_alpha': 1.0, 'reg_lambda': 1.0, 'subsample': 0.8}",-0.01075457652261744,-0.00980672030430925,-0.010227797878270769,-0.010558481001892288,-0.010707775243189964,-0.010411070190055941,0.00035400224891389787,41
0.928642463684082,0.033542633612964196,0.02175107002258301,0.0007238158214824997,0.8,0.1,20,20,500,100,0.0,0.0,0.8,"{'colsample_bytree': 0.8, 'learning_rate': 0.1, 'max_depth': 20, 'min_child_samples': 20, 'n_estimators': 500, 'num_leaves': 100, 'reg_alpha': 0.0, 'reg_lambda': 0.0, 'subsample': 0.8}",-0.011247192970771005,-0.009998476899804005,-0.010809479571290866,-0.010949067884875674,-0.011329864496558827,-0.010866816364660076,0.00047395488848825276,269
0.9420584678649903,0.020657137029846385,0.02454819679260254,0.005718607212206165,0.8,0.1,20,20,500,100,0.0,0.5,0.8,"{'colsample_bytree': 0.8, 'learning_rate': 0.1, 'max_depth': 20, 'min_child_samples': 20, 'n_estimators': 500, 'num_leaves': 100, 'reg_alpha': 0.0, 'reg_lambda': 0.5, 'subsample': 0.8}",-0.011197101820625886,-0.010316320898950062,-0.010802957324242583,-0.010865509595279363,-0.011168033610199232,-0.010869984649859426,0.00031840071097086436,270
0.9547494411468506,0.032854916777361555,0.02107405662536621,0.0006841067395402012,0.8,0.1,20,20,500,100,0.0,1.0,0.8,"{'colsample_bytree': 0.8, 'learning_rate': 0.1, 'max_depth': 20, 'min_child_samples': 20, 'n_estimators': 500, 'num_leaves': 100, 'reg_alpha': 0.0, 'reg_lambda': 1.0, 'subsample': 0.8}",-0.011423161357726287,-0.010164764079133509,-0.010521996812951717,-0.011052373899249493,-0.011017261679183913,-0.010835911565648983,0.0004412680691957605,257
0.3336040019989014,0.02028083222353801,0.005424785614013672,0.00016503728764312534,0.8,0.1,20,20,500,100,0.5,0.0,0.8,"{'colsample_bytree': 0.8, 'learning_rate': 0.1, 'max_depth': 20, 'min_child_samples': 20, 'n_estimators': 500, 'num_leaves': 100, 'reg_alpha': 0.5, 'reg_lambda': 0.0, 'subsample': 0.8}",-0.010939167941653715,-0.009837900172588341,-0.010487817930458514,-0.010628229304186585,-0.010890004293059969,-0.010556623928389424,0.00039595651831466304,155
0.33402466773986816,0.01903885665416509,0.005385541915893554,0.00017663264850633817,0.8,0.1,20,20,500,100,0.5,0.5,0.8,"{'colsample_bytree': 0.8, 'learning_rate': 0.1, 'max_depth': 20, 'min_child_samples': 20, 'n_estimators': 500, 'num_leaves': 100, 'reg_alpha': 0.5, 'reg_lambda': 0.5, 'subsample': 0.8}",-0.011048084146099122,-0.009971633037376781,-0.010457672342304013,-0.010454246208810702,-0.010776033800317672,-0.010541533906981659,0.0003608385373496362,149
0.3268426895141602,0.012772644099551393,0.0054855823516845705,0.0003735876689257277,0.8,0.1,20,20,500,100,0.5,1.0,0.8,"{'colsample_bytree': 0.8, 'learning_rate': 0.1, 'max_depth': 20, 'min_child_samples': 20, 'n_estimators': 500, 'num_leaves': 100, 'reg_alpha': 0.5, 'reg_lambda': 1.0, 'subsample': 0.8}",-0.011160136444848773,-0.009867464640405747,-0.010349126019240613,-0.010490016103309706,-0.011100180622231427,-0.010593384766007252,0.00048484161329425323,163
0.2054213523864746,0.006881138694012441,0.004185342788696289,0.00012547837312315118,0.8,0.1,20,20,500,100,1.0,0.0,0.8,"{'colsample_bytree': 0.8, 'learning_rate': 0.1, 'max_depth': 20, 'min_child_samples': 20, 'n_estimators': 500, 'num_leaves': 100, 'reg_alpha': 1.0, 'reg_lambda': 0.0, 'subsample': 0.8}",-0.010694657734062127,-0.009814032785794919,-0.010464673166098785,-0.010531358322270654,-0.010783045525730521,-0.0104575535067914,0.00034111001969192414,85
0.1983407497406006,0.010480091247683601,0.004192066192626953,0.00036223117306536057,0.8,0.1,20,20,500,100,1.0,0.5,0.8,"{'colsample_bytree': 0.8, 'learning_rate': 0.1, 'max_depth': 20, 'min_child_samples': 20, 'n_estimators': 500, 'num_leaves': 100, 'reg_alpha': 1.0, 'reg_lambda': 0.5, 'subsample': 0.8}",-0.010606302040205158,-0.009822664598948571,-0.010298014527197733,-0.010645604260885285,-0.01088635901031122,-0.010451788887509594,0.00036598738483484294,77
0.2030468463897705,0.007409226852403358,0.0041839599609375,0.00014333501307708756,0.8,0.1,20,20,500,100,1.0,1.0,0.8,"{'colsample_bytree': 0.8, 'learning_rate': 0.1, 'max_depth': 20, 'min_child_samples': 20, 'n_estimators': 500, 'num_leaves': 100, 'reg_alpha': 1.0, 'reg_lambda': 1.0, 'subsample': 0.8}",-0.0107343289973076,-0.009792859358058117,-0.010317125751434274,-0.01054392122414857,-0.010445840027170318,-0.010366815071623776,0.0003176703348153126,1
0.5544005870819092,0.00348640668686107,0.01524510383605957,0.0004656849789886829,0.8,0.1,20,20,700,31,0.0,0.0,0.8,"{'colsample_bytree': 0.8, 'learning_rate': 0.1, 'max_depth': 20, 'min_child_samples': 20, 'n_estimators': 700, 'num_leaves': 31, 'reg_alpha': 0.0, 'reg_lambda': 0.0, 'subsample': 0.8}",-0.011276754817342683,-0.009780340213164703,-0.011142243987458084,-0.011183208631964025,-0.011057029922612462,-0.01088791551450839,0.0005582830343066497,280
0.6019721508026123,0.030672022753604908,0.016208314895629884,0.002023689138998024,0.8,0.1,20,20,700,31,0.0,0.5,0.8,"{'colsample_bytree': 0.8, 'learning_rate': 0.1, 'max_depth': 20, 'min_child_samples': 20, 'n_estimators': 700, 'num_leaves': 31, 'reg_alpha': 0.0, 'reg_lambda': 0.5, 'subsample': 0.8}",-0.011196879902753228,-0.010171484982410434,-0.011118038302658648,-0.01112605607525119,-0.011466102544261144,-0.011015712361466928,0.000440690184990363,307
0.5721027851104736,0.011599034746492203,0.015352249145507812,0.0004166832987615165,0.8,0.1,20,20,700,31,0.0,1.0,0.8,"{'colsample_bytree': 0.8, 'learning_rate': 0.1, 'max_depth': 20, 'min_child_samples': 20, 'n_estimators': 700, 'num_leaves': 31, 'reg_alpha': 0.0, 'reg_lambda': 1.0, 'subsample': 0.8}",-0.011238065644231783,-0.010130024742749717,-0.011047048112866196,-0.01133150710780889,-0.01119919106125039,-0.010989167333781396,0.0004392568797954819,304
0.31357507705688475,0.012308441609713687,0.006281805038452148,0.0010319965797564415,0.8,0.1,20,20,700,31,0.5,0.0,0.8,"{'colsample_bytree': 0.8, 'learning_rate': 0.1, 'max_depth': 20, 'min_child_samples': 20, 'n_estimators': 700, 'num_leaves': 31, 'reg_alpha': 0.5, 'reg_lambda': 0.0, 'subsample': 0.8}",-0.010848700374466093,-0.009754224777806223,-0.010644462394718156,-0.010784268400276638,-0.010658422042049016,-0.010538015597863225,0.00039932997760674124,139
0.3211181640625,0.015994991134542207,0.005965280532836914,0.0003136680132387058,0.8,0.1,20,20,700,31,0.5,0.5,0.8,"{'colsample_bytree': 0.8, 'learning_rate': 0.1, 'max_depth': 20, 'min_child_samples': 20, 'n_estimators': 700, 'num_leaves': 31, 'reg_alpha': 0.5, 'reg_lambda': 0.5, 'subsample': 0.8}",-0.011103021410995865,-0.009883589611363097,-0.010611772098252648,-0.01069363556144848,-0.01079109122655564,-0.010616621981723145,0.00040257048849032815,185
0.31672101020812987,0.006608055190355193,0.0062141895294189455,0.00031497956275131436,0.8,0.1,20,20,700,31,0.5,1.0,0.8,"{'colsample_bytree': 0.8, 'learning_rate': 0.1, 'max_depth': 20, 'min_child_samples': 20, 'n_estimators': 700, 'num_leaves': 31, 'reg_alpha': 0.5, 'reg_lambda': 1.0, 'subsample': 0.8}",-0.010924824521538644,-0.009859040881569674,-0.01062954996749423,-0.010604575114913393,-0.010993994623636705,-0.010602397021830528,0.0004026483706957184,177
0.21537261009216307,0.017263420328303476,0.004592990875244141,0.0004894047297435061,0.8,0.1,20,20,700,31,1.0,0.0,0.8,"{'colsample_bytree': 0.8, 'learning_rate': 0.1, 'max_depth': 20, 'min_child_samples': 20, 'n_estimators': 700, 'num_leaves': 31, 'reg_alpha': 1.0, 'reg_lambda': 0.0, 'subsample': 0.8}",-0.010920957702523383,-0.009797097588770398,-0.010383058695775407,-0.010746676445775375,-0.010754697403436786,-0.01052049756725627,0.00040213722547423754,135
0.24938764572143554,0.029736066215752303,0.006005001068115234,0.002267923202091321,0.8,0.1,20,20,700,31,1.0,0.5,0.8,"{'colsample_bytree': 0.8, 'learning_rate': 0.1, 'max_depth': 20, 'min_child_samples': 20, 'n_estimators': 700, 'num_leaves': 31, 'reg_alpha': 1.0, 'reg_lambda': 0.5, 'subsample': 0.8}",-0.010685395094757199,-0.00993388754221913,-0.010277651442906556,-0.010716829659399192,-0.010735376108526342,-0.010469827969561685,0.0003169097011492661,93
0.2088191032409668,0.014133437793416798,0.0044384956359863285,0.0004254426957448725,0.8,0.1,20,20,700,31,1.0,1.0,0.8,"{'colsample_bytree': 0.8, 'learning_rate': 0.1, 'max_depth': 20, 'min_child_samples': 20, 'n_estimators': 700, 'num_leaves': 31, 'reg_alpha': 1.0, 'reg_lambda': 1.0, 'subsample': 0.8}",-0.010635484930711637,-0.00985775902804895,-0.01032727402537292,-0.010627703548812631,-0.010682620108803852,-0.010426168328349998,0.00031082683817172034,49
0.8809374332427978,0.037787584193279045,0.02420010566711426,0.0006418615275663556,0.8,0.1,20,20,700,50,0.0,0.0,0.8,"{'colsample_bytree': 0.8, 'learning_rate': 0.1, 'max_depth': 20, 'min_child_samples': 20, 'n_estimators': 700, 'num_leaves': 50, 'reg_alpha': 0.0, 'reg_lambda': 0.0, 'subsample': 0.8}",-0.011356324520670742,-0.010112495101246106,-0.010769014638085762,-0.010949611383649027,-0.01111249525314348,-0.010859988179359023,0.0004207526569859355,267
0.8762880325317383,0.024406335209720666,0.023128747940063477,0.0009238941989814386,0.8,0.1,20,20,700,50,0.0,0.5,0.8,"{'colsample_bytree': 0.8, 'learning_rate': 0.1, 'max_depth': 20, 'min_child_samples': 20, 'n_estimators': 700, 'num_leaves': 50, 'reg_alpha': 0.0, 'reg_lambda': 0.5, 'subsample': 0.8}",-0.011557780772177534,-0.010079450566124023,-0.010549675164529095,-0.010794432609754582,-0.011418600281702834,-0.010879987878857614,0.000548961329991608,276
0.8544303894042968,0.007908128217644637,0.02305011749267578,0.0001798663260389638,0.8,0.1,20,20,700,50,0.0,1.0,0.8,"{'colsample_bytree': 0.8, 'learning_rate': 0.1, 'max_depth': 20, 'min_child_samples': 20, 'n_estimators': 700, 'num_leaves': 50, 'reg_alpha': 0.0, 'reg_lambda': 1.0, 'subsample': 0.8}",-0.01128386032084945,-0.009990164610716813,-0.010638032301244412,-0.011170347387372756,-0.011089003069437282,-0.010834281537924142,0.0004756031003965256,256
0.32555718421936036,0.019809038344425624,0.005420875549316406,0.0001576994563509597,0.8,0.1,20,20,700,50,0.5,0.0,0.8,"{'colsample_bytree': 0.8, 'learning_rate': 0.1, 'max_depth': 20, 'min_child_samples': 20, 'n_estimators': 700, 'num_leaves': 50, 'reg_alpha': 0.5, 'reg_lambda': 0.0, 'subsample': 0.8}",-0.010877596253118156,-0.009598018486006674,-0.010294011854546281,-0.01048361109995782,-0.011009904064940802,-0.010452628351713946,0.0004995259921571818,81
0.3842785835266113,0.049818079670839364,0.007788705825805664,0.0032454794787330774,0.8,0.1,20,20,700,50,0.5,0.5,0.8,"{'colsample_bytree': 0.8, 'learning_rate': 0.1, 'max_depth': 20, 'min_child_samples': 20, 'n_estimators': 700, 'num_leaves': 50, 'reg_alpha': 0.5, 'reg_lambda': 0.5, 'subsample': 0.8}",-0.011091336045887476,-0.009995685521959912,-0.010529573323409295,-0.010744855245640492,-0.01062624942002663,-0.01059753991138476,0.0003558676240385303,173
0.33467464447021483,0.02144691890285587,0.005661582946777344,0.00040642746297589054,0.8,0.1,20,20,700,50,0.5,1.0,0.8,"{'colsample_bytree': 0.8, 'learning_rate': 0.1, 'max_depth': 20, 'min_child_samples': 20, 'n_estimators': 700, 'num_leaves': 50, 'reg_alpha': 0.5, 'reg_lambda': 1.0, 'subsample': 0.8}",-0.01115130452523494,-0.009849053944026534,-0.010365398582741726,-0.010698972838516722,-0.010909047592371572,-0.0105947554965783,0.0004534452550287053,167
0.2093125820159912,0.00860366236474115,0.0040799140930175785,0.0001651574629450272,0.8,0.1,20,20,700,50,1.0,0.0,0.8,"{'colsample_bytree': 0.8, 'learning_rate': 0.1, 'max_depth': 20, 'min_child_samples': 20, 'n_estimators': 700, 'num_leaves': 50, 'reg_alpha': 1.0, 'reg_lambda': 0.0, 'subsample': 0.8}",-0.010578335086813525,-0.00981550906743281,-0.010332880039847236,-0.010474357392911882,-0.010720085702149499,-0.010384233457830992,0.000311345178807803,17
0.21483278274536133,0.014271717273057313,0.004289770126342773,0.00048134864433503844,0.8,0.1,20,20,700,50,1.0,0.5,0.8,"{'colsample_bytree': 0.8, 'learning_rate': 0.1, 'max_depth': 20, 'min_child_samples': 20, 'n_estimators': 700, 'num_leaves': 50, 'reg_alpha': 1.0, 'reg_lambda': 0.5, 'subsample': 0.8}",-0.010649049046668838,-0.009868640593564468,-0.010311195838791991,-0.010613260832287455,-0.010707319223008193,-0.01042989310686419,0.00031231769841953065,53
0.23147039413452147,0.019010533205634866,0.00447697639465332,0.00035900519586332466,0.8,0.1,20,20,700,50,1.0,1.0,0.8,"{'colsample_bytree': 0.8, 'learning_rate': 0.1, 'max_depth': 20, 'min_child_samples': 20, 'n_estimators': 700, 'num_leaves': 50, 'reg_alpha': 1.0, 'reg_lambda': 1.0, 'subsample': 0.8}",-0.01075457652261744,-0.00980672030430925,-0.010227797878270769,-0.010558481001892288,-0.010707775243189964,-0.010411070190055941,0.00035400224891389787,41
1.3133572578430175,0.07855140190971827,0.032023286819458006,0.0014677392696518046,0.8,0.1,20,20,700,100,0.0,0.0,0.8,"{'colsample_bytree': 0.8, 'learning_rate': 0.1, 'max_depth': 20, 'min_child_samples': 20, 'n_estimators': 700, 'num_leaves': 100, 'reg_alpha': 0.0, 'reg_lambda': 0.0, 'subsample': 0.8}",-0.011252527154317344,-0.010005667347919902,-0.010810764246972577,-0.01095322477714738,-0.011334190139134902,-0.01087127473309842,0.00047313794093427255,272
1.328675127029419,0.06338867888753434,0.031144046783447267,0.0009860404045916229,0.8,0.1,20,20,700,100,0.0,0.5,0.8,"{'colsample_bytree': 0.8, 'learning_rate': 0.1, 'max_depth': 20, 'min_child_samples': 20, 'n_estimators': 700, 'num_leaves': 100, 'reg_alpha': 0.0, 'reg_lambda': 0.5, 'subsample': 0.8}",-0.011195245200460054,-0.010321481192178353,-0.010807606905834412,-0.01086994951107699,-0.011172723510902167,-0.010873401264090397,0.0003169018475083223,274
1.295012903213501,0.03917589704635078,0.031532812118530276,0.0016844229276294937,0.8,0.1,20,20,700,100,0.0,1.0,0.8,"{'colsample_bytree': 0.8, 'learning_rate': 0.1, 'max_depth': 20, 'min_child_samples': 20, 'n_estimators': 700, 'num_leaves': 100, 'reg_alpha': 0.0, 'reg_lambda': 1.0, 'subsample': 0.8}",-0.011424419924807036,-0.01017338892848549,-0.010526233047711988,-0.011056845783638984,-0.011021100944941405,-0.010840397725916981,0.00043913221807023966,259
0.3952451705932617,0.015945692828587526,0.006299209594726562,0.0006000072372609261,0.8,0.1,20,20,700,100,0.5,0.0,0.8,"{'colsample_bytree': 0.8, 'learning_rate': 0.1, 'max_depth': 20, 'min_child_samples': 20, 'n_estimators': 700, 'num_leaves': 100, 'reg_alpha': 0.5, 'reg_lambda': 0.0, 'subsample': 0.8}",-0.010939167941653715,-0.009837900172588341,-0.010487817930458514,-0.010628229304186585,-0.010890004293059969,-0.010556623928389424,0.00039595651831466304,155
0.3991698265075684,0.07301586064106176,0.00690312385559082,0.0017216232070247433,0.8,0.1,20,20,700,100,0.5,0.5,0.8,"{'colsample_bytree': 0.8, 'learning_rate': 0.1, 'max_depth': 20, 'min_child_samples': 20, 'n_estimators': 700, 'num_leaves': 100, 'reg_alpha': 0.5, 'reg_lambda': 0.5, 'subsample': 0.8}",-0.011048084146099122,-0.009971633037376781,-0.010457672342304013,-0.010454246208810702,-0.010776033800317672,-0.010541533906981659,0.0003608385373496362,149
0.38190011978149413,0.036843629228288696,0.005791187286376953,0.0004947631654960319,0.8,0.1,20,20,700,100,0.5,1.0,0.8,"{'colsample_bytree': 0.8, 'learning_rate': 0.1, 'max_depth': 20, 'min_child_samples': 20, 'n_estimators': 700, 'num_leaves': 100, 'reg_alpha': 0.5, 'reg_lambda': 1.0, 'subsample': 0.8}",-0.011160136444848773,-0.009867464640405747,-0.010349126019240613,-0.010490016103309706,-0.011100180622231427,-0.010593384766007252,0.00048484161329425323,163
0.22346220016479493,0.018545810524073093,0.004212522506713867,0.0001328399859086195,0.8,0.1,20,20,700,100,1.0,0.0,0.8,"{'colsample_bytree': 0.8, 'learning_rate': 0.1, 'max_depth': 20, 'min_child_samples': 20, 'n_estimators': 700, 'num_leaves': 100, 'reg_alpha': 1.0, 'reg_lambda': 0.0, 'subsample': 0.8}",-0.010694657734062127,-0.009814032785794919,-0.010464673166098785,-0.010531358322270654,-0.010783045525730521,-0.0104575535067914,0.00034111001969192414,85
0.2099764823913574,0.012290991464751355,0.0043163299560546875,0.00020541594656446935,0.8,0.1,20,20,700,100,1.0,0.5,0.8,"{'colsample_bytree': 0.8, 'learning_rate': 0.1, 'max_depth': 20, 'min_child_samples': 20, 'n_estimators': 700, 'num_leaves': 100, 'reg_alpha': 1.0, 'reg_lambda': 0.5, 'subsample': 0.8}",-0.010606302040205158,-0.009822664598948571,-0.010298014527197733,-0.010645604260885285,-0.01088635901031122,-0.010451788887509594,0.00036598738483484294,77
0.21951985359191895,0.011667280165342795,0.0041926860809326175,0.00021285690284695845,0.8,0.1,20,20,700,100,1.0,1.0,0.8,"{'colsample_bytree': 0.8, 'learning_rate': 0.1, 'max_depth': 20, 'min_child_samples': 20, 'n_estimators': 700, 'num_leaves': 100, 'reg_alpha': 1.0, 'reg_lambda': 1.0, 'subsample': 0.8}",-0.0107343289973076,-0.009792859358058117,-0.010317125751434274,-0.01054392122414857,-0.010445840027170318,-0.010366815071623776,0.0003176703348153126,1
0.41841950416564944,0.015203240974181565,0.010608434677124023,0.00040053779166957963,0.8,0.1,20,30,500,31,0.0,0.0,0.8,"{'colsample_bytree': 0.8, 'learning_rate': 0.1, 'max_depth': 20, 'min_child_samples': 30, 'n_estimators': 500, 'num_leaves': 31, 'reg_alpha': 0.0, 'reg_lambda': 0.0, 'subsample': 0.8}",-0.011327865036415486,-0.01040239732249255,-0.011121450041611582,-0.011279105386248744,-0.011449703113194975,-0.011116104179992667,0.00037205009298929613,317
0.41089720726013185,0.005961561015163649,0.010550880432128906,0.0003515068948687809,0.8,0.1,20,30,500,31,0.0,0.5,0.8,"{'colsample_bytree': 0.8, 'learning_rate': 0.1, 'max_depth': 20, 'min_child_samples': 30, 'n_estimators': 500, 'num_leaves': 31, 'reg_alpha': 0.0, 'reg_lambda': 0.5, 'subsample': 0.8}",-0.011576134050900883,-0.0103491870261375,-0.011213816276490244,-0.011227039417255473,-0.011558324831553843,-0.011184900320467588,0.0004457663611399166,320
0.44318251609802245,0.030353096042672518,0.011736249923706055,0.001865458058053607,0.8,0.1,20,30,500,31,0.0,1.0,0.8,"{'colsample_bytree': 0.8, 'learning_rate': 0.1, 'max_depth': 20, 'min_child_samples': 30, 'n_estimators': 500, 'num_leaves': 31, 'reg_alpha': 0.0, 'reg_lambda': 1.0, 'subsample': 0.8}",-0.011493084485600526,-0.010493142628695353,-0.01076157512670536,-0.010956827173487189,-0.011154150532107054,-0.010971755989319095,0.0003401531372169409,301
0.33777675628662107,0.035467125121473764,0.006976413726806641,0.00030398910742024653,0.8,0.1,20,30,500,31,0.5,0.0,0.8,"{'colsample_bytree': 0.8, 'learning_rate': 0.1, 'max_depth': 20, 'min_child_samples': 30, 'n_estimators': 500, 'num_leaves': 31, 'reg_alpha': 0.5, 'reg_lambda': 0.0, 'subsample': 0.8}",-0.010900406497634008,-0.009914085292723685,-0.010724552058951628,-0.010851220214558123,-0.010851470394912585,-0.010648346891756005,0.00037172519712162647,201
0.3527395248413086,0.02640080647117476,0.006614589691162109,0.00036480235364244796,0.8,0.1,20,30,500,31,0.5,0.5,0.8,"{'colsample_bytree': 0.8, 'learning_rate': 0.1, 'max_depth': 20, 'min_child_samples': 30, 'n_estimators': 500, 'num_leaves': 31, 'reg_alpha': 0.5, 'reg_lambda': 0.5, 'subsample': 0.8}",-0.011221318452302365,-0.009684022497655207,-0.0106156830827965,-0.010853624095047365,-0.010993317939437886,-0.010673593213447864,0.0005323986740786564,216
0.31685409545898435,0.01757410828594554,0.006523799896240234,0.00037180502230882905,0.8,0.1,20,30,500,31,0.5,1.0,0.8,"{'colsample_bytree': 0.8, 'learning_rate': 0.1, 'max_depth': 20, 'min_child_samples': 30, 'n_estimators': 500, 'num_leaves': 31, 'reg_alpha': 0.5, 'reg_lambda': 1.0, 'subsample': 0.8}",-0.010985370985583718,-0.00996792787638528,-0.010308275587756655,-0.010870779670264653,-0.010975065703584985,-0.010621483964715059,0.00041105162858557276,191
0.1862894058227539,0.0068799512596493416,0.004434442520141602,9.919423249558752e-05,0.8,0.1,20,30,500,31,1.0,0.0,0.8,"{'colsample_bytree': 0.8, 'learning_rate': 0.1, 'max_depth': 20, 'min_child_samples': 30, 'n_estimators': 500, 'num_leaves': 31, 'reg_alpha': 1.0, 'reg_lambda': 0.0, 'subsample': 0.8}",-0.010843835287396696,-0.009637106447361514,-0.01041597973010666,-0.010695745638644727,-0.01069723741803348,-0.010457980904308616,0.00043318779435817985,89
0.18372154235839844,0.0065439998972138085,0.0045166015625,0.0004907182372203226,0.8,0.1,20,30,500,31,1.0,0.5,0.8,"{'colsample_bytree': 0.8, 'learning_rate': 0.1, 'max_depth': 20, 'min_child_samples': 30, 'n_estimators': 500, 'num_leaves': 31, 'reg_alpha': 1.0, 'reg_lambda': 0.5, 'subsample': 0.8}",-0.010835359743680068,-0.009815595149978713,-0.010551540282110172,-0.010630148995200171,-0.010637911894456552,-0.010494111213085135,0.0003519425008780221,117
0.18679347038269042,0.010973999513524397,0.004502534866333008,0.0001823227265111227,0.8,0.1,20,30,500,31,1.0,1.0,0.8,"{'colsample_bytree': 0.8, 'learning_rate': 0.1, 'max_depth': 20, 'min_child_samples': 30, 'n_estimators': 500, 'num_leaves': 31, 'reg_alpha': 1.0, 'reg_lambda': 1.0, 'subsample': 0.8}",-0.01065459756246801,-0.009605464451427171,-0.010410890063894075,-0.010550776874928953,-0.010679995669508007,-0.010380344924445244,0.0003988545803255763,5
0.6211875438690185,0.013442475687685227,0.016434240341186523,0.0012938499696711462,0.8,0.1,20,30,500,50,0.0,0.0,0.8,"{'colsample_bytree': 0.8, 'learning_rate': 0.1, 'max_depth': 20, 'min_child_samples': 30, 'n_estimators': 500, 'num_leaves': 50, 'reg_alpha': 0.0, 'reg_lambda': 0.0, 'subsample': 0.8}",-0.011427483623180905,-0.010346246101846765,-0.011012876461618687,-0.010830499047129256,-0.011566845738000429,-0.011036790194355208,0.00043671026606025937,309
0.6313114166259766,0.021670422810192626,0.016808223724365235,0.0010339359226586426,0.8,0.1,20,30,500,50,0.0,0.5,0.8,"{'colsample_bytree': 0.8, 'learning_rate': 0.1, 'max_depth': 20, 'min_child_samples': 30, 'n_estimators': 500, 'num_leaves': 50, 'reg_alpha': 0.0, 'reg_lambda': 0.5, 'subsample': 0.8}",-0.011557624553970813,-0.010099926551957291,-0.010784965584766238,-0.010883503028134381,-0.011158146119471395,-0.010896833167660023,0.0004801420452074491,284
0.6413254261016845,0.028022813363026332,0.016460704803466796,0.0006738677903457064,0.8,0.1,20,30,500,50,0.0,1.0,0.8,"{'colsample_bytree': 0.8, 'learning_rate': 0.1, 'max_depth': 20, 'min_child_samples': 30, 'n_estimators': 500, 'num_leaves': 50, 'reg_alpha': 0.0, 'reg_lambda': 1.0, 'subsample': 0.8}",-0.011610509102163963,-0.010166084801950127,-0.010990320093058037,-0.01094872651815754,-0.011526153629410613,-0.011048358828948055,0.000516914567788157,312
0.3352945804595947,0.02471848223425561,0.006341981887817383,0.00048734316828915887,0.8,0.1,20,30,500,50,0.5,0.0,0.8,"{'colsample_bytree': 0.8, 'learning_rate': 0.1, 'max_depth': 20, 'min_child_samples': 30, 'n_estimators': 500, 'num_leaves': 50, 'reg_alpha': 0.5, 'reg_lambda': 0.0, 'subsample': 0.8}",-0.010996749788154792,-0.009913408834425477,-0.010574658320303245,-0.010703925964580712,-0.010937337559934115,-0.010625216093479667,0.0003875249675518119,195
0.3391704082489014,0.014547342024014552,0.0061680316925048825,0.0006148188171872861,0.8,0.1,20,30,500,50,0.5,0.5,0.8,"{'colsample_bytree': 0.8, 'learning_rate': 0.1, 'max_depth': 20, 'min_child_samples': 30, 'n_estimators': 500, 'num_leaves': 50, 'reg_alpha': 0.5, 'reg_lambda': 0.5, 'subsample': 0.8}",-0.011134235111012226,-0.010158381597842592,-0.010403152521035809,-0.010807400800431868,-0.010760417247115317,-0.010652717455487562,0.00033883212113472536,205
0.3120182991027832,0.011118442068931771,0.005746698379516602,0.00022677237263161594,0.8,0.1,20,30,500,50,0.5,1.0,0.8,"{'colsample_bytree': 0.8, 'learning_rate': 0.1, 'max_depth': 20, 'min_child_samples': 30, 'n_estimators': 500, 'num_leaves': 50, 'reg_alpha': 0.5, 'reg_lambda': 1.0, 'subsample': 0.8}",-0.011338868812343538,-0.009815928884273604,-0.010373868959366067,-0.010767608486163843,-0.010785388796417179,-0.010616332787712845,0.0005045706480974398,181
0.18614549636840821,0.005610905914447724,0.004367399215698242,0.0002576798354852918,0.8,0.1,20,30,500,50,1.0,0.0,0.8,"{'colsample_bytree': 0.8, 'learning_rate': 0.1, 'max_depth': 20, 'min_child_samples': 30, 'n_estimators': 500, 'num_leaves': 50, 'reg_alpha': 1.0, 'reg_lambda': 0.0, 'subsample': 0.8}",-0.010845744705213115,-0.009716778036291788,-0.010493661922038724,-0.010645642893483017,-0.010662565600851673,-0.010472878631575663,0.0003942024354887784,97
0.19279489517211915,0.01837668622648086,0.004365396499633789,0.00027087328135999914,0.8,0.1,20,30,500,50,1.0,0.5,0.8,"{'colsample_bytree': 0.8, 'learning_rate': 0.1, 'max_depth': 20, 'min_child_samples': 30, 'n_estimators': 500, 'num_leaves': 50, 'reg_alpha': 1.0, 'reg_lambda': 0.5, 'subsample': 0.8}",-0.010797665924975596,-0.00975175730353769,-0.010358788091868777,-0.010759807841116275,-0.010859429856927578,-0.010505489803685184,0.00041592119093231995,127
0.21145205497741698,0.025705412335675085,0.004666471481323242,0.0005019153724958324,0.8,0.1,20,30,500,50,1.0,1.0,0.8,"{'colsample_bytree': 0.8, 'learning_rate': 0.1, 'max_depth': 20, 'min_child_samples': 30, 'n_estimators': 500, 'num_leaves': 50, 'reg_alpha': 1.0, 'reg_lambda': 1.0, 'subsample': 0.8}",-0.010548994259938113,-0.00962706017554703,-0.010411733978415173,-0.010663965257600374,-0.010676799037037004,-0.01038571054170754,0.0003911642542468642,21
0.7303077697753906,0.02886473808933109,0.019627952575683595,0.002249874051545184,0.8,0.1,20,30,500,100,0.0,0.0,0.8,"{'colsample_bytree': 0.8, 'learning_rate': 0.1, 'max_depth': 20, 'min_child_samples': 30, 'n_estimators': 500, 'num_leaves': 100, 'reg_alpha': 0.0, 'reg_lambda': 0.0, 'subsample': 0.8}",-0.011425325429403886,-0.009945332412557567,-0.010664175133374058,-0.010933964827196586,-0.011440438949588379,-0.010881847350424096,0.0005539947023747126,278
0.7896583080291748,0.06463307993753109,0.019347190856933594,0.0018804833132132332,0.8,0.1,20,30,500,100,0.0,0.5,0.8,"{'colsample_bytree': 0.8, 'learning_rate': 0.1, 'max_depth': 20, 'min_child_samples': 30, 'n_estimators': 500, 'num_leaves': 100, 'reg_alpha': 0.0, 'reg_lambda': 0.5, 'subsample': 0.8}",-0.01141445128196054,-0.010445664259577112,-0.010960526925351355,-0.010895551539014945,-0.011547360030624223,-0.011052710807305636,0.00039426804079057255,313
0.7481280326843261,0.01960634368358912,0.021046257019042967,0.002144905391980441,0.8,0.1,20,30,500,100,0.0,1.0,0.8,"{'colsample_bytree': 0.8, 'learning_rate': 0.1, 'max_depth': 20, 'min_child_samples': 30, 'n_estimators': 500, 'num_leaves': 100, 'reg_alpha': 0.0, 'reg_lambda': 1.0, 'subsample': 0.8}",-0.011081232941221205,-0.010499969508034378,-0.010922639839943514,-0.01088102303197026,-0.01136811979264037,-0.010950597022761946,0.00028287039712702864,296
0.3281084537506104,0.025724505954883865,0.005879068374633789,0.0002983415277105972,0.8,0.1,20,30,500,100,0.5,0.0,0.8,"{'colsample_bytree': 0.8, 'learning_rate': 0.1, 'max_depth': 20, 'min_child_samples': 30, 'n_estimators': 500, 'num_leaves': 100, 'reg_alpha': 0.5, 'reg_lambda': 0.0, 'subsample': 0.8}",-0.010846400636883058,-0.009796224458934013,-0.01054478485087017,-0.010571730889186953,-0.010998657487916069,-0.010551559664758053,0.0004142008478677163,153
0.33380675315856934,0.011798997090078074,0.006135368347167968,0.000657466449070415,0.8,0.1,20,30,500,100,0.5,0.5,0.8,"{'colsample_bytree': 0.8, 'learning_rate': 0.1, 'max_depth': 20, 'min_child_samples': 30, 'n_estimators': 500, 'num_leaves': 100, 'reg_alpha': 0.5, 'reg_lambda': 0.5, 'subsample': 0.8}",-0.010957243084607281,-0.010093694398225756,-0.010679260019261495,-0.01076018165329364,-0.010937292918343396,-0.010685534414746314,0.00031403634465696905,223
0.3172131538391113,0.018810982138477133,0.00579686164855957,0.0003069866144254229,0.8,0.1,20,30,500,100,0.5,1.0,0.8,"{'colsample_bytree': 0.8, 'learning_rate': 0.1, 'max_depth': 20, 'min_child_samples': 30, 'n_estimators': 500, 'num_leaves': 100, 'reg_alpha': 0.5, 'reg_lambda': 1.0, 'subsample': 0.8}",-0.011089718749062265,-0.010130173180405478,-0.010471113185586458,-0.010884974575401963,-0.010891746725741365,-0.010693545283239505,0.0003463369934175741,225
0.2013767719268799,0.011753266854494364,0.004901790618896484,0.0007674467282530973,0.8,0.1,20,30,500,100,1.0,0.0,0.8,"{'colsample_bytree': 0.8, 'learning_rate': 0.1, 'max_depth': 20, 'min_child_samples': 30, 'n_estimators': 500, 'num_leaves': 100, 'reg_alpha': 1.0, 'reg_lambda': 0.0, 'subsample': 0.8}",-0.010876219330747618,-0.009693347865636841,-0.010238665795643496,-0.01066592746727713,-0.010700641449002868,-0.010434960381661591,0.00042594891072860266,57
0.20465664863586425,0.01283759799707925,0.004535675048828125,0.00037596295212325803,0.8,0.1,20,30,500,100,1.0,0.5,0.8,"{'colsample_bytree': 0.8, 'learning_rate': 0.1, 'max_depth': 20, 'min_child_samples': 30, 'n_estimators': 500, 'num_leaves': 100, 'reg_alpha': 1.0, 'reg_lambda': 0.5, 'subsample': 0.8}",-0.010959538212149034,-0.009753478403846595,-0.010406624641781376,-0.010599684635480484,-0.010721660171588711,-0.01048819721296924,0.0004087939698141747,111
0.1889266014099121,0.014706399757264578,0.004145479202270508,0.00021040715034778578,0.8,0.1,20,30,500,100,1.0,1.0,0.8,"{'colsample_bytree': 0.8, 'learning_rate': 0.1, 'max_depth': 20, 'min_child_samples': 30, 'n_estimators': 500, 'num_leaves': 100, 'reg_alpha': 1.0, 'reg_lambda': 1.0, 'subsample': 0.8}",-0.010630247948767766,-0.009715754667418615,-0.010379995712908263,-0.01067665358719608,-0.010598546301250223,-0.010400239643508188,0.0003570892097156593,29
0.5902279853820801,0.0471788696124393,0.01885666847229004,0.0013290416325270023,0.8,0.1,20,30,700,31,0.0,0.0,0.8,"{'colsample_bytree': 0.8, 'learning_rate': 0.1, 'max_depth': 20, 'min_child_samples': 30, 'n_estimators': 700, 'num_leaves': 31, 'reg_alpha': 0.0, 'reg_lambda': 0.0, 'subsample': 0.8}",-0.011351893790370524,-0.010407408713696716,-0.01118996299118641,-0.01140516896439538,-0.011585603782773823,-0.01118800764848457,0.00041022893876204033,321
0.5876983642578125,0.016458953139773434,0.019017410278320313,0.0025624206571910496,0.8,0.1,20,30,700,31,0.0,0.5,0.8,"{'colsample_bytree': 0.8, 'learning_rate': 0.1, 'max_depth': 20, 'min_child_samples': 30, 'n_estimators': 700, 'num_leaves': 31, 'reg_alpha': 0.0, 'reg_lambda': 0.5, 'subsample': 0.8}",-0.01161548785305765,-0.010460905383978114,-0.011314711681651263,-0.011356442911974539,-0.011651413828563063,-0.011279792331844927,0.00043092099637799877,324
0.5923108577728271,0.01293766961898902,0.018603754043579102,0.0010464231080775195,0.8,0.1,20,30,700,31,0.0,1.0,0.8,"{'colsample_bytree': 0.8, 'learning_rate': 0.1, 'max_depth': 20, 'min_child_samples': 30, 'n_estimators': 700, 'num_leaves': 31, 'reg_alpha': 0.0, 'reg_lambda': 1.0, 'subsample': 0.8}",-0.011555175573059687,-0.010569091167172692,-0.010860766268101594,-0.010991212668130287,-0.011253189949830832,-0.01104588712525902,0.00033673211839773954,311
0.3027294158935547,0.009789363089418879,0.006066179275512696,0.00025904529606898564,0.8,0.1,20,30,700,31,0.5,0.0,0.8,"{'colsample_bytree': 0.8, 'learning_rate': 0.1, 'max_depth': 20, 'min_child_samples': 30, 'n_estimators': 700, 'num_leaves': 31, 'reg_alpha': 0.5, 'reg_lambda': 0.0, 'subsample': 0.8}",-0.010900406497634008,-0.009914085292723685,-0.010724552058951628,-0.010851220214558123,-0.010851470394912585,-0.010648346891756005,0.00037172519712162647,201
0.31717863082885744,0.011686681036643339,0.006195831298828125,0.00017369210919591886,0.8,0.1,20,30,700,31,0.5,0.5,0.8,"{'colsample_bytree': 0.8, 'learning_rate': 0.1, 'max_depth': 20, 'min_child_samples': 30, 'n_estimators': 700, 'num_leaves': 31, 'reg_alpha': 0.5, 'reg_lambda': 0.5, 'subsample': 0.8}",-0.011221318452302365,-0.009684022497655207,-0.0106156830827965,-0.010853624095047365,-0.010993317939437886,-0.010673593213447864,0.0005323986740786564,216
0.33729209899902346,0.014790082876860752,0.006748342514038086,0.0006501356770375604,0.8,0.1,20,30,700,31,0.5,1.0,0.8,"{'colsample_bytree': 0.8, 'learning_rate': 0.1, 'max_depth': 20, 'min_child_samples': 30, 'n_estimators': 700, 'num_leaves': 31, 'reg_alpha': 0.5, 'reg_lambda': 1.0, 'subsample': 0.8}",-0.010985370985583718,-0.00996792787638528,-0.010308275587756655,-0.010870779670264653,-0.010975065703584985,-0.010621483964715059,0.00041105162858557276,191
0.24513907432556153,0.013076075969303097,0.0051784515380859375,0.0004670442394758135,0.8,0.1,20,30,700,31,1.0,0.0,0.8,"{'colsample_bytree': 0.8, 'learning_rate': 0.1, 'max_depth': 20, 'min_child_samples': 30, 'n_estimators': 700, 'num_leaves': 31, 'reg_alpha': 1.0, 'reg_lambda': 0.0, 'subsample': 0.8}",-0.010843835287396696,-0.009637106447361514,-0.01041597973010666,-0.010695745638644727,-0.01069723741803348,-0.010457980904308616,0.00043318779435817985,89
0.2267383575439453,0.010317070375773117,0.004940032958984375,0.0004911518095997949,0.8,0.1,20,30,700,31,1.0,0.5,0.8,"{'colsample_bytree': 0.8, 'learning_rate': 0.1, 'max_depth': 20, 'min_child_samples': 30, 'n_estimators': 700, 'num_leaves': 31, 'reg_alpha': 1.0, 'reg_lambda': 0.5, 'subsample': 0.8}",-0.010835359743680068,-0.009815595149978713,-0.010551540282110172,-0.010630148995200171,-0.010637911894456552,-0.010494111213085135,0.0003519425008780221,117
0.2222660541534424,0.02938488304908809,0.004856634140014649,0.0008920582384878895,0.8,0.1,20,30,700,31,1.0,1.0,0.8,"{'colsample_bytree': 0.8, 'learning_rate': 0.1, 'max_depth': 20, 'min_child_samples': 30, 'n_estimators': 700, 'num_leaves': 31, 'reg_alpha': 1.0, 'reg_lambda': 1.0, 'subsample': 0.8}",-0.01065459756246801,-0.009605464451427171,-0.010410890063894075,-0.010550776874928953,-0.010679995669508007,-0.010380344924445244,0.0003988545803255763,5
0.8704127311706543,0.0306474291307853,0.026795434951782226,0.0030555317030073704,0.8,0.1,20,30,700,50,0.0,0.0,0.8,"{'colsample_bytree': 0.8, 'learning_rate': 0.1, 'max_depth': 20, 'min_child_samples': 30, 'n_estimators': 700, 'num_leaves': 50, 'reg_alpha': 0.0, 'reg_lambda': 0.0, 'subsample': 0.8}",-0.011438276307893675,-0.01036663380634191,-0.011045316347566569,-0.01085807275388109,-0.01160363135137906,-0.01106238611341246,0.0004382571036530195,314
0.8574049472808838,0.014220664649239786,0.025014495849609374,0.0008971162844332241,0.8,0.1,20,30,700,50,0.0,0.5,0.8,"{'colsample_bytree': 0.8, 'learning_rate': 0.1, 'max_depth': 20, 'min_child_samples': 30, 'n_estimators': 700, 'num_leaves': 50, 'reg_alpha': 0.0, 'reg_lambda': 0.5, 'subsample': 0.8}",-0.011574146692828316,-0.010106623230045018,-0.010822900584150487,-0.010900934428777799,-0.011174699240986645,-0.010915860835357654,0.000482507512510315,288
0.8515974521636963,0.018277705895622696,0.025350570678710938,0.0015719553006580719,0.8,0.1,20,30,700,50,0.0,1.0,0.8,"{'colsample_bytree': 0.8, 'learning_rate': 0.1, 'max_depth': 20, 'min_child_samples': 30, 'n_estimators': 700, 'num_leaves': 50, 'reg_alpha': 0.0, 'reg_lambda': 1.0, 'subsample': 0.8}",-0.011624976555074749,-0.01018001289349929,-0.011028487393872986,-0.010986100458395215,-0.011568567110226639,-0.011077628882213777,0.0005209830362208875,316
0.35035090446472167,0.01373630618401128,0.006092596054077149,0.0002840856927767159,0.8,0.1,20,30,700,50,0.5,0.0,0.8,"{'colsample_bytree': 0.8, 'learning_rate': 0.1, 'max_depth': 20, 'min_child_samples': 30, 'n_estimators': 700, 'num_leaves': 50, 'reg_alpha': 0.5, 'reg_lambda': 0.0, 'subsample': 0.8}",-0.010996749788154792,-0.009913408834425477,-0.010574658320303245,-0.010703925964580712,-0.010937337559934115,-0.010625216093479667,0.0003875249675518119,195
0.33970012664794924,0.01994774802968881,0.0059855937957763675,0.0003119517596825587,0.8,0.1,20,30,700,50,0.5,0.5,0.8,"{'colsample_bytree': 0.8, 'learning_rate': 0.1, 'max_depth': 20, 'min_child_samples': 30, 'n_estimators': 700, 'num_leaves': 50, 'reg_alpha': 0.5, 'reg_lambda': 0.5, 'subsample': 0.8}",-0.011134235111012226,-0.010158381597842592,-0.010403152521035809,-0.010807400800431868,-0.010760417247115317,-0.010652717455487562,0.00033883212113472536,205
0.32556872367858886,0.012165941176040808,0.0060612201690673825,0.0005151023684860843,0.8,0.1,20,30,700,50,0.5,1.0,0.8,"{'colsample_bytree': 0.8, 'learning_rate': 0.1, 'max_depth': 20, 'min_child_samples': 30, 'n_estimators': 700, 'num_leaves': 50, 'reg_alpha': 0.5, 'reg_lambda': 1.0, 'subsample': 0.8}",-0.011338868812343538,-0.009815928884273604,-0.010373868959366067,-0.010767608486163843,-0.010785388796417179,-0.010616332787712845,0.0005045706480974398,181
0.1978775978088379,0.009642154420626292,0.004572677612304688,0.0005260994176318514,0.8,0.1,20,30,700,50,1.0,0.0,0.8,"{'colsample_bytree': 0.8, 'learning_rate': 0.1, 'max_depth': 20, 'min_child_samples': 30, 'n_estimators': 700, 'num_leaves': 50, 'reg_alpha': 1.0, 'reg_lambda': 0.0, 'subsample': 0.8}",-0.010845744705213115,-0.009716778036291788,-0.010493661922038724,-0.010645642893483017,-0.010662565600851673,-0.010472878631575663,0.0003942024354887784,97
0.2055452823638916,0.0055094773433706085,0.004246568679809571,0.00011955388807311074,0.8,0.1,20,30,700,50,1.0,0.5,0.8,"{'colsample_bytree': 0.8, 'learning_rate': 0.1, 'max_depth': 20, 'min_child_samples': 30, 'n_estimators': 700, 'num_leaves': 50, 'reg_alpha': 1.0, 'reg_lambda': 0.5, 'subsample': 0.8}",-0.010797665924975596,-0.00975175730353769,-0.010358788091868777,-0.010759807841116275,-0.010859429856927578,-0.010505489803685184,0.00041592119093231995,127
0.22380390167236328,0.023503775208113486,0.004757118225097656,0.0002556975581747815,0.8,0.1,20,30,700,50,1.0,1.0,0.8,"{'colsample_bytree': 0.8, 'learning_rate': 0.1, 'max_depth': 20, 'min_child_samples': 30, 'n_estimators': 700, 'num_leaves': 50, 'reg_alpha': 1.0, 'reg_lambda': 1.0, 'subsample': 0.8}",-0.010548994259938113,-0.00962706017554703,-0.010411733978415173,-0.010663965257600374,-0.010676799037037004,-0.01038571054170754,0.0003911642542468642,21
1.0226823806762695,0.07354647655717365,0.02756943702697754,0.0006618647580598432,0.8,0.1,20,30,700,100,0.0,0.0,0.8,"{'colsample_bytree': 0.8, 'learning_rate': 0.1, 'max_depth': 20, 'min_child_samples': 30, 'n_estimators': 700, 'num_leaves': 100, 'reg_alpha': 0.0, 'reg_lambda': 0.0, 'subsample': 0.8}",-0.011434157064995341,-0.009955669194441732,-0.010683676528000436,-0.01093681653423096,-0.011455175387716177,-0.01089309894187693,0.0005537539761033245,283
1.0358959197998048,0.04593448550039559,0.03058466911315918,0.0026637899129296106,0.8,0.1,20,30,700,100,0.0,0.5,0.8,"{'colsample_bytree': 0.8, 'learning_rate': 0.1, 'max_depth': 20, 'min_child_samples': 30, 'n_estimators': 700, 'num_leaves': 100, 'reg_alpha': 0.0, 'reg_lambda': 0.5, 'subsample': 0.8}",-0.011427569697024168,-0.010449464499984995,-0.010970127848083972,-0.010906855620785158,-0.011558672522664612,-0.011062538037708581,0.0003969970680515827,315
1.0104426383972167,0.018266481431167055,0.02880992889404297,0.0029481988856279507,0.8,0.1,20,30,700,100,0.0,1.0,0.8,"{'colsample_bytree': 0.8, 'learning_rate': 0.1, 'max_depth': 20, 'min_child_samples': 30, 'n_estimators': 700, 'num_leaves': 100, 'reg_alpha': 0.0, 'reg_lambda': 1.0, 'subsample': 0.8}",-0.011098624261712833,-0.01051089570249963,-0.010928621125439662,-0.010892457102601843,-0.011378063520211295,-0.010961732342493053,0.00028327376673643233,300
0.3406199932098389,0.0252988808943569,0.006474590301513672,0.0008791030241936126,0.8,0.1,20,30,700,100,0.5,0.0,0.8,"{'colsample_bytree': 0.8, 'learning_rate': 0.1, 'max_depth': 20, 'min_child_samples': 30, 'n_estimators': 700, 'num_leaves': 100, 'reg_alpha': 0.5, 'reg_lambda': 0.0, 'subsample': 0.8}",-0.010846400636883058,-0.009796224458934013,-0.01054478485087017,-0.010571730889186953,-0.010998657487916069,-0.010551559664758053,0.0004142008478677163,153
0.3336793422698975,0.016189742434773318,0.0061953067779541016,0.0009670813744819874,0.8,0.1,20,30,700,100,0.5,0.5,0.8,"{'colsample_bytree': 0.8, 'learning_rate': 0.1, 'max_depth': 20, 'min_child_samples': 30, 'n_estimators': 700, 'num_leaves': 100, 'reg_alpha': 0.5, 'reg_lambda': 0.5, 'subsample': 0.8}",-0.010957243084607281,-0.010093694398225756,-0.010679260019261495,-0.01076018165329364,-0.010937292918343396,-0.010685534414746314,0.00031403634465696905,223
0.35387401580810546,0.031190168787461427,0.006273698806762695,0.0005621296604063899,0.8,0.1,20,30,700,100,0.5,1.0,0.8,"{'colsample_bytree': 0.8, 'learning_rate': 0.1, 'max_depth': 20, 'min_child_samples': 30, 'n_estimators': 700, 'num_leaves': 100, 'reg_alpha': 0.5, 'reg_lambda': 1.0, 'subsample': 0.8}",-0.011089718749062265,-0.010130173180405478,-0.010471113185586458,-0.010884974575401963,-0.010891746725741365,-0.010693545283239505,0.0003463369934175741,225
0.2126467227935791,0.019784228574826153,0.004674863815307617,0.0003274954052468433,0.8,0.1,20,30,700,100,1.0,0.0,0.8,"{'colsample_bytree': 0.8, 'learning_rate': 0.1, 'max_depth': 20, 'min_child_samples': 30, 'n_estimators': 700, 'num_leaves': 100, 'reg_alpha': 1.0, 'reg_lambda': 0.0, 'subsample': 0.8}",-0.010876219330747618,-0.009693347865636841,-0.010238665795643496,-0.01066592746727713,-0.010700641449002868,-0.010434960381661591,0.00042594891072860266,57
0.24994888305664062,0.036138763672636916,0.00493474006652832,0.0004152088517025862,0.8,0.1,20,30,700,100,1.0,0.5,0.8,"{'colsample_bytree': 0.8, 'learning_rate': 0.1, 'max_depth': 20, 'min_child_samples': 30, 'n_estimators': 700, 'num_leaves': 100, 'reg_alpha': 1.0, 'reg_lambda': 0.5, 'subsample': 0.8}",-0.010959538212149034,-0.009753478403846595,-0.010406624641781376,-0.010599684635480484,-0.010721660171588711,-0.01048819721296924,0.0004087939698141747,111
0.21299424171447753,0.018531820128697328,0.004696178436279297,0.0002741611887929645,0.8,0.1,20,30,700,100,1.0,1.0,0.8,"{'colsample_bytree': 0.8, 'learning_rate': 0.1, 'max_depth': 20, 'min_child_samples': 30, 'n_estimators': 700, 'num_leaves': 100, 'reg_alpha': 1.0, 'reg_lambda': 1.0, 'subsample': 0.8}",-0.010630247948767766,-0.009715754667418615,-0.010379995712908263,-0.01067665358719608,-0.010598546301250223,-0.010400239643508188,0.0003570892097156593,29
