mean_fit_time,std_fit_time,mean_score_time,std_score_time,param_colsample_bytree,param_learning_rate,param_max_depth,param_min_child_samples,param_n_estimators,param_num_leaves,param_reg_alpha,param_reg_lambda,param_subsample,params,split0_test_score,split1_test_score,split2_test_score,split3_test_score,split4_test_score,mean_test_score,std_test_score,rank_test_score
0.7357003211975097,0.02203299238695307,0.007136011123657226,5.7224949024783265e-05,0.8,0.1,-1,10,500,31,0.0,0.0,0.8,"{'colsample_bytree': 0.8, 'learning_rate': 0.1, 'max_depth': -1, 'min_child_samples': 10, 'n_estimators': 500, 'num_leaves': 31, 'reg_alpha': 0.0, 'reg_lambda': 0.0, 'subsample': 0.8}",-0.00835607039340256,-0.009366870046483637,-0.0099619024149889,-0.00951878227502007,-0.009711670033791371,-0.009383059032737309,0.0005507146989657203,45
0.8720305442810059,0.08146689552625479,0.0077307701110839845,0.0004704894851971715,0.8,0.1,-1,10,500,31,0.0,0.5,0.8,"{'colsample_bytree': 0.8, 'learning_rate': 0.1, 'max_depth': -1, 'min_child_samples': 10, 'n_estimators': 500, 'num_leaves': 31, 'reg_alpha': 0.0, 'reg_lambda': 0.5, 'subsample': 0.8}",-0.008431653718391297,-0.009097802824200543,-0.009608498880526235,-0.00947977674181263,-0.009529762158669977,-0.009229498864720135,0.00043596761302775285,7
0.917200756072998,0.015615178150372508,0.007901477813720702,0.0003788412674630924,0.8,0.1,-1,10,500,31,0.0,1.0,0.8,"{'colsample_bytree': 0.8, 'learning_rate': 0.1, 'max_depth': -1, 'min_child_samples': 10, 'n_estimators': 500, 'num_leaves': 31, 'reg_alpha': 0.0, 'reg_lambda': 1.0, 'subsample': 0.8}",-0.008503069227789165,-0.009086805395287587,-0.009572578740496097,-0.009345314851175294,-0.009737407062767349,-0.0092490350555031,0.00043249069617817576,11
0.4840266704559326,0.07205829169272956,0.004972314834594727,0.0006259029928060832,0.8,0.1,-1,10,500,31,0.5,0.0,0.8,"{'colsample_bytree': 0.8, 'learning_rate': 0.1, 'max_depth': -1, 'min_child_samples': 10, 'n_estimators': 500, 'num_leaves': 31, 'reg_alpha': 0.5, 'reg_lambda': 0.0, 'subsample': 0.8}",-0.008712414124826805,-0.009466875236643572,-0.010030246530413199,-0.009562879273237491,-0.0095709292000346,-0.009468668873031133,0.0004258231324316963,132
0.4743049144744873,0.016834494670473897,0.004832315444946289,0.00023182326950792022,0.8,0.1,-1,10,500,31,0.5,0.5,0.8,"{'colsample_bytree': 0.8, 'learning_rate': 0.1, 'max_depth': -1, 'min_child_samples': 10, 'n_estimators': 500, 'num_leaves': 31, 'reg_alpha': 0.5, 'reg_lambda': 0.5, 'subsample': 0.8}",-0.008716209581780973,-0.00910908896259338,-0.010048989496750644,-0.009565519659654726,-0.00987111954056594,-0.009462185448269133,0.000490591717006905,121
0.5374444484710693,0.006142497788159978,0.005395078659057617,9.041385794662966e-05,0.8,0.1,-1,10,500,31,0.5,1.0,0.8,"{'colsample_bytree': 0.8, 'learning_rate': 0.1, 'max_depth': -1, 'min_child_samples': 10, 'n_estimators': 500, 'num_leaves': 31, 'reg_alpha': 0.5, 'reg_lambda': 1.0, 'subsample': 0.8}",-0.008754206279654205,-0.00909430118462074,-0.010074357293053846,-0.009570460178741412,-0.009790974723227416,-0.009456859931859523,0.00047560733828258317,105
0.36617302894592285,0.014876368593898797,0.0046481132507324215,0.0002372973590202939,0.8,0.1,-1,10,500,31,1.0,0.0,0.8,"{'colsample_bytree': 0.8, 'learning_rate': 0.1, 'max_depth': -1, 'min_child_samples': 10, 'n_estimators': 500, 'num_leaves': 31, 'reg_alpha': 1.0, 'reg_lambda': 0.0, 'subsample': 0.8}",-0.009094532587288262,-0.009649873324959018,-0.010278771173809535,-0.010079052422522371,-0.009355388467029163,-0.009691523595121671,0.0004395811969403739,305
0.36525821685791016,0.006318080452242038,0.0045806884765625,4.407776014620982e-05,0.8,0.1,-1,10,500,31,1.0,0.5,0.8,"{'colsample_bytree': 0.8, 'learning_rate': 0.1, 'max_depth': -1, 'min_child_samples': 10, 'n_estimators': 500, 'num_leaves': 31, 'reg_alpha': 1.0, 'reg_lambda': 0.5, 'subsample': 0.8}",-0.009004068116461672,-0.00935668383016908,-0.010402299036761474,-0.009712290801334957,-0.009463492269113426,-0.009587766810768122,0.00046658689282264465,209
0.35604372024536135,0.011457381796430003,0.004501962661743164,6.700768480928634e-05,0.8,0.1,-1,10,500,31,1.0,1.0,0.8,"{'colsample_bytree': 0.8, 'learning_rate': 0.1, 'max_depth': -1, 'min_child_samples': 10, 'n_estimators': 500, 'num_leaves': 31, 'reg_alpha': 1.0, 'reg_lambda': 1.0, 'subsample': 0.8}",-0.009088749017916216,-0.00951801294654355,-0.010226284024018508,-0.00981073808288168,-0.00969162893932232,-0.009667082602136456,0.00037165498702638447,281
1.4074837207794189,0.029856565980116576,0.012399673461914062,0.0001772424948162088,0.8,0.1,-1,10,500,50,0.0,0.0,0.8,"{'colsample_bytree': 0.8, 'learning_rate': 0.1, 'max_depth': -1, 'min_child_samples': 10, 'n_estimators': 500, 'num_leaves': 50, 'reg_alpha': 0.0, 'reg_lambda': 0.0, 'subsample': 0.8}",-0.008535747340147108,-0.009301799454205818,-0.009526949574922498,-0.009771240387328189,-0.009775908571165469,-0.009382329065553818,0.0004583137727078073,44
1.4034107685089112,0.01172788662680828,0.012657833099365235,0.00028182308053907785,0.8,0.1,-1,10,500,50,0.0,0.5,0.8,"{'colsample_bytree': 0.8, 'learning_rate': 0.1, 'max_depth': -1, 'min_child_samples': 10, 'n_estimators': 500, 'num_leaves': 50, 'reg_alpha': 0.0, 'reg_lambda': 0.5, 'subsample': 0.8}",-0.008504710553781289,-0.009358785031013058,-0.009968343883942615,-0.009833617654697839,-0.009555011995187067,-0.009444093823724372,0.0005154780886242453,97
1.42048978805542,0.014607458378588376,0.012378120422363281,0.0007971405532832167,0.8,0.1,-1,10,500,50,0.0,1.0,0.8,"{'colsample_bytree': 0.8, 'learning_rate': 0.1, 'max_depth': -1, 'min_child_samples': 10, 'n_estimators': 500, 'num_leaves': 50, 'reg_alpha': 0.0, 'reg_lambda': 1.0, 'subsample': 0.8}",-0.008883118256085218,-0.009380825195042875,-0.009367193008877311,-0.009295295916272615,-0.009793621663715871,-0.009344010807998777,0.00028942623246518183,18
0.5209416389465332,0.07186904135951902,0.004656219482421875,0.0004020177742385832,0.8,0.1,-1,10,500,50,0.5,0.0,0.8,"{'colsample_bytree': 0.8, 'learning_rate': 0.1, 'max_depth': -1, 'min_child_samples': 10, 'n_estimators': 500, 'num_leaves': 50, 'reg_alpha': 0.5, 'reg_lambda': 0.0, 'subsample': 0.8}",-0.008711380851411052,-0.009462448358844395,-0.009845331947920049,-0.009791056043609718,-0.009499971807885293,-0.0094620378019341,0.00040499195558318333,117
0.5302735328674316,0.0029157554143235853,0.004730796813964844,0.00035424526132251505,0.8,0.1,-1,10,500,50,0.5,0.5,0.8,"{'colsample_bytree': 0.8, 'learning_rate': 0.1, 'max_depth': -1, 'min_child_samples': 10, 'n_estimators': 500, 'num_leaves': 50, 'reg_alpha': 0.5, 'reg_lambda': 0.5, 'subsample': 0.8}",-0.008569613765151923,-0.009408034105544322,-0.009853273965518947,-0.009667896795172043,-0.009287356252071877,-0.009357234976691822,0.0004405397154428499,24
0.5454787254333496,0.0037638478938692922,0.004710674285888672,0.0001646148643920446,0.8,0.1,-1,10,500,50,0.5,1.0,0.8,"{'colsample_bytree': 0.8, 'learning_rate': 0.1, 'max_depth': -1, 'min_child_samples': 10, 'n_estimators': 500, 'num_leaves': 50, 'reg_alpha': 0.5, 'reg_lambda': 1.0, 'subsample': 0.8}",-0.008924407646257834,-0.0094718425220942,-0.00998616344164536,-0.009827242359411879,-0.009433765969536781,-0.00952868438778921,0.00036764516352362644,185
0.3655515670776367,0.008720289925690905,0.00404963493347168,0.00018477809656196326,0.8,0.1,-1,10,500,50,1.0,0.0,0.8,"{'colsample_bytree': 0.8, 'learning_rate': 0.1, 'max_depth': -1, 'min_child_samples': 10, 'n_estimators': 500, 'num_leaves': 50, 'reg_alpha': 1.0, 'reg_lambda': 0.0, 'subsample': 0.8}",-0.009153341309669747,-0.009675603784231572,-0.010020900859195573,-0.009934884026136438,-0.009520970283440853,-0.009661140052534836,0.00031050923594965726,273
0.372128963470459,0.009438523384272179,0.003952455520629883,9.414816114148668e-05,0.8,0.1,-1,10,500,50,1.0,0.5,0.8,"{'colsample_bytree': 0.8, 'learning_rate': 0.1, 'max_depth': -1, 'min_child_samples': 10, 'n_estimators': 500, 'num_leaves': 50, 'reg_alpha': 1.0, 'reg_lambda': 0.5, 'subsample': 0.8}",-0.009298073232199002,-0.009686826816566308,-0.010272043820308984,-0.009865968507462214,-0.009547511117502704,-0.009734084698807842,0.00032678505568059095,321
0.37234649658203123,0.009399515862279393,0.003956317901611328,6.690434860017089e-05,0.8,0.1,-1,10,500,50,1.0,1.0,0.8,"{'colsample_bytree': 0.8, 'learning_rate': 0.1, 'max_depth': -1, 'min_child_samples': 10, 'n_estimators': 500, 'num_leaves': 50, 'reg_alpha': 1.0, 'reg_lambda': 1.0, 'subsample': 0.8}",-0.009136771185638538,-0.009408790270678329,-0.010260815596276037,-0.009956239556609212,-0.009586527101397067,-0.009669828742119838,0.00039762475322427973,293
2.4532079696655273,0.22473110223424855,0.019554853439331055,0.0013548221128440636,0.8,0.1,-1,10,500,100,0.0,0.0,0.8,"{'colsample_bytree': 0.8, 'learning_rate': 0.1, 'max_depth': -1, 'min_child_samples': 10, 'n_estimators': 500, 'num_leaves': 100, 'reg_alpha': 0.0, 'reg_lambda': 0.0, 'subsample': 0.8}",-0.008644600060784265,-0.009992095601834963,-0.009878788241348253,-0.009981649658338601,-0.009534654741630323,-0.00960635766078728,0.000508719029247726,213
2.821023941040039,0.040814805547457596,0.021131467819213868,0.0005052648835611628,0.8,0.1,-1,10,500,100,0.0,0.5,0.8,"{'colsample_bytree': 0.8, 'learning_rate': 0.1, 'max_depth': -1, 'min_child_samples': 10, 'n_estimators': 500, 'num_leaves': 100, 'reg_alpha': 0.0, 'reg_lambda': 0.5, 'subsample': 0.8}",-0.008715177863392858,-0.009403034269137816,-0.009584553641109128,-0.00976129979537987,-0.009696778832183253,-0.009432168880240585,0.0003785476575325581,84
2.8688557147979736,0.013258847053577084,0.020755624771118163,0.0008613562536375437,0.8,0.1,-1,10,500,100,0.0,1.0,0.8,"{'colsample_bytree': 0.8, 'learning_rate': 0.1, 'max_depth': -1, 'min_child_samples': 10, 'n_estimators': 500, 'num_leaves': 100, 'reg_alpha': 0.0, 'reg_lambda': 1.0, 'subsample': 0.8}",-0.008695173472439893,-0.009528756897174532,-0.00958900802325468,-0.009730173990589976,-0.009647154765464365,-0.00943805342978469,0.0003773440949422838,87
0.5629324436187744,0.04073488367963736,0.004860830307006836,0.00034717145690359386,0.8,0.1,-1,10,500,100,0.5,0.0,0.8,"{'colsample_bytree': 0.8, 'learning_rate': 0.1, 'max_depth': -1, 'min_child_samples': 10, 'n_estimators': 500, 'num_leaves': 100, 'reg_alpha': 0.5, 'reg_lambda': 0.0, 'subsample': 0.8}",-0.009080590598978167,-0.009575843117836927,-0.010066999141041236,-0.009945391825872948,-0.009535224987434967,-0.009640809934232848,0.00034745415252408594,237
0.46050572395324707,0.010459318960474757,0.004382610321044922,0.00030308720283895836,0.8,0.1,-1,10,500,100,0.5,0.5,0.8,"{'colsample_bytree': 0.8, 'learning_rate': 0.1, 'max_depth': -1, 'min_child_samples': 10, 'n_estimators': 500, 'num_leaves': 100, 'reg_alpha': 0.5, 'reg_lambda': 0.5, 'subsample': 0.8}",-0.008984075040928637,-0.009498582122061918,-0.010005169602575435,-0.009987219361896983,-0.00945484919434273,-0.00958597906436114,0.000380482905122839,205
0.5213594913482666,0.02794512211391224,0.004477024078369141,0.00028169677255725673,0.8,0.1,-1,10,500,100,0.5,1.0,0.8,"{'colsample_bytree': 0.8, 'learning_rate': 0.1, 'max_depth': -1, 'min_child_samples': 10, 'n_estimators': 500, 'num_leaves': 100, 'reg_alpha': 0.5, 'reg_lambda': 1.0, 'subsample': 0.8}",-0.009185456210749836,-0.009403173478418085,-0.009853160463512048,-0.009824074916783592,-0.009376798652363743,-0.009528532744365461,0.00026426048507792736,183
0.325623607635498,0.019186214767691907,0.0038285255432128906,0.00019261594867140503,0.8,0.1,-1,10,500,100,1.0,0.0,0.8,"{'colsample_bytree': 0.8, 'learning_rate': 0.1, 'max_depth': -1, 'min_child_samples': 10, 'n_estimators': 500, 'num_leaves': 100, 'reg_alpha': 1.0, 'reg_lambda': 0.0, 'subsample': 0.8}",-0.009268995050117195,-0.009282702129304035,-0.010193870376802333,-0.010003306833196269,-0.009492023693535617,-0.00964817961659109,0.00038095489161438207,243
0.3780189514160156,0.015047777020793615,0.00399312973022461,5.9148108166092826e-05,0.8,0.1,-1,10,500,100,1.0,0.5,0.8,"{'colsample_bytree': 0.8, 'learning_rate': 0.1, 'max_depth': -1, 'min_child_samples': 10, 'n_estimators': 500, 'num_leaves': 100, 'reg_alpha': 1.0, 'reg_lambda': 0.5, 'subsample': 0.8}",-0.00921635207363363,-0.009334800054083147,-0.010210135103360342,-0.010157868465719947,-0.009385329655524202,-0.009660897070464254,0.00043093848817632837,269
0.3213522911071777,0.008387391033275026,0.0037641048431396483,0.00012402418070785423,0.8,0.1,-1,10,500,100,1.0,1.0,0.8,"{'colsample_bytree': 0.8, 'learning_rate': 0.1, 'max_depth': -1, 'min_child_samples': 10, 'n_estimators': 500, 'num_leaves': 100, 'reg_alpha': 1.0, 'reg_lambda': 1.0, 'subsample': 0.8}",-0.009499430270372464,-0.009562787795622503,-0.010162843859308483,-0.010040743961217461,-0.009219977650174887,-0.009697156707339161,0.0003520702558991827,309
1.1726884365081787,0.08900070486388677,0.012410879135131836,0.0009638949128932226,0.8,0.1,-1,10,700,31,0.0,0.0,0.8,"{'colsample_bytree': 0.8, 'learning_rate': 0.1, 'max_depth': -1, 'min_child_samples': 10, 'n_estimators': 700, 'num_leaves': 31, 'reg_alpha': 0.0, 'reg_lambda': 0.0, 'subsample': 0.8}",-0.008354515755983923,-0.009368774629519025,-0.009956172804084595,-0.009508166913306408,-0.009705632316129151,-0.009378652483804619,0.00054884845409439,38
1.2763025760650635,0.06060239527951946,0.013390636444091797,0.0010121386855107609,0.8,0.1,-1,10,700,31,0.0,0.5,0.8,"{'colsample_bytree': 0.8, 'learning_rate': 0.1, 'max_depth': -1, 'min_child_samples': 10, 'n_estimators': 700, 'num_leaves': 31, 'reg_alpha': 0.0, 'reg_lambda': 0.5, 'subsample': 0.8}",-0.008425879731846248,-0.009097343089170722,-0.00960072041570393,-0.009472541911479405,-0.009517537452734266,-0.009222804520186914,0.0004342548512489908,5
1.3044349193572997,0.04993137813105694,0.01472644805908203,0.003013714125378301,0.8,0.1,-1,10,700,31,0.0,1.0,0.8,"{'colsample_bytree': 0.8, 'learning_rate': 0.1, 'max_depth': -1, 'min_child_samples': 10, 'n_estimators': 700, 'num_leaves': 31, 'reg_alpha': 0.0, 'reg_lambda': 1.0, 'subsample': 0.8}",-0.008501265708112823,-0.009081677653269456,-0.009579792572662931,-0.009335835805576021,-0.009727740360978662,-0.00924526242011998,0.0004320162052404086,9
0.5798335075378418,0.0063690382513931845,0.0051880359649658205,0.0002156756342123935,0.8,0.1,-1,10,700,31,0.5,0.0,0.8,"{'colsample_bytree': 0.8, 'learning_rate': 0.1, 'max_depth': -1, 'min_child_samples': 10, 'n_estimators': 700, 'num_leaves': 31, 'reg_alpha': 0.5, 'reg_lambda': 0.0, 'subsample': 0.8}",-0.008712414124826805,-0.009466875236643572,-0.010030246530413199,-0.009562879273237491,-0.0095709292000346,-0.009468668873031133,0.0004258231324316963,132
0.5972115993499756,0.005096865799743002,0.005004358291625976,0.00010036344991407484,0.8,0.1,-1,10,700,31,0.5,0.5,0.8,"{'colsample_bytree': 0.8, 'learning_rate': 0.1, 'max_depth': -1, 'min_child_samples': 10, 'n_estimators': 700, 'num_leaves': 31, 'reg_alpha': 0.5, 'reg_lambda': 0.5, 'subsample': 0.8}",-0.008716209581780973,-0.00910908896259338,-0.010048989496750644,-0.009565519659654726,-0.00987111954056594,-0.009462185448269133,0.000490591717006905,121
0.5877888202667236,0.010236129113699444,0.004977226257324219,0.0001466855267420872,0.8,0.1,-1,10,700,31,0.5,1.0,0.8,"{'colsample_bytree': 0.8, 'learning_rate': 0.1, 'max_depth': -1, 'min_child_samples': 10, 'n_estimators': 700, 'num_leaves': 31, 'reg_alpha': 0.5, 'reg_lambda': 1.0, 'subsample': 0.8}",-0.008754206279654205,-0.00909430118462074,-0.010074357293053846,-0.009570460178741412,-0.009790974723227416,-0.009456859931859523,0.00047560733828258317,105
0.4075706958770752,0.017968310709132147,0.0045200824737548825,0.0006602316565244152,0.8,0.1,-1,10,700,31,1.0,0.0,0.8,"{'colsample_bytree': 0.8, 'learning_rate': 0.1, 'max_depth': -1, 'min_child_samples': 10, 'n_estimators': 700, 'num_leaves': 31, 'reg_alpha': 1.0, 'reg_lambda': 0.0, 'subsample': 0.8}",-0.009094532587288262,-0.009649873324959018,-0.010278771173809535,-0.010079052422522371,-0.009355388467029163,-0.009691523595121671,0.0004395811969403739,305
0.399267578125,0.0047957573251201525,0.004329395294189453,0.0003388811737118069,0.8,0.1,-1,10,700,31,1.0,0.5,0.8,"{'colsample_bytree': 0.8, 'learning_rate': 0.1, 'max_depth': -1, 'min_child_samples': 10, 'n_estimators': 700, 'num_leaves': 31, 'reg_alpha': 1.0, 'reg_lambda': 0.5, 'subsample': 0.8}",-0.009004068116461672,-0.00935668383016908,-0.010402299036761474,-0.009712290801334957,-0.009463492269113426,-0.009587766810768122,0.00046658689282264465,209
0.40146775245666505,0.021676482160349047,0.00410008430480957,0.00032700489670720354,0.8,0.1,-1,10,700,31,1.0,1.0,0.8,"{'colsample_bytree': 0.8, 'learning_rate': 0.1, 'max_depth': -1, 'min_child_samples': 10, 'n_estimators': 700, 'num_leaves': 31, 'reg_alpha': 1.0, 'reg_lambda': 1.0, 'subsample': 0.8}",-0.009088749017916216,-0.00951801294654355,-0.010226284024018508,-0.00981073808288168,-0.00969162893932232,-0.009667082602136456,0.00037165498702638447,281
1.667826271057129,0.11333657746574032,0.018381547927856446,0.0009834600377849148,0.8,0.1,-1,10,700,50,0.0,0.0,0.8,"{'colsample_bytree': 0.8, 'learning_rate': 0.1, 'max_depth': -1, 'min_child_samples': 10, 'n_estimators': 700, 'num_leaves': 50, 'reg_alpha': 0.0, 'reg_lambda': 0.0, 'subsample': 0.8}",-0.008534862316561193,-0.009301579001758532,-0.009526717009375074,-0.009770831062776729,-0.00977513328535314,-0.009381824535164934,0.00045843124368999557,43
1.9638967514038086,0.031780445478482015,0.01882138252258301,0.0006688065455910524,0.8,0.1,-1,10,700,50,0.0,0.5,0.8,"{'colsample_bytree': 0.8, 'learning_rate': 0.1, 'max_depth': -1, 'min_child_samples': 10, 'n_estimators': 700, 'num_leaves': 50, 'reg_alpha': 0.0, 'reg_lambda': 0.5, 'subsample': 0.8}",-0.008503944977092538,-0.009359105030690653,-0.009968683235438756,-0.009834484193903061,-0.009554414239973644,-0.009444126335419729,0.0005159209687019814,98
1.6864685535430908,0.026831834382989906,0.018802452087402343,0.0012392822563809089,0.8,0.1,-1,10,700,50,0.0,1.0,0.8,"{'colsample_bytree': 0.8, 'learning_rate': 0.1, 'max_depth': -1, 'min_child_samples': 10, 'n_estimators': 700, 'num_leaves': 50, 'reg_alpha': 0.0, 'reg_lambda': 1.0, 'subsample': 0.8}",-0.008880766506504356,-0.009381632072524074,-0.009366014291190971,-0.00929531542728887,-0.009792969875473618,-0.009343339634596378,0.000289975180898575,17
0.5279324531555176,0.031012990108665248,0.004668188095092773,0.0002748428905941558,0.8,0.1,-1,10,700,50,0.5,0.0,0.8,"{'colsample_bytree': 0.8, 'learning_rate': 0.1, 'max_depth': -1, 'min_child_samples': 10, 'n_estimators': 700, 'num_leaves': 50, 'reg_alpha': 0.5, 'reg_lambda': 0.0, 'subsample': 0.8}",-0.008711380851411052,-0.009462448358844395,-0.009845331947920049,-0.009791056043609718,-0.009499971807885293,-0.0094620378019341,0.00040499195558318333,117
0.5665328979492188,0.023439049457767803,0.005183744430541992,0.0002763849276976371,0.8,0.1,-1,10,700,50,0.5,0.5,0.8,"{'colsample_bytree': 0.8, 'learning_rate': 0.1, 'max_depth': -1, 'min_child_samples': 10, 'n_estimators': 700, 'num_leaves': 50, 'reg_alpha': 0.5, 'reg_lambda': 0.5, 'subsample': 0.8}",-0.008569613765151923,-0.009408034105544322,-0.009853273965518947,-0.009667896795172043,-0.009287356252071877,-0.009357234976691822,0.0004405397154428499,24
0.5484772682189941,0.044226449000645415,0.0048408031463623045,0.00035679808035888016,0.8,0.1,-1,10,700,50,0.5,1.0,0.8,"{'colsample_bytree': 0.8, 'learning_rate': 0.1, 'max_depth': -1, 'min_child_samples': 10, 'n_estimators': 700, 'num_leaves': 50, 'reg_alpha': 0.5, 'reg_lambda': 1.0, 'subsample': 0.8}",-0.008924407646257834,-0.0094718425220942,-0.00998616344164536,-0.009827242359411879,-0.009433765969536781,-0.00952868438778921,0.00036764516352362644,185
0.4205111026763916,0.041614539126873316,0.004485654830932617,6.379118876737243e-05,0.8,0.1,-1,10,700,50,1.0,0.0,0.8,"{'colsample_bytree': 0.8, 'learning_rate': 0.1, 'max_depth': -1, 'min_child_samples': 10, 'n_estimators': 700, 'num_leaves': 50, 'reg_alpha': 1.0, 'reg_lambda': 0.0, 'subsample': 0.8}",-0.009153341309669747,-0.009675603784231572,-0.010020900859195573,-0.009934884026136438,-0.009520970283440853,-0.009661140052534836,0.00031050923594965726,273
0.4036357879638672,0.008524716940631966,0.0044861316680908205,0.0001010618531971967,0.8,0.1,-1,10,700,50,1.0,0.5,0.8,"{'colsample_bytree': 0.8, 'learning_rate': 0.1, 'max_depth': -1, 'min_child_samples': 10, 'n_estimators': 700, 'num_leaves': 50, 'reg_alpha': 1.0, 'reg_lambda': 0.5, 'subsample': 0.8}",-0.009298073232199002,-0.009686826816566308,-0.010272043820308984,-0.009865968507462214,-0.009547511117502704,-0.009734084698807842,0.00032678505568059095,321
0.4030325412750244,0.012906262890493868,0.00448298454284668,4.363542019425469e-05,0.8,0.1,-1,10,700,50,1.0,1.0,0.8,"{'colsample_bytree': 0.8, 'learning_rate': 0.1, 'max_depth': -1, 'min_child_samples': 10, 'n_estimators': 700, 'num_leaves': 50, 'reg_alpha': 1.0, 'reg_lambda': 1.0, 'subsample': 0.8}",-0.009136771185638538,-0.009408790270678329,-0.010260815596276037,-0.009956239556609212,-0.009586527101397067,-0.009669828742119838,0.00039762475322427973,293
3.764800500869751,0.24801933081128527,0.028776121139526368,0.002228821885255155,0.8,0.1,-1,10,700,100,0.0,0.0,0.8,"{'colsample_bytree': 0.8, 'learning_rate': 0.1, 'max_depth': -1, 'min_child_samples': 10, 'n_estimators': 700, 'num_leaves': 100, 'reg_alpha': 0.0, 'reg_lambda': 0.0, 'subsample': 0.8}",-0.008644531637358564,-0.00999201627951431,-0.009878975814961935,-0.009981722128009473,-0.009534640969307373,-0.00960637736583033,0.0005087640499636577,214
3.8552597522735597,0.19740311868282087,0.029344511032104493,0.0013388795486218637,0.8,0.1,-1,10,700,100,0.0,0.5,0.8,"{'colsample_bytree': 0.8, 'learning_rate': 0.1, 'max_depth': -1, 'min_child_samples': 10, 'n_estimators': 700, 'num_leaves': 100, 'reg_alpha': 0.0, 'reg_lambda': 0.5, 'subsample': 0.8}",-0.008715356078569663,-0.009402694042615107,-0.00958449230691793,-0.009761343527489606,-0.00969677962050979,-0.00943213311522042,0.00037848819555403413,83
3.7174072742462156,0.31753833841157475,0.029470396041870118,0.0014376860738680914,0.8,0.1,-1,10,700,100,0.0,1.0,0.8,"{'colsample_bytree': 0.8, 'learning_rate': 0.1, 'max_depth': -1, 'min_child_samples': 10, 'n_estimators': 700, 'num_leaves': 100, 'reg_alpha': 0.0, 'reg_lambda': 1.0, 'subsample': 0.8}",-0.008695095442206074,-0.009528490998510556,-0.00958928968269798,-0.009730366101728638,-0.009647034694972119,-0.009438055384023075,0.00037740105900710435,88
0.5884453773498535,0.0216806405502109,0.004621982574462891,0.00016924118948627594,0.8,0.1,-1,10,700,100,0.5,0.0,0.8,"{'colsample_bytree': 0.8, 'learning_rate': 0.1, 'max_depth': -1, 'min_child_samples': 10, 'n_estimators': 700, 'num_leaves': 100, 'reg_alpha': 0.5, 'reg_lambda': 0.0, 'subsample': 0.8}",-0.009080590598978167,-0.009575843117836927,-0.010066999141041236,-0.009945391825872948,-0.009535224987434967,-0.009640809934232848,0.00034745415252408594,237
0.5464535713195801,0.03809838985144955,0.004730796813964844,0.0004154504210471237,0.8,0.1,-1,10,700,100,0.5,0.5,0.8,"{'colsample_bytree': 0.8, 'learning_rate': 0.1, 'max_depth': -1, 'min_child_samples': 10, 'n_estimators': 700, 'num_leaves': 100, 'reg_alpha': 0.5, 'reg_lambda': 0.5, 'subsample': 0.8}",-0.008984075040928637,-0.009498582122061918,-0.010005169602575435,-0.009987219361896983,-0.00945484919434273,-0.00958597906436114,0.000380482905122839,205
0.6025922298431396,0.02675007857299399,0.006842660903930664,0.004525186722597176,0.8,0.1,-1,10,700,100,0.5,1.0,0.8,"{'colsample_bytree': 0.8, 'learning_rate': 0.1, 'max_depth': -1, 'min_child_samples': 10, 'n_estimators': 700, 'num_leaves': 100, 'reg_alpha': 0.5, 'reg_lambda': 1.0, 'subsample': 0.8}",-0.009185456210749836,-0.009403173478418085,-0.009853160463512048,-0.009824074916783592,-0.009376798652363743,-0.009528532744365461,0.00026426048507792736,183
0.4115307807922363,0.008185654329652035,0.0040034294128417965,0.0001180066094321685,0.8,0.1,-1,10,700,100,1.0,0.0,0.8,"{'colsample_bytree': 0.8, 'learning_rate': 0.1, 'max_depth': -1, 'min_child_samples': 10, 'n_estimators': 700, 'num_leaves': 100, 'reg_alpha': 1.0, 'reg_lambda': 0.0, 'subsample': 0.8}",-0.009268995050117195,-0.009282702129304035,-0.010193870376802333,-0.010003306833196269,-0.009492023693535617,-0.00964817961659109,0.00038095489161438207,243
0.41152362823486327,0.009369091276687601,0.00400700569152832,8.027997881242777e-05,0.8,0.1,-1,10,700,100,1.0,0.5,0.8,"{'colsample_bytree': 0.8, 'learning_rate': 0.1, 'max_depth': -1, 'min_child_samples': 10, 'n_estimators': 700, 'num_leaves': 100, 'reg_alpha': 1.0, 'reg_lambda': 0.5, 'subsample': 0.8}",-0.00921635207363363,-0.009334800054083147,-0.010210135103360342,-0.010157868465719947,-0.009385329655524202,-0.009660897070464254,0.00043093848817632837,269
0.4144579887390137,0.018554864153527903,0.004280281066894531,0.0004700578233007382,0.8,0.1,-1,10,700,100,1.0,1.0,0.8,"{'colsample_bytree': 0.8, 'learning_rate': 0.1, 'max_depth': -1, 'min_child_samples': 10, 'n_estimators': 700, 'num_leaves': 100, 'reg_alpha': 1.0, 'reg_lambda': 1.0, 'subsample': 0.8}",-0.009499430270372464,-0.009562787795622503,-0.010162843859308483,-0.010040743961217461,-0.009219977650174887,-0.009697156707339161,0.0003520702558991827,309
0.8469049453735351,0.002470348279716101,0.010165548324584961,0.0016296236101916253,0.8,0.1,-1,20,500,31,0.0,0.0,0.8,"{'colsample_bytree': 0.8, 'learning_rate': 0.1, 'max_depth': -1, 'min_child_samples': 20, 'n_estimators': 500, 'num_leaves': 31, 'reg_alpha': 0.0, 'reg_lambda': 0.0, 'subsample': 0.8}",-0.008593379520744649,-0.009560661672639739,-0.009660892346214162,-0.009521891002742797,-0.00989896174161128,-0.009447157256790526,0.0004465903690685751,101
0.9028915405273438,0.011596974925350226,0.009495782852172851,0.00019359937439204894,0.8,0.1,-1,20,500,31,0.0,0.5,0.8,"{'colsample_bytree': 0.8, 'learning_rate': 0.1, 'max_depth': -1, 'min_child_samples': 20, 'n_estimators': 500, 'num_leaves': 31, 'reg_alpha': 0.0, 'reg_lambda': 0.5, 'subsample': 0.8}",-0.008519448410327648,-0.00964195576314139,-0.009823351334081914,-0.009283296552839168,-0.009666653821492321,-0.00938694117637649,0.0004684039573240827,50
0.859270429611206,0.04073448766520675,0.009323930740356446,0.00024064018880036572,0.8,0.1,-1,20,500,31,0.0,1.0,0.8,"{'colsample_bytree': 0.8, 'learning_rate': 0.1, 'max_depth': -1, 'min_child_samples': 20, 'n_estimators': 500, 'num_leaves': 31, 'reg_alpha': 0.0, 'reg_lambda': 1.0, 'subsample': 0.8}",-0.00853534839475998,-0.009479801190365312,-0.009864355516331816,-0.0092445137119043,-0.009980753836774499,-0.00942095453002718,0.000515533164218643,71
0.552019453048706,0.0040209973799136215,0.005550003051757813,7.075347609777967e-05,0.8,0.1,-1,20,500,31,0.5,0.0,0.8,"{'colsample_bytree': 0.8, 'learning_rate': 0.1, 'max_depth': -1, 'min_child_samples': 20, 'n_estimators': 500, 'num_leaves': 31, 'reg_alpha': 0.5, 'reg_lambda': 0.0, 'subsample': 0.8}",-0.008651556738727601,-0.009450289115472655,-0.009975264913501241,-0.009506559738579803,-0.009824930874275196,-0.0094817202761113,0.0004587278581783802,137
0.5121707439422607,0.04995515362921235,0.005429697036743164,0.00035186209058009604,0.8,0.1,-1,20,500,31,0.5,0.5,0.8,"{'colsample_bytree': 0.8, 'learning_rate': 0.1, 'max_depth': -1, 'min_child_samples': 20, 'n_estimators': 500, 'num_leaves': 31, 'reg_alpha': 0.5, 'reg_lambda': 0.5, 'subsample': 0.8}",-0.008997486950892458,-0.009314503161933439,-0.009637132193623695,-0.009845470961978763,-0.009529711642055393,-0.009464860982096748,0.0002897560678682096,126
0.4412405967712402,0.030144512986362573,0.004945039749145508,0.0003319628858024647,0.8,0.1,-1,20,500,31,0.5,1.0,0.8,"{'colsample_bytree': 0.8, 'learning_rate': 0.1, 'max_depth': -1, 'min_child_samples': 20, 'n_estimators': 500, 'num_leaves': 31, 'reg_alpha': 0.5, 'reg_lambda': 1.0, 'subsample': 0.8}",-0.008964178360714885,-0.009218662301435301,-0.009870732125131053,-0.00980382351827024,-0.009599245304015134,-0.009491328321913323,0.0003479886230850156,147
0.3232698917388916,0.03808460702974801,0.004175710678100586,0.0002548371152630429,0.8,0.1,-1,20,500,31,1.0,0.0,0.8,"{'colsample_bytree': 0.8, 'learning_rate': 0.1, 'max_depth': -1, 'min_child_samples': 20, 'n_estimators': 500, 'num_leaves': 31, 'reg_alpha': 1.0, 'reg_lambda': 0.0, 'subsample': 0.8}",-0.009047718055566487,-0.009357352683265487,-0.010086618293200816,-0.00987326598554608,-0.009894074039369025,-0.009651805811389578,0.0003868914728349589,245
0.2865746974945068,0.007227969568143602,0.003820323944091797,2.9584124018409186e-05,0.8,0.1,-1,20,500,31,1.0,0.5,0.8,"{'colsample_bytree': 0.8, 'learning_rate': 0.1, 'max_depth': -1, 'min_child_samples': 20, 'n_estimators': 500, 'num_leaves': 31, 'reg_alpha': 1.0, 'reg_lambda': 0.5, 'subsample': 0.8}",-0.009102961317128754,-0.009508511812123286,-0.010060964946070188,-0.009802381191635238,-0.009824828740102966,-0.009659929601412086,0.00032907584103782756,257
0.31961941719055176,0.03274705659754444,0.004020547866821289,0.00022119275677462885,0.8,0.1,-1,20,500,31,1.0,1.0,0.8,"{'colsample_bytree': 0.8, 'learning_rate': 0.1, 'max_depth': -1, 'min_child_samples': 20, 'n_estimators': 500, 'num_leaves': 31, 'reg_alpha': 1.0, 'reg_lambda': 1.0, 'subsample': 0.8}",-0.008923943897974228,-0.009464139876892222,-0.010072409143025264,-0.010022852380035948,-0.009699091572532823,-0.009636487374092095,0.00041967769949317446,233
1.105189037322998,0.01711306927873983,0.015556669235229493,0.0028848118052066845,0.8,0.1,-1,20,500,50,0.0,0.0,0.8,"{'colsample_bytree': 0.8, 'learning_rate': 0.1, 'max_depth': -1, 'min_child_samples': 20, 'n_estimators': 500, 'num_leaves': 50, 'reg_alpha': 0.0, 'reg_lambda': 0.0, 'subsample': 0.8}",-0.008385214135166269,-0.009474400134078074,-0.00965540952130123,-0.008969918946145156,-0.009492375792392404,-0.009195463705816627,0.0004658083890833618,2
1.2664764404296875,0.09720559617006727,0.015502691268920898,0.0009843156587976483,0.8,0.1,-1,20,500,50,0.0,0.5,0.8,"{'colsample_bytree': 0.8, 'learning_rate': 0.1, 'max_depth': -1, 'min_child_samples': 20, 'n_estimators': 500, 'num_leaves': 50, 'reg_alpha': 0.0, 'reg_lambda': 0.5, 'subsample': 0.8}",-0.008609420384495038,-0.009495937507337819,-0.009374163034817754,-0.009596030455242231,-0.00985646070305335,-0.009386402416989239,0.00041970168549381826,49
1.3306520462036133,0.040443047480637206,0.014518642425537109,0.00014362795886976092,0.8,0.1,-1,20,500,50,0.0,1.0,0.8,"{'colsample_bytree': 0.8, 'learning_rate': 0.1, 'max_depth': -1, 'min_child_samples': 20, 'n_estimators': 500, 'num_leaves': 50, 'reg_alpha': 0.0, 'reg_lambda': 1.0, 'subsample': 0.8}",-0.008710250410872561,-0.009307974621416979,-0.009461029487557728,-0.009501883150009183,-0.009908578811144597,-0.009377943296200208,0.00038847081147619453,36
0.5138669013977051,0.025768250642557843,0.0052756786346435545,8.459276651028717e-05,0.8,0.1,-1,20,500,50,0.5,0.0,0.8,"{'colsample_bytree': 0.8, 'learning_rate': 0.1, 'max_depth': -1, 'min_child_samples': 20, 'n_estimators': 500, 'num_leaves': 50, 'reg_alpha': 0.5, 'reg_lambda': 0.0, 'subsample': 0.8}",-0.008937772139079732,-0.009443170496033505,-0.009859160557536306,-0.00981772569996308,-0.009457631886286294,-0.009503092155779784,0.00033197076273241364,167
0.5391578197479248,0.012099094368227791,0.00533447265625,0.00017455656988692048,0.8,0.1,-1,20,500,50,0.5,0.5,0.8,"{'colsample_bytree': 0.8, 'learning_rate': 0.1, 'max_depth': -1, 'min_child_samples': 20, 'n_estimators': 500, 'num_leaves': 50, 'reg_alpha': 0.5, 'reg_lambda': 0.5, 'subsample': 0.8}",-0.008834232693135732,-0.009577661712352236,-0.009726831301390744,-0.009755205134036863,-0.009661026341877299,-0.009510991436558574,0.0003438560665669437,175
0.45900630950927734,0.040772065758731435,0.005307292938232422,0.001426060783117219,0.8,0.1,-1,20,500,50,0.5,1.0,0.8,"{'colsample_bytree': 0.8, 'learning_rate': 0.1, 'max_depth': -1, 'min_child_samples': 20, 'n_estimators': 500, 'num_leaves': 50, 'reg_alpha': 0.5, 'reg_lambda': 1.0, 'subsample': 0.8}",-0.0087780296509262,-0.009522736656188645,-0.009784665376834449,-0.009730514867952577,-0.009633249362367646,-0.009489839182853904,0.0003669247342815364,143
0.30648322105407716,0.036707709565070176,0.004110813140869141,0.00040116123363169437,0.8,0.1,-1,20,500,50,1.0,0.0,0.8,"{'colsample_bytree': 0.8, 'learning_rate': 0.1, 'max_depth': -1, 'min_child_samples': 20, 'n_estimators': 500, 'num_leaves': 50, 'reg_alpha': 1.0, 'reg_lambda': 0.0, 'subsample': 0.8}",-0.00924131383645872,-0.009577270947513152,-0.009947094884098121,-0.009831543318136514,-0.009452383732483182,-0.009609921343737938,0.00025477752554392726,215
0.3610820293426514,0.009155516822877966,0.0042208671569824215,0.00018490811708535382,0.8,0.1,-1,20,500,50,1.0,0.5,0.8,"{'colsample_bytree': 0.8, 'learning_rate': 0.1, 'max_depth': -1, 'min_child_samples': 20, 'n_estimators': 500, 'num_leaves': 50, 'reg_alpha': 1.0, 'reg_lambda': 0.5, 'subsample': 0.8}",-0.009366937286303025,-0.009647769341732353,-0.009854090906463215,-0.009873212662485902,-0.009524739391162905,-0.00965334991762948,0.0001935151554284277,249
0.3627584457397461,0.01156620352823823,0.004352378845214844,0.0002719703507470146,0.8,0.1,-1,20,500,50,1.0,1.0,0.8,"{'colsample_bytree': 0.8, 'learning_rate': 0.1, 'max_depth': -1, 'min_child_samples': 20, 'n_estimators': 500, 'num_leaves': 50, 'reg_alpha': 1.0, 'reg_lambda': 1.0, 'subsample': 0.8}",-0.009248318241033003,-0.009535856741606218,-0.01012319158673947,-0.009918366733844981,-0.009260341805902957,-0.009617215021825326,0.0003512170652962665,219
2.111413860321045,0.00949638425516131,0.019780874252319336,0.0011059063820137015,0.8,0.1,-1,20,500,100,0.0,0.0,0.8,"{'colsample_bytree': 0.8, 'learning_rate': 0.1, 'max_depth': -1, 'min_child_samples': 20, 'n_estimators': 500, 'num_leaves': 100, 'reg_alpha': 0.0, 'reg_lambda': 0.0, 'subsample': 0.8}",-0.008821130340718658,-0.009624673049380885,-0.009660129734667393,-0.009632901141049798,-0.009822553605637524,-0.009512277574290852,0.00035298690148760826,179
2.1241949558258058,0.00851115491205457,0.019261264801025392,0.0016030115362043597,0.8,0.1,-1,20,500,100,0.0,0.5,0.8,"{'colsample_bytree': 0.8, 'learning_rate': 0.1, 'max_depth': -1, 'min_child_samples': 20, 'n_estimators': 500, 'num_leaves': 100, 'reg_alpha': 0.0, 'reg_lambda': 0.5, 'subsample': 0.8}",-0.00862936264852979,-0.009611284501731935,-0.009678713699898367,-0.009377745693555607,-0.009698864932752458,-0.009399194295293633,0.00040150134521524367,53
2.044157123565674,0.1176663394372838,0.019260931015014648,0.0006663892247160653,0.8,0.1,-1,20,500,100,0.0,1.0,0.8,"{'colsample_bytree': 0.8, 'learning_rate': 0.1, 'max_depth': -1, 'min_child_samples': 20, 'n_estimators': 500, 'num_leaves': 100, 'reg_alpha': 0.0, 'reg_lambda': 1.0, 'subsample': 0.8}",-0.00851544812926231,-0.009689274615765388,-0.009680142011241557,-0.009435499495879213,-0.009797023841780078,-0.00942347761878571,0.0004691958043385471,74
0.4500431537628174,0.027517274043921527,0.004932308197021484,0.0006513872845837816,0.8,0.1,-1,20,500,100,0.5,0.0,0.8,"{'colsample_bytree': 0.8, 'learning_rate': 0.1, 'max_depth': -1, 'min_child_samples': 20, 'n_estimators': 500, 'num_leaves': 100, 'reg_alpha': 0.5, 'reg_lambda': 0.0, 'subsample': 0.8}",-0.008965130997488129,-0.009382397378899157,-0.00973082402023202,-0.009443322927548124,-0.00952349636585861,-0.009409034338005207,0.00025123119475631517,61
0.4289367198944092,0.011616708822080305,0.004492664337158203,8.888692292003437e-05,0.8,0.1,-1,20,500,100,0.5,0.5,0.8,"{'colsample_bytree': 0.8, 'learning_rate': 0.1, 'max_depth': -1, 'min_child_samples': 20, 'n_estimators': 500, 'num_leaves': 100, 'reg_alpha': 0.5, 'reg_lambda': 0.5, 'subsample': 0.8}",-0.009114253220502872,-0.009569032477200635,-0.009751074654185406,-0.009639312508430507,-0.009691342014555102,-0.009553002974974903,0.00022741051318416936,189
0.43622603416442873,0.010953995960860092,0.004572534561157226,0.00010840435293178201,0.8,0.1,-1,20,500,100,0.5,1.0,0.8,"{'colsample_bytree': 0.8, 'learning_rate': 0.1, 'max_depth': -1, 'min_child_samples': 20, 'n_estimators': 500, 'num_leaves': 100, 'reg_alpha': 0.5, 'reg_lambda': 1.0, 'subsample': 0.8}",-0.009097491537824957,-0.009535886156936114,-0.009644807202068369,-0.009585398195871342,-0.009949275516133187,-0.009562571721766795,0.00027343563907565046,195
0.3455056190490723,0.03524770732314286,0.004556894302368164,0.0002745980951976532,0.8,0.1,-1,20,500,100,1.0,0.0,0.8,"{'colsample_bytree': 0.8, 'learning_rate': 0.1, 'max_depth': -1, 'min_child_samples': 20, 'n_estimators': 500, 'num_leaves': 100, 'reg_alpha': 1.0, 'reg_lambda': 0.0, 'subsample': 0.8}",-0.009289583642378583,-0.009529096248991793,-0.010080411020401761,-0.009876905996041857,-0.009374595199160821,-0.009630118421394964,0.0003017048437987373,227
0.33263306617736815,0.005295377505362473,0.004647636413574218,4.85130197184048e-05,0.8,0.1,-1,20,500,100,1.0,0.5,0.8,"{'colsample_bytree': 0.8, 'learning_rate': 0.1, 'max_depth': -1, 'min_child_samples': 20, 'n_estimators': 500, 'num_leaves': 100, 'reg_alpha': 1.0, 'reg_lambda': 0.5, 'subsample': 0.8}",-0.009357107187648784,-0.009483093026717985,-0.009967904234606292,-0.009917485580026154,-0.009393569066482003,-0.009623831819096245,0.0002640411825324078,223
0.3632370948791504,0.012683078292566811,0.004348278045654297,0.00014306410095059002,0.8,0.1,-1,20,500,100,1.0,1.0,0.8,"{'colsample_bytree': 0.8, 'learning_rate': 0.1, 'max_depth': -1, 'min_child_samples': 20, 'n_estimators': 500, 'num_leaves': 100, 'reg_alpha': 1.0, 'reg_lambda': 1.0, 'subsample': 0.8}",-0.009358616667081633,-0.009542566624315027,-0.010172772858215693,-0.009820554079010372,-0.009435012689487885,-0.009665904583622122,0.00029791982037052613,277
1.1745971202850343,0.07373618254594538,0.014454030990600586,0.00017555105639070808,0.8,0.1,-1,20,700,31,0.0,0.0,0.8,"{'colsample_bytree': 0.8, 'learning_rate': 0.1, 'max_depth': -1, 'min_child_samples': 20, 'n_estimators': 700, 'num_leaves': 31, 'reg_alpha': 0.0, 'reg_lambda': 0.0, 'subsample': 0.8}",-0.008596972332448027,-0.009564656018839185,-0.009661816315867423,-0.009514497584988024,-0.009899376479151581,-0.009447463746258848,0.0004453617297212727,102
1.1528401374816895,0.019149448188978974,0.014903545379638672,0.0008158155783151121,0.8,0.1,-1,20,700,31,0.0,0.5,0.8,"{'colsample_bytree': 0.8, 'learning_rate': 0.1, 'max_depth': -1, 'min_child_samples': 20, 'n_estimators': 700, 'num_leaves': 31, 'reg_alpha': 0.0, 'reg_lambda': 0.5, 'subsample': 0.8}",-0.008508824085350877,-0.009644933826798933,-0.009816163805690671,-0.009276865005718078,-0.009671781515033489,-0.009383713647718412,0.00047224582494830383,47
1.1445261478424071,0.010024376611758236,0.014751338958740234,0.0004948569896907164,0.8,0.1,-1,20,700,31,0.0,1.0,0.8,"{'colsample_bytree': 0.8, 'learning_rate': 0.1, 'max_depth': -1, 'min_child_samples': 20, 'n_estimators': 700, 'num_leaves': 31, 'reg_alpha': 0.0, 'reg_lambda': 1.0, 'subsample': 0.8}",-0.008529339544903706,-0.009482083387680806,-0.009859096077618106,-0.009232066901407562,-0.00997865843520984,-0.009416248869364005,0.0005171621603617746,67
0.5301186084747315,0.02768509943092217,0.005578851699829102,7.167761854744594e-05,0.8,0.1,-1,20,700,31,0.5,0.0,0.8,"{'colsample_bytree': 0.8, 'learning_rate': 0.1, 'max_depth': -1, 'min_child_samples': 20, 'n_estimators': 700, 'num_leaves': 31, 'reg_alpha': 0.5, 'reg_lambda': 0.0, 'subsample': 0.8}",-0.008651556738727601,-0.009450289115472655,-0.009975264913501241,-0.009506559738579803,-0.009824930874275196,-0.0094817202761113,0.0004587278581783802,137
0.5832362174987793,0.009744754580588797,0.0058289051055908205,0.00037407923382933934,0.8,0.1,-1,20,700,31,0.5,0.5,0.8,"{'colsample_bytree': 0.8, 'learning_rate': 0.1, 'max_depth': -1, 'min_child_samples': 20, 'n_estimators': 700, 'num_leaves': 31, 'reg_alpha': 0.5, 'reg_lambda': 0.5, 'subsample': 0.8}",-0.008997486950892458,-0.009314503161933439,-0.009637132193623695,-0.009845470961978763,-0.009529711642055393,-0.009464860982096748,0.0002897560678682096,126
0.5785210132598877,0.009855553243617043,0.005597543716430664,0.00015411937580675768,0.8,0.1,-1,20,700,31,0.5,1.0,0.8,"{'colsample_bytree': 0.8, 'learning_rate': 0.1, 'max_depth': -1, 'min_child_samples': 20, 'n_estimators': 700, 'num_leaves': 31, 'reg_alpha': 0.5, 'reg_lambda': 1.0, 'subsample': 0.8}",-0.008964178360714885,-0.009218662301435301,-0.009870732125131053,-0.00980382351827024,-0.009599245304015134,-0.009491328321913323,0.0003479886230850156,147
0.35982441902160645,0.015498949906641043,0.00475616455078125,0.0001427744255220493,0.8,0.1,-1,20,700,31,1.0,0.0,0.8,"{'colsample_bytree': 0.8, 'learning_rate': 0.1, 'max_depth': -1, 'min_child_samples': 20, 'n_estimators': 700, 'num_leaves': 31, 'reg_alpha': 1.0, 'reg_lambda': 0.0, 'subsample': 0.8}",-0.009047718055566487,-0.009357352683265487,-0.010086618293200816,-0.00987326598554608,-0.009894074039369025,-0.009651805811389578,0.0003868914728349589,245
0.350645637512207,0.006856111850118973,0.004668045043945313,8.847705439648984e-05,0.8,0.1,-1,20,700,31,1.0,0.5,0.8,"{'colsample_bytree': 0.8, 'learning_rate': 0.1, 'max_depth': -1, 'min_child_samples': 20, 'n_estimators': 700, 'num_leaves': 31, 'reg_alpha': 1.0, 'reg_lambda': 0.5, 'subsample': 0.8}",-0.009102961317128754,-0.009508511812123286,-0.010060964946070188,-0.009802381191635238,-0.009824828740102966,-0.009659929601412086,0.00032907584103782756,257
0.35978198051452637,0.012310486880239464,0.004623794555664062,0.00010800573207980766,0.8,0.1,-1,20,700,31,1.0,1.0,0.8,"{'colsample_bytree': 0.8, 'learning_rate': 0.1, 'max_depth': -1, 'min_child_samples': 20, 'n_estimators': 700, 'num_leaves': 31, 'reg_alpha': 1.0, 'reg_lambda': 1.0, 'subsample': 0.8}",-0.008923943897974228,-0.009464139876892222,-0.010072409143025264,-0.010022852380035948,-0.009699091572532823,-0.009636487374092095,0.00041967769949317446,233
1.8311437606811523,0.018909077816996432,0.021650123596191406,0.0005598763629022169,0.8,0.1,-1,20,700,50,0.0,0.0,0.8,"{'colsample_bytree': 0.8, 'learning_rate': 0.1, 'max_depth': -1, 'min_child_samples': 20, 'n_estimators': 700, 'num_leaves': 50, 'reg_alpha': 0.0, 'reg_lambda': 0.0, 'subsample': 0.8}",-0.008384014311156105,-0.00947520147380579,-0.009655017367475165,-0.008970107869417617,-0.009492056475183707,-0.009195279499407677,0.0004661856413615037,1
1.8415855407714843,0.06800225643616303,0.020035982131958008,0.0008966182877520995,0.8,0.1,-1,20,700,50,0.0,0.5,0.8,"{'colsample_bytree': 0.8, 'learning_rate': 0.1, 'max_depth': -1, 'min_child_samples': 20, 'n_estimators': 700, 'num_leaves': 50, 'reg_alpha': 0.0, 'reg_lambda': 0.5, 'subsample': 0.8}",-0.008609133928029674,-0.009496794987165753,-0.009373307275260595,-0.00959539406273636,-0.00985599385666476,-0.009386124821971428,0.00041968977808143126,48
1.6464141368865968,0.07767184192438543,0.021042442321777342,0.0015502046900563368,0.8,0.1,-1,20,700,50,0.0,1.0,0.8,"{'colsample_bytree': 0.8, 'learning_rate': 0.1, 'max_depth': -1, 'min_child_samples': 20, 'n_estimators': 700, 'num_leaves': 50, 'reg_alpha': 0.0, 'reg_lambda': 1.0, 'subsample': 0.8}",-0.00870838726236356,-0.009307887525055063,-0.00946121540289851,-0.009499974792469142,-0.00990734522468805,-0.009376962041494864,0.0003886645368273457,35
0.5329737186431884,0.012018640851842635,0.004931068420410157,0.00027322434628021416,0.8,0.1,-1,20,700,50,0.5,0.0,0.8,"{'colsample_bytree': 0.8, 'learning_rate': 0.1, 'max_depth': -1, 'min_child_samples': 20, 'n_estimators': 700, 'num_leaves': 50, 'reg_alpha': 0.5, 'reg_lambda': 0.0, 'subsample': 0.8}",-0.008937772139079732,-0.009443170496033505,-0.009859160557536306,-0.00981772569996308,-0.009457631886286294,-0.009503092155779784,0.00033197076273241364,167
0.5666826725006103,0.026044731781374633,0.005307960510253906,0.00015100171771576892,0.8,0.1,-1,20,700,50,0.5,0.5,0.8,"{'colsample_bytree': 0.8, 'learning_rate': 0.1, 'max_depth': -1, 'min_child_samples': 20, 'n_estimators': 700, 'num_leaves': 50, 'reg_alpha': 0.5, 'reg_lambda': 0.5, 'subsample': 0.8}",-0.008834232693135732,-0.009577661712352236,-0.009726831301390744,-0.009755205134036863,-0.009661026341877299,-0.009510991436558574,0.0003438560665669437,175
0.563700532913208,0.011821082099908422,0.005143880844116211,0.00018582375256965172,0.8,0.1,-1,20,700,50,0.5,1.0,0.8,"{'colsample_bytree': 0.8, 'learning_rate': 0.1, 'max_depth': -1, 'min_child_samples': 20, 'n_estimators': 700, 'num_leaves': 50, 'reg_alpha': 0.5, 'reg_lambda': 1.0, 'subsample': 0.8}",-0.0087780296509262,-0.009522736656188645,-0.009784665376834449,-0.009730514867952577,-0.009633249362367646,-0.009489839182853904,0.0003669247342815364,143
0.38169069290161134,0.007818944782283163,0.004148006439208984,6.938152704366847e-05,0.8,0.1,-1,20,700,50,1.0,0.0,0.8,"{'colsample_bytree': 0.8, 'learning_rate': 0.1, 'max_depth': -1, 'min_child_samples': 20, 'n_estimators': 700, 'num_leaves': 50, 'reg_alpha': 1.0, 'reg_lambda': 0.0, 'subsample': 0.8}",-0.00924131383645872,-0.009577270947513152,-0.009947094884098121,-0.009831543318136514,-0.009452383732483182,-0.009609921343737938,0.00025477752554392726,215
0.39608588218688967,0.0237129251654742,0.004442739486694336,0.00046056373856288033,0.8,0.1,-1,20,700,50,1.0,0.5,0.8,"{'colsample_bytree': 0.8, 'learning_rate': 0.1, 'max_depth': -1, 'min_child_samples': 20, 'n_estimators': 700, 'num_leaves': 50, 'reg_alpha': 1.0, 'reg_lambda': 0.5, 'subsample': 0.8}",-0.009366937286303025,-0.009647769341732353,-0.009854090906463215,-0.009873212662485902,-0.009524739391162905,-0.00965334991762948,0.0001935151554284277,249
0.38507709503173826,0.011830505893517466,0.004220342636108399,8.85789164226769e-05,0.8,0.1,-1,20,700,50,1.0,1.0,0.8,"{'colsample_bytree': 0.8, 'learning_rate': 0.1, 'max_depth': -1, 'min_child_samples': 20, 'n_estimators': 700, 'num_leaves': 50, 'reg_alpha': 1.0, 'reg_lambda': 1.0, 'subsample': 0.8}",-0.009248318241033003,-0.009535856741606218,-0.01012319158673947,-0.009918366733844981,-0.009260341805902957,-0.009617215021825326,0.0003512170652962665,219
3.002726936340332,0.053707537290835605,0.02776799201965332,0.0013455108234994757,0.8,0.1,-1,20,700,100,0.0,0.0,0.8,"{'colsample_bytree': 0.8, 'learning_rate': 0.1, 'max_depth': -1, 'min_child_samples': 20, 'n_estimators': 700, 'num_leaves': 100, 'reg_alpha': 0.0, 'reg_lambda': 0.0, 'subsample': 0.8}",-0.008822366578181572,-0.009627018513794848,-0.009660628611909755,-0.009634526081057335,-0.009822581327144487,-0.0095134242224176,0.00035281078173588057,180
2.951238584518433,0.07638020106916073,0.028551721572875978,0.0010166223075854647,0.8,0.1,-1,20,700,100,0.0,0.5,0.8,"{'colsample_bytree': 0.8, 'learning_rate': 0.1, 'max_depth': -1, 'min_child_samples': 20, 'n_estimators': 700, 'num_leaves': 100, 'reg_alpha': 0.0, 'reg_lambda': 0.5, 'subsample': 0.8}",-0.00862997243281147,-0.00961191605510056,-0.009678325332041115,-0.00937856487491996,-0.009698042052938376,-0.009399364149562295,0.0004011489417843425,54
2.974860191345215,0.08796741665354439,0.02916426658630371,0.0025053222386463153,0.8,0.1,-1,20,700,100,0.0,1.0,0.8,"{'colsample_bytree': 0.8, 'learning_rate': 0.1, 'max_depth': -1, 'min_child_samples': 20, 'n_estimators': 700, 'num_leaves': 100, 'reg_alpha': 0.0, 'reg_lambda': 1.0, 'subsample': 0.8}",-0.008515090398369988,-0.009690121683093253,-0.009681610839116948,-0.009437034451517229,-0.009796881478909161,-0.009424147770201317,0.00046957664840531157,75
0.5240715503692627,0.00929879412394764,0.0052486896514892575,6.064397656193588e-05,0.8,0.1,-1,20,700,100,0.5,0.0,0.8,"{'colsample_bytree': 0.8, 'learning_rate': 0.1, 'max_depth': -1, 'min_child_samples': 20, 'n_estimators': 700, 'num_leaves': 100, 'reg_alpha': 0.5, 'reg_lambda': 0.0, 'subsample': 0.8}",-0.008965130997488129,-0.009382397378899157,-0.00973082402023202,-0.009443322927548124,-0.00952349636585861,-0.009409034338005207,0.00025123119475631517,61
0.5524463653564453,0.017247738731567295,0.0050733089447021484,0.00032267602557198375,0.8,0.1,-1,20,700,100,0.5,0.5,0.8,"{'colsample_bytree': 0.8, 'learning_rate': 0.1, 'max_depth': -1, 'min_child_samples': 20, 'n_estimators': 700, 'num_leaves': 100, 'reg_alpha': 0.5, 'reg_lambda': 0.5, 'subsample': 0.8}",-0.009114253220502872,-0.009569032477200635,-0.009751074654185406,-0.009639312508430507,-0.009691342014555102,-0.009553002974974903,0.00022741051318416936,189
0.5425631523132324,0.0033892216330102063,0.00488576889038086,7.893240904708038e-05,0.8,0.1,-1,20,700,100,0.5,1.0,0.8,"{'colsample_bytree': 0.8, 'learning_rate': 0.1, 'max_depth': -1, 'min_child_samples': 20, 'n_estimators': 700, 'num_leaves': 100, 'reg_alpha': 0.5, 'reg_lambda': 1.0, 'subsample': 0.8}",-0.009097491537824957,-0.009535886156936114,-0.009644807202068369,-0.009585398195871342,-0.009949275516133187,-0.009562571721766795,0.00027343563907565046,195
0.3814352035522461,0.007746438217366635,0.00414881706237793,0.00015326718283787945,0.8,0.1,-1,20,700,100,1.0,0.0,0.8,"{'colsample_bytree': 0.8, 'learning_rate': 0.1, 'max_depth': -1, 'min_child_samples': 20, 'n_estimators': 700, 'num_leaves': 100, 'reg_alpha': 1.0, 'reg_lambda': 0.0, 'subsample': 0.8}",-0.009289583642378583,-0.009529096248991793,-0.010080411020401761,-0.009876905996041857,-0.009374595199160821,-0.009630118421394964,0.0003017048437987373,227
0.3548563003540039,0.03740974138957913,0.004002761840820312,0.00017158476126434162,0.8,0.1,-1,20,700,100,1.0,0.5,0.8,"{'colsample_bytree': 0.8, 'learning_rate': 0.1, 'max_depth': -1, 'min_child_samples': 20, 'n_estimators': 700, 'num_leaves': 100, 'reg_alpha': 1.0, 'reg_lambda': 0.5, 'subsample': 0.8}",-0.009357107187648784,-0.009483093026717985,-0.009967904234606292,-0.009917485580026154,-0.009393569066482003,-0.009623831819096245,0.0002640411825324078,223
0.40142216682434084,0.02148372485959089,0.0043850898742675785,0.0002671326111943114,0.8,0.1,-1,20,700,100,1.0,1.0,0.8,"{'colsample_bytree': 0.8, 'learning_rate': 0.1, 'max_depth': -1, 'min_child_samples': 20, 'n_estimators': 700, 'num_leaves': 100, 'reg_alpha': 1.0, 'reg_lambda': 1.0, 'subsample': 0.8}",-0.009358616667081633,-0.009542566624315027,-0.010172772858215693,-0.009820554079010372,-0.009435012689487885,-0.009665904583622122,0.00029791982037052613,277
0.8552923202514648,0.010440144598935486,0.010746526718139648,0.0010052801184319497,0.8,0.1,-1,30,500,31,0.0,0.0,0.8,"{'colsample_bytree': 0.8, 'learning_rate': 0.1, 'max_depth': -1, 'min_child_samples': 30, 'n_estimators': 500, 'num_leaves': 31, 'reg_alpha': 0.0, 'reg_lambda': 0.0, 'subsample': 0.8}",-0.008700165971771864,-0.009294818013826065,-0.009784785202558377,-0.009523995752986486,-0.009600338768636979,-0.009380820741955955,0.0003748498149049753,41
0.8560247421264648,0.0072188765551672905,0.010632038116455078,0.000893504243711615,0.8,0.1,-1,30,500,31,0.0,0.5,0.8,"{'colsample_bytree': 0.8, 'learning_rate': 0.1, 'max_depth': -1, 'min_child_samples': 30, 'n_estimators': 500, 'num_leaves': 31, 'reg_alpha': 0.0, 'reg_lambda': 0.5, 'subsample': 0.8}",-0.008610367199222995,-0.009242598795769386,-0.009867133964198128,-0.00959254455516384,-0.010026203591956875,-0.009467769621262244,0.0005045294790468513,130
0.8597499370574951,0.003608064333386064,0.010505771636962891,0.0006625102031625201,0.8,0.1,-1,30,500,31,0.0,1.0,0.8,"{'colsample_bytree': 0.8, 'learning_rate': 0.1, 'max_depth': -1, 'min_child_samples': 30, 'n_estimators': 500, 'num_leaves': 31, 'reg_alpha': 0.0, 'reg_lambda': 1.0, 'subsample': 0.8}",-0.008428116836047267,-0.009275404298192612,-0.009686119682720975,-0.009528795724886255,-0.009782282858871984,-0.009340143880143818,0.00048718788852744003,16
0.508759880065918,0.011155076945453993,0.006710958480834961,0.002983040952467774,0.8,0.1,-1,30,500,31,0.5,0.0,0.8,"{'colsample_bytree': 0.8, 'learning_rate': 0.1, 'max_depth': -1, 'min_child_samples': 30, 'n_estimators': 500, 'num_leaves': 31, 'reg_alpha': 0.5, 'reg_lambda': 0.0, 'subsample': 0.8}",-0.008927997298626755,-0.009245954165556274,-0.009768263484641241,-0.00953183768663151,-0.00967024032280738,-0.009428858591652631,0.0003060658685511118,77
0.5083023071289062,0.013384694901846505,0.0052454471588134766,0.00015721813555182103,0.8,0.1,-1,30,500,31,0.5,0.5,0.8,"{'colsample_bytree': 0.8, 'learning_rate': 0.1, 'max_depth': -1, 'min_child_samples': 30, 'n_estimators': 500, 'num_leaves': 31, 'reg_alpha': 0.5, 'reg_lambda': 0.5, 'subsample': 0.8}",-0.008588829507786177,-0.009207632588900517,-0.00999470286882977,-0.00984179973492667,-0.009872572467015417,-0.00950110743349171,0.0005321790050935496,163
0.5153605461120605,0.009741732258787508,0.005289888381958008,8.904486763692175e-05,0.8,0.1,-1,30,500,31,0.5,1.0,0.8,"{'colsample_bytree': 0.8, 'learning_rate': 0.1, 'max_depth': -1, 'min_child_samples': 30, 'n_estimators': 500, 'num_leaves': 31, 'reg_alpha': 0.5, 'reg_lambda': 1.0, 'subsample': 0.8}",-0.008737225807936538,-0.0093204072520745,-0.009781965925477204,-0.00962556787814073,-0.009745747056253102,-0.009442182783976414,0.00038807926037085665,92
0.3347639560699463,0.009735465005106038,0.004231882095336914,0.00010405941603134876,0.8,0.1,-1,30,500,31,1.0,0.0,0.8,"{'colsample_bytree': 0.8, 'learning_rate': 0.1, 'max_depth': -1, 'min_child_samples': 30, 'n_estimators': 500, 'num_leaves': 31, 'reg_alpha': 1.0, 'reg_lambda': 0.0, 'subsample': 0.8}",-0.009040169523914064,-0.009495409816098598,-0.01024897642600645,-0.00984069432424921,-0.009647931914292588,-0.009654636400912181,0.00039769968937518503,253
0.3314806938171387,0.005728040061756287,0.004183912277221679,8.233233920483146e-05,0.8,0.1,-1,30,500,31,1.0,0.5,0.8,"{'colsample_bytree': 0.8, 'learning_rate': 0.1, 'max_depth': -1, 'min_child_samples': 30, 'n_estimators': 500, 'num_leaves': 31, 'reg_alpha': 1.0, 'reg_lambda': 0.5, 'subsample': 0.8}",-0.009235280232381321,-0.009401237495231123,-0.010142153159131539,-0.009868116816735677,-0.009735663855433592,-0.00967649031178265,0.00032480596061484847,297
0.32957305908203127,0.02421502141419412,0.004712820053100586,0.0009782105631209992,0.8,0.1,-1,30,500,31,1.0,1.0,0.8,"{'colsample_bytree': 0.8, 'learning_rate': 0.1, 'max_depth': -1, 'min_child_samples': 30, 'n_estimators': 500, 'num_leaves': 31, 'reg_alpha': 1.0, 'reg_lambda': 1.0, 'subsample': 0.8}",-0.009365321706311202,-0.00944231941826829,-0.010069162432343334,-0.010080513071829196,-0.00945929490072639,-0.009683322305895681,0.00032125633353062767,301
1.1722182273864745,0.09618208877189388,0.016645288467407225,0.0022553284881758947,0.8,0.1,-1,30,500,50,0.0,0.0,0.8,"{'colsample_bytree': 0.8, 'learning_rate': 0.1, 'max_depth': -1, 'min_child_samples': 30, 'n_estimators': 500, 'num_leaves': 50, 'reg_alpha': 0.0, 'reg_lambda': 0.0, 'subsample': 0.8}",-0.00855954862247147,-0.00930234443968319,-0.009874795893388603,-0.009425963007186178,-0.009630636973868418,-0.009358657787319572,0.000444217934248458,30
1.387116050720215,0.007282364443519093,0.016349935531616212,0.0003661499183701361,0.8,0.1,-1,30,500,50,0.0,0.5,0.8,"{'colsample_bytree': 0.8, 'learning_rate': 0.1, 'max_depth': -1, 'min_child_samples': 30, 'n_estimators': 500, 'num_leaves': 50, 'reg_alpha': 0.0, 'reg_lambda': 0.5, 'subsample': 0.8}",-0.008703405591813065,-0.009529148466279298,-0.009736568034268329,-0.00929799004896342,-0.009742252217087851,-0.009401872871682393,0.00038541567418079665,58
1.3287615776062012,0.06705646740674397,0.01636819839477539,0.0012516586243165669,0.8,0.1,-1,30,500,50,0.0,1.0,0.8,"{'colsample_bytree': 0.8, 'learning_rate': 0.1, 'max_depth': -1, 'min_child_samples': 30, 'n_estimators': 500, 'num_leaves': 50, 'reg_alpha': 0.0, 'reg_lambda': 1.0, 'subsample': 0.8}",-0.008643746650334632,-0.009474623638732412,-0.009810921065153631,-0.009605088704767875,-0.009813186623898266,-0.009469513336577364,0.0004324275618657932,136
0.4609774112701416,0.010723689547334811,0.0055561065673828125,7.262591530205949e-05,0.8,0.1,-1,30,500,50,0.5,0.0,0.8,"{'colsample_bytree': 0.8, 'learning_rate': 0.1, 'max_depth': -1, 'min_child_samples': 30, 'n_estimators': 500, 'num_leaves': 50, 'reg_alpha': 0.5, 'reg_lambda': 0.0, 'subsample': 0.8}",-0.008730118795634095,-0.009432913477966142,-0.009754358545128735,-0.009794538615129052,-0.009591780062791894,-0.009460741899329984,0.0003871399031723907,113
0.47847423553466795,0.014260599956818623,0.005589580535888672,8.356053870999222e-05,0.8,0.1,-1,30,500,50,0.5,0.5,0.8,"{'colsample_bytree': 0.8, 'learning_rate': 0.1, 'max_depth': -1, 'min_child_samples': 30, 'n_estimators': 500, 'num_leaves': 50, 'reg_alpha': 0.5, 'reg_lambda': 0.5, 'subsample': 0.8}",-0.008782708824374668,-0.00937128165623031,-0.009972383049376123,-0.009790550969250965,-0.009616859410872189,-0.00950675678202085,0.000412811943896092,171
0.5323978424072265,0.047033334453389884,0.005484294891357422,0.0004976012317055153,0.8,0.1,-1,30,500,50,0.5,1.0,0.8,"{'colsample_bytree': 0.8, 'learning_rate': 0.1, 'max_depth': -1, 'min_child_samples': 30, 'n_estimators': 500, 'num_leaves': 50, 'reg_alpha': 0.5, 'reg_lambda': 1.0, 'subsample': 0.8}",-0.008862181549453656,-0.009313696490073341,-0.009872205405853096,-0.009747526737055435,-0.009497941441989377,-0.009458710324884982,0.0003557549085191865,109
0.3433509826660156,0.012604616329228583,0.00424041748046875,0.0001301171093754833,0.8,0.1,-1,30,500,50,1.0,0.0,0.8,"{'colsample_bytree': 0.8, 'learning_rate': 0.1, 'max_depth': -1, 'min_child_samples': 30, 'n_estimators': 500, 'num_leaves': 50, 'reg_alpha': 1.0, 'reg_lambda': 0.0, 'subsample': 0.8}",-0.009260563147437336,-0.00959713127253432,-0.010133503044324999,-0.009990006282051031,-0.009592101151065072,-0.00971466097948255,0.000311859806821346,313
0.3390540599822998,0.002829008189235068,0.004577732086181641,0.0004038536722285511,0.8,0.1,-1,30,500,50,1.0,0.5,0.8,"{'colsample_bytree': 0.8, 'learning_rate': 0.1, 'max_depth': -1, 'min_child_samples': 30, 'n_estimators': 500, 'num_leaves': 50, 'reg_alpha': 1.0, 'reg_lambda': 0.5, 'subsample': 0.8}",-0.009141070738094902,-0.00947327407333254,-0.010085719572771348,-0.009876451255203105,-0.00972651048049099,-0.009660605223978578,0.0003276169298450953,261
0.33945889472961427,0.010989684956990596,0.004738616943359375,8.426839162728625e-05,0.8,0.1,-1,30,500,50,1.0,1.0,0.8,"{'colsample_bytree': 0.8, 'learning_rate': 0.1, 'max_depth': -1, 'min_child_samples': 30, 'n_estimators': 500, 'num_leaves': 50, 'reg_alpha': 1.0, 'reg_lambda': 1.0, 'subsample': 0.8}",-0.009244649562857669,-0.009399769963561498,-0.00994266651518807,-0.010015818899529762,-0.00974127898089451,-0.0096688367844063,0.0003009846954621716,285
1.4526115894317626,0.025772408368335522,0.016853904724121092,0.0004108428124929785,0.8,0.1,-1,30,500,100,0.0,0.0,0.8,"{'colsample_bytree': 0.8, 'learning_rate': 0.1, 'max_depth': -1, 'min_child_samples': 30, 'n_estimators': 500, 'num_leaves': 100, 'reg_alpha': 0.0, 'reg_lambda': 0.0, 'subsample': 0.8}",-0.008409330853611023,-0.009461350657267666,-0.009947033819682143,-0.009592721281381614,-0.009784263099782772,-0.009438939942345044,0.0005406761114073993,90
1.4530790328979493,0.011796955995242662,0.017229175567626952,0.0011457232103740974,0.8,0.1,-1,30,500,100,0.0,0.5,0.8,"{'colsample_bytree': 0.8, 'learning_rate': 0.1, 'max_depth': -1, 'min_child_samples': 30, 'n_estimators': 500, 'num_leaves': 100, 'reg_alpha': 0.0, 'reg_lambda': 0.5, 'subsample': 0.8}",-0.008342136974983577,-0.009168025707772635,-0.009702361260006587,-0.009580420593150542,-0.009941635913139341,-0.009346916089810536,0.0005614517127472533,20
1.4515899181365968,0.012690501126821168,0.016736221313476563,0.00023824749530346282,0.8,0.1,-1,30,500,100,0.0,1.0,0.8,"{'colsample_bytree': 0.8, 'learning_rate': 0.1, 'max_depth': -1, 'min_child_samples': 30, 'n_estimators': 500, 'num_leaves': 100, 'reg_alpha': 0.0, 'reg_lambda': 1.0, 'subsample': 0.8}",-0.008570116066934625,-0.00935726074065285,-0.009395418405252577,-0.009434570854308245,-0.009770296465993339,-0.009305532506628328,0.00039604268907155723,14
0.470933723449707,0.007697900004806098,0.005480575561523438,0.00011760097859462763,0.8,0.1,-1,30,500,100,0.5,0.0,0.8,"{'colsample_bytree': 0.8, 'learning_rate': 0.1, 'max_depth': -1, 'min_child_samples': 30, 'n_estimators': 500, 'num_leaves': 100, 'reg_alpha': 0.5, 'reg_lambda': 0.0, 'subsample': 0.8}",-0.008926979577569832,-0.009090818218525117,-0.009890472835797637,-0.009861063992706925,-0.009720262247909943,-0.009497919374501892,0.0004067215730645096,159
0.4623691558837891,0.0022631568194439932,0.005586004257202149,8.99190985194436e-05,0.8,0.1,-1,30,500,100,0.5,0.5,0.8,"{'colsample_bytree': 0.8, 'learning_rate': 0.1, 'max_depth': -1, 'min_child_samples': 30, 'n_estimators': 500, 'num_leaves': 100, 'reg_alpha': 0.5, 'reg_lambda': 0.5, 'subsample': 0.8}",-0.008943338426061724,-0.00946548856917625,-0.009837845762077626,-0.009637872162142654,-0.00959919511420864,-0.009496748006733379,0.0003013298631687465,155
0.47791204452514646,0.010468164786694921,0.005644607543945313,5.488836882197709e-05,0.8,0.1,-1,30,500,100,0.5,1.0,0.8,"{'colsample_bytree': 0.8, 'learning_rate': 0.1, 'max_depth': -1, 'min_child_samples': 30, 'n_estimators': 500, 'num_leaves': 100, 'reg_alpha': 0.5, 'reg_lambda': 1.0, 'subsample': 0.8}",-0.008951059195292784,-0.009349918568600322,-0.009875664915318808,-0.010041918178984578,-0.009607305438650682,-0.009565173259369434,0.0003870236615295935,199
0.34842472076416015,0.019807809935317805,0.005046749114990234,0.0006487526921498016,0.8,0.1,-1,30,500,100,1.0,0.0,0.8,"{'colsample_bytree': 0.8, 'learning_rate': 0.1, 'max_depth': -1, 'min_child_samples': 30, 'n_estimators': 500, 'num_leaves': 100, 'reg_alpha': 1.0, 'reg_lambda': 0.0, 'subsample': 0.8}",-0.009260563147437336,-0.00959713127253432,-0.010133503044324999,-0.009990006282051031,-0.009592101151065072,-0.00971466097948255,0.000311859806821346,313
0.3244781494140625,0.003430544788526085,0.004355859756469726,0.000315401933292986,0.8,0.1,-1,30,500,100,1.0,0.5,0.8,"{'colsample_bytree': 0.8, 'learning_rate': 0.1, 'max_depth': -1, 'min_child_samples': 30, 'n_estimators': 500, 'num_leaves': 100, 'reg_alpha': 1.0, 'reg_lambda': 0.5, 'subsample': 0.8}",-0.009141070738094902,-0.00947327407333254,-0.010085719572771348,-0.009876451255203105,-0.00972651048049099,-0.009660605223978578,0.0003276169298450953,261
0.34998435974121095,0.020624386065415917,0.006106710433959961,0.003536766801770652,0.8,0.1,-1,30,500,100,1.0,1.0,0.8,"{'colsample_bytree': 0.8, 'learning_rate': 0.1, 'max_depth': -1, 'min_child_samples': 30, 'n_estimators': 500, 'num_leaves': 100, 'reg_alpha': 1.0, 'reg_lambda': 1.0, 'subsample': 0.8}",-0.009244649562857669,-0.009399769963561498,-0.00994266651518807,-0.010015818899529762,-0.00974127898089451,-0.0096688367844063,0.0003009846954621716,285
1.1065239906311035,0.06072369008015925,0.01615567207336426,0.000893701368130509,0.8,0.1,-1,30,700,31,0.0,0.0,0.8,"{'colsample_bytree': 0.8, 'learning_rate': 0.1, 'max_depth': -1, 'min_child_samples': 30, 'n_estimators': 700, 'num_leaves': 31, 'reg_alpha': 0.0, 'reg_lambda': 0.0, 'subsample': 0.8}",-0.008694744938248766,-0.0092852716693527,-0.009799675432972079,-0.009515341556933742,-0.009609504310117648,-0.009380907581524985,0.0003809621693023911,42
1.1746228218078614,0.017580355550926612,0.01600675582885742,0.00042380444314863087,0.8,0.1,-1,30,700,31,0.0,0.5,0.8,"{'colsample_bytree': 0.8, 'learning_rate': 0.1, 'max_depth': -1, 'min_child_samples': 30, 'n_estimators': 700, 'num_leaves': 31, 'reg_alpha': 0.0, 'reg_lambda': 0.5, 'subsample': 0.8}",-0.00860236533947921,-0.009240281031647656,-0.009864519587887016,-0.009583615978402578,-0.010025985984838932,-0.009463353584451079,0.0005065598771067209,125
1.1577446937561036,0.004824092936049362,0.017480087280273438,0.00163687592170442,0.8,0.1,-1,30,700,31,0.0,1.0,0.8,"{'colsample_bytree': 0.8, 'learning_rate': 0.1, 'max_depth': -1, 'min_child_samples': 30, 'n_estimators': 700, 'num_leaves': 31, 'reg_alpha': 0.0, 'reg_lambda': 1.0, 'subsample': 0.8}",-0.008408977855276294,-0.009276423572286549,-0.009689165950068045,-0.009530263339870115,-0.009770066599528077,-0.009334979463405816,0.0004927052762866175,15
0.5108899116516114,0.04420326330704071,0.005532312393188477,0.00038092697991436153,0.8,0.1,-1,30,700,31,0.5,0.0,0.8,"{'colsample_bytree': 0.8, 'learning_rate': 0.1, 'max_depth': -1, 'min_child_samples': 30, 'n_estimators': 700, 'num_leaves': 31, 'reg_alpha': 0.5, 'reg_lambda': 0.0, 'subsample': 0.8}",-0.008927997298626755,-0.009245954165556274,-0.009768263484641241,-0.00953183768663151,-0.00967024032280738,-0.009428858591652631,0.0003060658685511118,77
0.5157444953918457,0.01433962577595255,0.0056645870208740234,0.00018129170661224092,0.8,0.1,-1,30,700,31,0.5,0.5,0.8,"{'colsample_bytree': 0.8, 'learning_rate': 0.1, 'max_depth': -1, 'min_child_samples': 30, 'n_estimators': 700, 'num_leaves': 31, 'reg_alpha': 0.5, 'reg_lambda': 0.5, 'subsample': 0.8}",-0.008588829507786177,-0.009207632588900517,-0.00999470286882977,-0.00984179973492667,-0.009872572467015417,-0.00950110743349171,0.0005321790050935496,163
0.45319561958312987,0.04366012845155939,0.005004215240478516,0.0004235219590108428,0.8,0.1,-1,30,700,31,0.5,1.0,0.8,"{'colsample_bytree': 0.8, 'learning_rate': 0.1, 'max_depth': -1, 'min_child_samples': 30, 'n_estimators': 700, 'num_leaves': 31, 'reg_alpha': 0.5, 'reg_lambda': 1.0, 'subsample': 0.8}",-0.008737225807936538,-0.0093204072520745,-0.009781965925477204,-0.00962556787814073,-0.009745747056253102,-0.009442182783976414,0.00038807926037085665,92
0.34824428558349607,0.04276371108552761,0.004277992248535156,0.0003964606455945674,0.8,0.1,-1,30,700,31,1.0,0.0,0.8,"{'colsample_bytree': 0.8, 'learning_rate': 0.1, 'max_depth': -1, 'min_child_samples': 30, 'n_estimators': 700, 'num_leaves': 31, 'reg_alpha': 1.0, 'reg_lambda': 0.0, 'subsample': 0.8}",-0.009040169523914064,-0.009495409816098598,-0.01024897642600645,-0.00984069432424921,-0.009647931914292588,-0.009654636400912181,0.00039769968937518503,253
0.36250972747802734,0.007794271624077554,0.004425430297851562,0.0003807508907973899,0.8,0.1,-1,30,700,31,1.0,0.5,0.8,"{'colsample_bytree': 0.8, 'learning_rate': 0.1, 'max_depth': -1, 'min_child_samples': 30, 'n_estimators': 700, 'num_leaves': 31, 'reg_alpha': 1.0, 'reg_lambda': 0.5, 'subsample': 0.8}",-0.009235280232381321,-0.009401237495231123,-0.010142153159131539,-0.009868116816735677,-0.009735663855433592,-0.00967649031178265,0.00032480596061484847,297
0.37317452430725095,0.005712665816023285,0.00431671142578125,0.00016505906781578888,0.8,0.1,-1,30,700,31,1.0,1.0,0.8,"{'colsample_bytree': 0.8, 'learning_rate': 0.1, 'max_depth': -1, 'min_child_samples': 30, 'n_estimators': 700, 'num_leaves': 31, 'reg_alpha': 1.0, 'reg_lambda': 1.0, 'subsample': 0.8}",-0.009365321706311202,-0.00944231941826829,-0.010069162432343334,-0.010080513071829196,-0.00945929490072639,-0.009683322305895681,0.00032125633353062767,301
1.7805792808532714,0.11676961541287315,0.023655033111572264,0.0007193805584872382,0.8,0.1,-1,30,700,50,0.0,0.0,0.8,"{'colsample_bytree': 0.8, 'learning_rate': 0.1, 'max_depth': -1, 'min_child_samples': 30, 'n_estimators': 700, 'num_leaves': 50, 'reg_alpha': 0.0, 'reg_lambda': 0.0, 'subsample': 0.8}",-0.008556756976705923,-0.009302801945250874,-0.00987117799062571,-0.009422870731072772,-0.009630745438558463,-0.009356870616442749,0.0004442928687603322,23
1.849534034729004,0.0656669381433229,0.024653863906860352,0.0009488101100930067,0.8,0.1,-1,30,700,50,0.0,0.5,0.8,"{'colsample_bytree': 0.8, 'learning_rate': 0.1, 'max_depth': -1, 'min_child_samples': 30, 'n_estimators': 700, 'num_leaves': 50, 'reg_alpha': 0.0, 'reg_lambda': 0.5, 'subsample': 0.8}",-0.008700485495253405,-0.0095303368085288,-0.009730209010450254,-0.009295656494560213,-0.009742571315394492,-0.009399851824837432,0.00038563941190445354,55
1.6595262050628663,0.14890017193502267,0.02338376045227051,0.0008938058667407558,0.8,0.1,-1,30,700,50,0.0,1.0,0.8,"{'colsample_bytree': 0.8, 'learning_rate': 0.1, 'max_depth': -1, 'min_child_samples': 30, 'n_estimators': 700, 'num_leaves': 50, 'reg_alpha': 0.0, 'reg_lambda': 1.0, 'subsample': 0.8}",-0.008640764800627488,-0.009472995234497465,-0.009807867283452463,-0.009605237509552902,-0.009813500977140972,-0.009468073161054257,0.00043314150811966066,131
0.4676802635192871,0.05901026031742996,0.006777906417846679,0.004066313452499291,0.8,0.1,-1,30,700,50,0.5,0.0,0.8,"{'colsample_bytree': 0.8, 'learning_rate': 0.1, 'max_depth': -1, 'min_child_samples': 30, 'n_estimators': 700, 'num_leaves': 50, 'reg_alpha': 0.5, 'reg_lambda': 0.0, 'subsample': 0.8}",-0.008730118795634095,-0.009432913477966142,-0.009754358545128735,-0.009794538615129052,-0.009591780062791894,-0.009460741899329984,0.0003871399031723907,113
0.545433759689331,0.005352549251055959,0.005538511276245117,0.00011920312865549562,0.8,0.1,-1,30,700,50,0.5,0.5,0.8,"{'colsample_bytree': 0.8, 'learning_rate': 0.1, 'max_depth': -1, 'min_child_samples': 30, 'n_estimators': 700, 'num_leaves': 50, 'reg_alpha': 0.5, 'reg_lambda': 0.5, 'subsample': 0.8}",-0.008782708824374668,-0.00937128165623031,-0.009972383049376123,-0.009790550969250965,-0.009616859410872189,-0.00950675678202085,0.000412811943896092,171
0.5513597011566163,0.011476991745485342,0.005628776550292969,0.00011626854494754424,0.8,0.1,-1,30,700,50,0.5,1.0,0.8,"{'colsample_bytree': 0.8, 'learning_rate': 0.1, 'max_depth': -1, 'min_child_samples': 30, 'n_estimators': 700, 'num_leaves': 50, 'reg_alpha': 0.5, 'reg_lambda': 1.0, 'subsample': 0.8}",-0.008862181549453656,-0.009313696490073341,-0.009872205405853096,-0.009747526737055435,-0.009497941441989377,-0.009458710324884982,0.0003557549085191865,109
0.3799936294555664,0.011453904738379485,0.004680919647216797,0.00019253243727345565,0.8,0.1,-1,30,700,50,1.0,0.0,0.8,"{'colsample_bytree': 0.8, 'learning_rate': 0.1, 'max_depth': -1, 'min_child_samples': 30, 'n_estimators': 700, 'num_leaves': 50, 'reg_alpha': 1.0, 'reg_lambda': 0.0, 'subsample': 0.8}",-0.009260563147437336,-0.00959713127253432,-0.010133503044324999,-0.009990006282051031,-0.009592101151065072,-0.00971466097948255,0.000311859806821346,313
0.3557880401611328,0.004532858994118633,0.0042593955993652345,3.866276130911906e-05,0.8,0.1,-1,30,700,50,1.0,0.5,0.8,"{'colsample_bytree': 0.8, 'learning_rate': 0.1, 'max_depth': -1, 'min_child_samples': 30, 'n_estimators': 700, 'num_leaves': 50, 'reg_alpha': 1.0, 'reg_lambda': 0.5, 'subsample': 0.8}",-0.009141070738094902,-0.00947327407333254,-0.010085719572771348,-0.009876451255203105,-0.00972651048049099,-0.009660605223978578,0.0003276169298450953,261
0.3632055282592773,0.014368772313738301,0.004491281509399414,0.0003355251169716319,0.8,0.1,-1,30,700,50,1.0,1.0,0.8,"{'colsample_bytree': 0.8, 'learning_rate': 0.1, 'max_depth': -1, 'min_child_samples': 30, 'n_estimators': 700, 'num_leaves': 50, 'reg_alpha': 1.0, 'reg_lambda': 1.0, 'subsample': 0.8}",-0.009244649562857669,-0.009399769963561498,-0.00994266651518807,-0.010015818899529762,-0.00974127898089451,-0.0096688367844063,0.0003009846954621716,285
2.0392254829406737,0.05662612567390128,0.025733232498168945,0.0008118467772944215,0.8,0.1,-1,30,700,100,0.0,0.0,0.8,"{'colsample_bytree': 0.8, 'learning_rate': 0.1, 'max_depth': -1, 'min_child_samples': 30, 'n_estimators': 700, 'num_leaves': 100, 'reg_alpha': 0.0, 'reg_lambda': 0.0, 'subsample': 0.8}",-0.008404759787049838,-0.009461183460548441,-0.009938113423410506,-0.009589012703521122,-0.009782480585264366,-0.009435109991958856,0.0005403084667654438,85
2.015384578704834,0.1269554774115918,0.026499414443969728,0.002558401576740002,0.8,0.1,-1,30,700,100,0.0,0.5,0.8,"{'colsample_bytree': 0.8, 'learning_rate': 0.1, 'max_depth': -1, 'min_child_samples': 30, 'n_estimators': 700, 'num_leaves': 100, 'reg_alpha': 0.0, 'reg_lambda': 0.5, 'subsample': 0.8}",-0.008339154263109482,-0.009169258618118698,-0.009699191911683747,-0.009578235427915737,-0.009943636463444917,-0.009345895336854515,0.0005622851522295472,19
1.9775707244873046,0.17250361166629027,0.02435474395751953,0.0012621529501890534,0.8,0.1,-1,30,700,100,0.0,1.0,0.8,"{'colsample_bytree': 0.8, 'learning_rate': 0.1, 'max_depth': -1, 'min_child_samples': 30, 'n_estimators': 700, 'num_leaves': 100, 'reg_alpha': 0.0, 'reg_lambda': 1.0, 'subsample': 0.8}",-0.008564993778280952,-0.009358739429150865,-0.009390770078780464,-0.009437726624162661,-0.00976909648656874,-0.009304265279388737,0.0003977066374546824,13
0.5360814571380615,0.006262665352628932,0.0054606437683105465,8.277508511378545e-05,0.8,0.1,-1,30,700,100,0.5,0.0,0.8,"{'colsample_bytree': 0.8, 'learning_rate': 0.1, 'max_depth': -1, 'min_child_samples': 30, 'n_estimators': 700, 'num_leaves': 100, 'reg_alpha': 0.5, 'reg_lambda': 0.0, 'subsample': 0.8}",-0.008926979577569832,-0.009090818218525117,-0.009890472835797637,-0.009861063992706925,-0.009720262247909943,-0.009497919374501892,0.0004067215730645096,159
0.5378912925720215,0.023983465663468,0.005654382705688477,5.8128659657747625e-05,0.8,0.1,-1,30,700,100,0.5,0.5,0.8,"{'colsample_bytree': 0.8, 'learning_rate': 0.1, 'max_depth': -1, 'min_child_samples': 30, 'n_estimators': 700, 'num_leaves': 100, 'reg_alpha': 0.5, 'reg_lambda': 0.5, 'subsample': 0.8}",-0.008943338426061724,-0.00946548856917625,-0.009837845762077626,-0.009637872162142654,-0.00959919511420864,-0.009496748006733379,0.0003013298631687465,155
0.5245343208312988,0.03372646109219876,0.005665826797485352,7.865188623291842e-05,0.8,0.1,-1,30,700,100,0.5,1.0,0.8,"{'colsample_bytree': 0.8, 'learning_rate': 0.1, 'max_depth': -1, 'min_child_samples': 30, 'n_estimators': 700, 'num_leaves': 100, 'reg_alpha': 0.5, 'reg_lambda': 1.0, 'subsample': 0.8}",-0.008951059195292784,-0.009349918568600322,-0.009875664915318808,-0.010041918178984578,-0.009607305438650682,-0.009565173259369434,0.0003870236615295935,199
0.38508052825927735,0.016830925750985777,0.004803180694580078,0.0001258760687513898,0.8,0.1,-1,30,700,100,1.0,0.0,0.8,"{'colsample_bytree': 0.8, 'learning_rate': 0.1, 'max_depth': -1, 'min_child_samples': 30, 'n_estimators': 700, 'num_leaves': 100, 'reg_alpha': 1.0, 'reg_lambda': 0.0, 'subsample': 0.8}",-0.009260563147437336,-0.00959713127253432,-0.010133503044324999,-0.009990006282051031,-0.009592101151065072,-0.00971466097948255,0.000311859806821346,313
0.3848895072937012,0.004210653826571201,0.004777860641479492,9.330990461480778e-05,0.8,0.1,-1,30,700,100,1.0,0.5,0.8,"{'colsample_bytree': 0.8, 'learning_rate': 0.1, 'max_depth': -1, 'min_child_samples': 30, 'n_estimators': 700, 'num_leaves': 100, 'reg_alpha': 1.0, 'reg_lambda': 0.5, 'subsample': 0.8}",-0.009141070738094902,-0.00947327407333254,-0.010085719572771348,-0.009876451255203105,-0.00972651048049099,-0.009660605223978578,0.0003276169298450953,261
0.3904242038726807,0.010962349745832448,0.004774665832519532,0.00011087695432785067,0.8,0.1,-1,30,700,100,1.0,1.0,0.8,"{'colsample_bytree': 0.8, 'learning_rate': 0.1, 'max_depth': -1, 'min_child_samples': 30, 'n_estimators': 700, 'num_leaves': 100, 'reg_alpha': 1.0, 'reg_lambda': 1.0, 'subsample': 0.8}",-0.009244649562857669,-0.009399769963561498,-0.00994266651518807,-0.010015818899529762,-0.00974127898089451,-0.0096688367844063,0.0003009846954621716,285
0.9311499118804931,0.04455136350725794,0.00798335075378418,0.00039627697125997727,0.8,0.1,20,10,500,31,0.0,0.0,0.8,"{'colsample_bytree': 0.8, 'learning_rate': 0.1, 'max_depth': 20, 'min_child_samples': 10, 'n_estimators': 500, 'num_leaves': 31, 'reg_alpha': 0.0, 'reg_lambda': 0.0, 'subsample': 0.8}",-0.00835607039340256,-0.009366870046483637,-0.0099619024149889,-0.00951878227502007,-0.009711670033791371,-0.009383059032737309,0.0005507146989657203,45
0.93509840965271,0.012664263599953185,0.00930628776550293,0.0013491999207282165,0.8,0.1,20,10,500,31,0.0,0.5,0.8,"{'colsample_bytree': 0.8, 'learning_rate': 0.1, 'max_depth': 20, 'min_child_samples': 10, 'n_estimators': 500, 'num_leaves': 31, 'reg_alpha': 0.0, 'reg_lambda': 0.5, 'subsample': 0.8}",-0.008431653718391297,-0.009097802824200543,-0.009608498880526235,-0.00947977674181263,-0.009529762158669977,-0.009229498864720135,0.00043596761302775285,7
0.9521061897277832,0.006820951959091108,0.008254289627075195,0.00015326676745401046,0.8,0.1,20,10,500,31,0.0,1.0,0.8,"{'colsample_bytree': 0.8, 'learning_rate': 0.1, 'max_depth': 20, 'min_child_samples': 10, 'n_estimators': 500, 'num_leaves': 31, 'reg_alpha': 0.0, 'reg_lambda': 1.0, 'subsample': 0.8}",-0.008503069227789165,-0.009086805395287587,-0.009572578740496097,-0.009345314851175294,-0.009737407062767349,-0.0092490350555031,0.00043249069617817576,11
0.5762305736541748,0.005782079895830606,0.005420064926147461,8.777335223288812e-05,0.8,0.1,20,10,500,31,0.5,0.0,0.8,"{'colsample_bytree': 0.8, 'learning_rate': 0.1, 'max_depth': 20, 'min_child_samples': 10, 'n_estimators': 500, 'num_leaves': 31, 'reg_alpha': 0.5, 'reg_lambda': 0.0, 'subsample': 0.8}",-0.008712414124826805,-0.009466875236643572,-0.010030246530413199,-0.009562879273237491,-0.0095709292000346,-0.009468668873031133,0.0004258231324316963,132
0.5869429588317872,0.010082568434927872,0.005459308624267578,6.790670097220966e-05,0.8,0.1,20,10,500,31,0.5,0.5,0.8,"{'colsample_bytree': 0.8, 'learning_rate': 0.1, 'max_depth': 20, 'min_child_samples': 10, 'n_estimators': 500, 'num_leaves': 31, 'reg_alpha': 0.5, 'reg_lambda': 0.5, 'subsample': 0.8}",-0.008716209581780973,-0.00910908896259338,-0.010048989496750644,-0.009565519659654726,-0.00987111954056594,-0.009462185448269133,0.000490591717006905,121
0.6005666732788086,0.044587206743413765,0.005419492721557617,0.00010215639355121553,0.8,0.1,20,10,500,31,0.5,1.0,0.8,"{'colsample_bytree': 0.8, 'learning_rate': 0.1, 'max_depth': 20, 'min_child_samples': 10, 'n_estimators': 500, 'num_leaves': 31, 'reg_alpha': 0.5, 'reg_lambda': 1.0, 'subsample': 0.8}",-0.008754206279654205,-0.00909430118462074,-0.010074357293053846,-0.009570460178741412,-0.009790974723227416,-0.009456859931859523,0.00047560733828258317,105
0.37131562232971194,0.014732179356009836,0.004611539840698242,0.00015536949843903986,0.8,0.1,20,10,500,31,1.0,0.0,0.8,"{'colsample_bytree': 0.8, 'learning_rate': 0.1, 'max_depth': 20, 'min_child_samples': 10, 'n_estimators': 500, 'num_leaves': 31, 'reg_alpha': 1.0, 'reg_lambda': 0.0, 'subsample': 0.8}",-0.009094532587288262,-0.009649873324959018,-0.010278771173809535,-0.010079052422522371,-0.009355388467029163,-0.009691523595121671,0.0004395811969403739,305
0.3698315143585205,0.007035791556814021,0.0041812419891357425,0.0002399251354697509,0.8,0.1,20,10,500,31,1.0,0.5,0.8,"{'colsample_bytree': 0.8, 'learning_rate': 0.1, 'max_depth': 20, 'min_child_samples': 10, 'n_estimators': 500, 'num_leaves': 31, 'reg_alpha': 1.0, 'reg_lambda': 0.5, 'subsample': 0.8}",-0.009004068116461672,-0.00935668383016908,-0.010402299036761474,-0.009712290801334957,-0.009463492269113426,-0.009587766810768122,0.00046658689282264465,209
0.3720408916473389,0.008378422065967816,0.003974342346191406,9.21229891442358e-05,0.8,0.1,20,10,500,31,1.0,1.0,0.8,"{'colsample_bytree': 0.8, 'learning_rate': 0.1, 'max_depth': 20, 'min_child_samples': 10, 'n_estimators': 500, 'num_leaves': 31, 'reg_alpha': 1.0, 'reg_lambda': 1.0, 'subsample': 0.8}",-0.009088749017916216,-0.00951801294654355,-0.010226284024018508,-0.00981073808288168,-0.00969162893932232,-0.009667082602136456,0.00037165498702638447,281
1.2187965393066407,0.11363562651968752,0.011180639266967773,0.0004986277066160733,0.8,0.1,20,10,500,50,0.0,0.0,0.8,"{'colsample_bytree': 0.8, 'learning_rate': 0.1, 'max_depth': 20, 'min_child_samples': 10, 'n_estimators': 500, 'num_leaves': 50, 'reg_alpha': 0.0, 'reg_lambda': 0.0, 'subsample': 0.8}",-0.00849201932717118,-0.009168492401293549,-0.009701835137058341,-0.0096990866429954,-0.009767948433652534,-0.009365876388434202,0.0004874722322279853,31
1.3475770473480224,0.09506232347897872,0.012438106536865234,0.0010614127629585816,0.8,0.1,20,10,500,50,0.0,0.5,0.8,"{'colsample_bytree': 0.8, 'learning_rate': 0.1, 'max_depth': 20, 'min_child_samples': 10, 'n_estimators': 500, 'num_leaves': 50, 'reg_alpha': 0.0, 'reg_lambda': 0.5, 'subsample': 0.8}",-0.008635023021231111,-0.009431963982978159,-0.009916850565476578,-0.009552027796746819,-0.00961206604701688,-0.00942958628268991,0.00042826480125074157,82
1.4096498966217041,0.02384638412303432,0.012709522247314453,0.00019050462655077177,0.8,0.1,20,10,500,50,0.0,1.0,0.8,"{'colsample_bytree': 0.8, 'learning_rate': 0.1, 'max_depth': 20, 'min_child_samples': 10, 'n_estimators': 500, 'num_leaves': 50, 'reg_alpha': 0.0, 'reg_lambda': 1.0, 'subsample': 0.8}",-0.008883207849450524,-0.009395769408458592,-0.009503052354389412,-0.0093374586004326,-0.009884571872725076,-0.009400812017091241,0.0003213813442491326,57
0.5400246620178223,0.007263115944354484,0.0051041126251220705,0.00010526696243254844,0.8,0.1,20,10,500,50,0.5,0.0,0.8,"{'colsample_bytree': 0.8, 'learning_rate': 0.1, 'max_depth': 20, 'min_child_samples': 10, 'n_estimators': 500, 'num_leaves': 50, 'reg_alpha': 0.5, 'reg_lambda': 0.0, 'subsample': 0.8}",-0.008711380851411052,-0.009462448358844395,-0.009845331947920049,-0.009791056043609718,-0.009499971807885293,-0.0094620378019341,0.00040499195558318333,117
0.5586166381835938,0.015777431269852663,0.005078887939453125,7.34825400135733e-05,0.8,0.1,20,10,500,50,0.5,0.5,0.8,"{'colsample_bytree': 0.8, 'learning_rate': 0.1, 'max_depth': 20, 'min_child_samples': 10, 'n_estimators': 500, 'num_leaves': 50, 'reg_alpha': 0.5, 'reg_lambda': 0.5, 'subsample': 0.8}",-0.008569613765151923,-0.009408034105544322,-0.009853273965518947,-0.009667896795172043,-0.009287356252071877,-0.009357234976691822,0.0004405397154428499,24
0.570736312866211,0.0121555613575114,0.004730749130249024,0.0001935826376905806,0.8,0.1,20,10,500,50,0.5,1.0,0.8,"{'colsample_bytree': 0.8, 'learning_rate': 0.1, 'max_depth': 20, 'min_child_samples': 10, 'n_estimators': 500, 'num_leaves': 50, 'reg_alpha': 0.5, 'reg_lambda': 1.0, 'subsample': 0.8}",-0.008924407646257834,-0.0094718425220942,-0.00998616344164536,-0.009827242359411879,-0.009433765969536781,-0.00952868438778921,0.00036764516352362644,185
0.3744664192199707,0.007279514311221385,0.004007482528686523,0.00014653909550264353,0.8,0.1,20,10,500,50,1.0,0.0,0.8,"{'colsample_bytree': 0.8, 'learning_rate': 0.1, 'max_depth': 20, 'min_child_samples': 10, 'n_estimators': 500, 'num_leaves': 50, 'reg_alpha': 1.0, 'reg_lambda': 0.0, 'subsample': 0.8}",-0.009153341309669747,-0.009675603784231572,-0.010020900859195573,-0.009934884026136438,-0.009520970283440853,-0.009661140052534836,0.00031050923594965726,273
0.38599443435668945,0.013672311051580316,0.004038095474243164,0.0002559955252506398,0.8,0.1,20,10,500,50,1.0,0.5,0.8,"{'colsample_bytree': 0.8, 'learning_rate': 0.1, 'max_depth': 20, 'min_child_samples': 10, 'n_estimators': 500, 'num_leaves': 50, 'reg_alpha': 1.0, 'reg_lambda': 0.5, 'subsample': 0.8}",-0.009298073232199002,-0.009686826816566308,-0.010272043820308984,-0.009865968507462214,-0.009547511117502704,-0.009734084698807842,0.00032678505568059095,321
0.37746257781982423,0.00648419615803011,0.004051685333251953,0.0001768736795837617,0.8,0.1,20,10,500,50,1.0,1.0,0.8,"{'colsample_bytree': 0.8, 'learning_rate': 0.1, 'max_depth': 20, 'min_child_samples': 10, 'n_estimators': 500, 'num_leaves': 50, 'reg_alpha': 1.0, 'reg_lambda': 1.0, 'subsample': 0.8}",-0.009136771185638538,-0.009408790270678329,-0.010260815596276037,-0.009956239556609212,-0.009586527101397067,-0.009669828742119838,0.00039762475322427973,293
2.5372217655181886,0.07256221338513337,0.020854759216308593,0.0025155943196799526,0.8,0.1,20,10,500,100,0.0,0.0,0.8,"{'colsample_bytree': 0.8, 'learning_rate': 0.1, 'max_depth': 20, 'min_child_samples': 10, 'n_estimators': 500, 'num_leaves': 100, 'reg_alpha': 0.0, 'reg_lambda': 0.0, 'subsample': 0.8}",-0.008500283430417421,-0.010104556367370615,-0.009896681758838408,-0.009980211571158786,-0.009670379177609345,-0.009630422461078914,0.0005825564632015798,231
2.5750067234039307,0.0671054834909548,0.020295047760009767,0.001718258894613467,0.8,0.1,20,10,500,100,0.0,0.5,0.8,"{'colsample_bytree': 0.8, 'learning_rate': 0.1, 'max_depth': 20, 'min_child_samples': 10, 'n_estimators': 500, 'num_leaves': 100, 'reg_alpha': 0.0, 'reg_lambda': 0.5, 'subsample': 0.8}",-0.008767415006767114,-0.009440345886577462,-0.009688766527805245,-0.009841268358626006,-0.00974222758154333,-0.00949600467226383,0.00038753855762205843,153
2.3500929355621336,0.26331260788383576,0.019641399383544922,0.0007831598077197518,0.8,0.1,20,10,500,100,0.0,1.0,0.8,"{'colsample_bytree': 0.8, 'learning_rate': 0.1, 'max_depth': 20, 'min_child_samples': 10, 'n_estimators': 500, 'num_leaves': 100, 'reg_alpha': 0.0, 'reg_lambda': 1.0, 'subsample': 0.8}",-0.00875775467467382,-0.009733751320075517,-0.009647603479351341,-0.009959412376850383,-0.00980338204686268,-0.009580380779562749,0.00042382771015321026,203
0.5681929111480712,0.029642634693342117,0.004743814468383789,0.0003933656568965115,0.8,0.1,20,10,500,100,0.5,0.0,0.8,"{'colsample_bytree': 0.8, 'learning_rate': 0.1, 'max_depth': 20, 'min_child_samples': 10, 'n_estimators': 500, 'num_leaves': 100, 'reg_alpha': 0.5, 'reg_lambda': 0.0, 'subsample': 0.8}",-0.009045215064366294,-0.0096451912600619,-0.010066999141041236,-0.009945391825872948,-0.009535224987434967,-0.009647604455755469,0.0003577924446153402,239
0.5620970249176025,0.02245961316145707,0.006039714813232422,0.0018538924186321068,0.8,0.1,20,10,500,100,0.5,0.5,0.8,"{'colsample_bytree': 0.8, 'learning_rate': 0.1, 'max_depth': 20, 'min_child_samples': 10, 'n_estimators': 500, 'num_leaves': 100, 'reg_alpha': 0.5, 'reg_lambda': 0.5, 'subsample': 0.8}",-0.008984075040928637,-0.009498582122061918,-0.010005169602575435,-0.009987219361896983,-0.00945484919434273,-0.00958597906436114,0.000380482905122839,205
0.5528049945831299,0.010463539564531906,0.00510101318359375,0.0001446687632528275,0.8,0.1,20,10,500,100,0.5,1.0,0.8,"{'colsample_bytree': 0.8, 'learning_rate': 0.1, 'max_depth': 20, 'min_child_samples': 10, 'n_estimators': 500, 'num_leaves': 100, 'reg_alpha': 0.5, 'reg_lambda': 1.0, 'subsample': 0.8}",-0.009185456210749836,-0.009570249516134223,-0.009853160463512048,-0.009824074916783592,-0.009376798652363743,-0.009561947951908688,0.0002567529874724984,193
0.3795928478240967,0.009564372752867947,0.004474782943725586,8.828297126019574e-05,0.8,0.1,20,10,500,100,1.0,0.0,0.8,"{'colsample_bytree': 0.8, 'learning_rate': 0.1, 'max_depth': 20, 'min_child_samples': 10, 'n_estimators': 500, 'num_leaves': 100, 'reg_alpha': 1.0, 'reg_lambda': 0.0, 'subsample': 0.8}",-0.009268995050117195,-0.009282702129304035,-0.010193870376802333,-0.010002538316491602,-0.009492023693535617,-0.009648025913250157,0.00038081170604971755,241
0.38234338760375974,0.008052205993825246,0.00444793701171875,4.8454961665389425e-05,0.8,0.1,20,10,500,100,1.0,0.5,0.8,"{'colsample_bytree': 0.8, 'learning_rate': 0.1, 'max_depth': 20, 'min_child_samples': 10, 'n_estimators': 500, 'num_leaves': 100, 'reg_alpha': 1.0, 'reg_lambda': 0.5, 'subsample': 0.8}",-0.00921635207363363,-0.009334800054083147,-0.010210135103360342,-0.010157868465719947,-0.009385329655524202,-0.009660897070464254,0.00043093848817632837,269
0.3774260997772217,0.01520541783539807,0.0044558048248291016,0.00010268065704066501,0.8,0.1,20,10,500,100,1.0,1.0,0.8,"{'colsample_bytree': 0.8, 'learning_rate': 0.1, 'max_depth': 20, 'min_child_samples': 10, 'n_estimators': 500, 'num_leaves': 100, 'reg_alpha': 1.0, 'reg_lambda': 1.0, 'subsample': 0.8}",-0.009499430270372464,-0.009562787795622503,-0.010162843859308483,-0.010040743961217461,-0.009219977650174887,-0.009697156707339161,0.0003520702558991827,309
1.2427563190460205,0.015381428782030217,0.013940954208374023,0.0012683511187607007,0.8,0.1,20,10,700,31,0.0,0.0,0.8,"{'colsample_bytree': 0.8, 'learning_rate': 0.1, 'max_depth': 20, 'min_child_samples': 10, 'n_estimators': 700, 'num_leaves': 31, 'reg_alpha': 0.0, 'reg_lambda': 0.0, 'subsample': 0.8}",-0.008354515755983923,-0.009368774629519025,-0.009956172804084595,-0.009508166913306408,-0.009705632316129151,-0.009378652483804619,0.00054884845409439,38
1.2853858947753907,0.04654506065739559,0.012968301773071289,0.00021387882119714213,0.8,0.1,20,10,700,31,0.0,0.5,0.8,"{'colsample_bytree': 0.8, 'learning_rate': 0.1, 'max_depth': 20, 'min_child_samples': 10, 'n_estimators': 700, 'num_leaves': 31, 'reg_alpha': 0.0, 'reg_lambda': 0.5, 'subsample': 0.8}",-0.008425879731846248,-0.009097343089170722,-0.00960072041570393,-0.009472541911479405,-0.009517537452734266,-0.009222804520186914,0.0004342548512489908,5
1.3112381935119628,0.029673197400194112,0.013788318634033203,0.0009051758917751644,0.8,0.1,20,10,700,31,0.0,1.0,0.8,"{'colsample_bytree': 0.8, 'learning_rate': 0.1, 'max_depth': 20, 'min_child_samples': 10, 'n_estimators': 700, 'num_leaves': 31, 'reg_alpha': 0.0, 'reg_lambda': 1.0, 'subsample': 0.8}",-0.008501265708112823,-0.009081677653269456,-0.009579792572662931,-0.009335835805576021,-0.009727740360978662,-0.00924526242011998,0.0004320162052404086,9
0.5562926292419433,0.036047184336681894,0.005332469940185547,0.0001515471460364808,0.8,0.1,20,10,700,31,0.5,0.0,0.8,"{'colsample_bytree': 0.8, 'learning_rate': 0.1, 'max_depth': 20, 'min_child_samples': 10, 'n_estimators': 700, 'num_leaves': 31, 'reg_alpha': 0.5, 'reg_lambda': 0.0, 'subsample': 0.8}",-0.008712414124826805,-0.009466875236643572,-0.010030246530413199,-0.009562879273237491,-0.0095709292000346,-0.009468668873031133,0.0004258231324316963,132
0.546736764907837,0.010373211878008022,0.0054890155792236325,5.493995981004566e-05,0.8,0.1,20,10,700,31,0.5,0.5,0.8,"{'colsample_bytree': 0.8, 'learning_rate': 0.1, 'max_depth': 20, 'min_child_samples': 10, 'n_estimators': 700, 'num_leaves': 31, 'reg_alpha': 0.5, 'reg_lambda': 0.5, 'subsample': 0.8}",-0.008716209581780973,-0.00910908896259338,-0.010048989496750644,-0.009565519659654726,-0.00987111954056594,-0.009462185448269133,0.000490591717006905,121
0.5453856468200684,0.02241431184761086,0.005257320404052734,0.0002845549223762598,0.8,0.1,20,10,700,31,0.5,1.0,0.8,"{'colsample_bytree': 0.8, 'learning_rate': 0.1, 'max_depth': 20, 'min_child_samples': 10, 'n_estimators': 700, 'num_leaves': 31, 'reg_alpha': 0.5, 'reg_lambda': 1.0, 'subsample': 0.8}",-0.008754206279654205,-0.00909430118462074,-0.010074357293053846,-0.009570460178741412,-0.009790974723227416,-0.009456859931859523,0.00047560733828258317,105
0.36403188705444334,0.04306829099557376,0.0043547630310058595,0.0004531098873371352,0.8,0.1,20,10,700,31,1.0,0.0,0.8,"{'colsample_bytree': 0.8, 'learning_rate': 0.1, 'max_depth': 20, 'min_child_samples': 10, 'n_estimators': 700, 'num_leaves': 31, 'reg_alpha': 1.0, 'reg_lambda': 0.0, 'subsample': 0.8}",-0.009094532587288262,-0.009649873324959018,-0.010278771173809535,-0.010079052422522371,-0.009355388467029163,-0.009691523595121671,0.0004395811969403739,305
0.39292521476745607,0.004596369296902595,0.004586648941040039,3.677444091187151e-05,0.8,0.1,20,10,700,31,1.0,0.5,0.8,"{'colsample_bytree': 0.8, 'learning_rate': 0.1, 'max_depth': 20, 'min_child_samples': 10, 'n_estimators': 700, 'num_leaves': 31, 'reg_alpha': 1.0, 'reg_lambda': 0.5, 'subsample': 0.8}",-0.009004068116461672,-0.00935668383016908,-0.010402299036761474,-0.009712290801334957,-0.009463492269113426,-0.009587766810768122,0.00046658689282264465,209
0.3784945011138916,0.021048900536466974,0.004360866546630859,0.0002791460846003454,0.8,0.1,20,10,700,31,1.0,1.0,0.8,"{'colsample_bytree': 0.8, 'learning_rate': 0.1, 'max_depth': 20, 'min_child_samples': 10, 'n_estimators': 700, 'num_leaves': 31, 'reg_alpha': 1.0, 'reg_lambda': 1.0, 'subsample': 0.8}",-0.009088749017916216,-0.00951801294654355,-0.010226284024018508,-0.00981073808288168,-0.00969162893932232,-0.009667082602136456,0.00037165498702638447,281
1.7953197956085205,0.12944194923299615,0.018693876266479493,0.001630461940041944,0.8,0.1,20,10,700,50,0.0,0.0,0.8,"{'colsample_bytree': 0.8, 'learning_rate': 0.1, 'max_depth': 20, 'min_child_samples': 10, 'n_estimators': 700, 'num_leaves': 50, 'reg_alpha': 0.0, 'reg_lambda': 0.0, 'subsample': 0.8}",-0.00849167182629615,-0.009168866672633402,-0.009702500052831946,-0.009699286098792729,-0.009767809719490454,-0.009366026874008938,0.00048766264166147686,32
1.9902825355529785,0.027197329632702074,0.018654823303222656,0.0005499013172538013,0.8,0.1,20,10,700,50,0.0,0.5,0.8,"{'colsample_bytree': 0.8, 'learning_rate': 0.1, 'max_depth': 20, 'min_child_samples': 10, 'n_estimators': 700, 'num_leaves': 50, 'reg_alpha': 0.0, 'reg_lambda': 0.5, 'subsample': 0.8}",-0.00863459303683976,-0.009431677794413429,-0.009917463079318055,-0.009551447338178398,-0.009612296255237844,-0.009429495500797497,0.00042854997696027534,81
1.9617977142333984,0.011005623352834951,0.019268608093261717,0.00011552934817559824,0.8,0.1,20,10,700,50,0.0,1.0,0.8,"{'colsample_bytree': 0.8, 'learning_rate': 0.1, 'max_depth': 20, 'min_child_samples': 10, 'n_estimators': 700, 'num_leaves': 50, 'reg_alpha': 0.0, 'reg_lambda': 1.0, 'subsample': 0.8}",-0.008882113741408964,-0.009395361965335651,-0.009503208873661255,-0.009336608041981007,-0.009884445025498848,-0.009400347529577144,0.00032174047895576344,56
0.5753919601440429,0.012791312884598366,0.0063248157501220705,0.002480626943917999,0.8,0.1,20,10,700,50,0.5,0.0,0.8,"{'colsample_bytree': 0.8, 'learning_rate': 0.1, 'max_depth': 20, 'min_child_samples': 10, 'n_estimators': 700, 'num_leaves': 50, 'reg_alpha': 0.5, 'reg_lambda': 0.0, 'subsample': 0.8}",-0.008711380851411052,-0.009462448358844395,-0.009845331947920049,-0.009791056043609718,-0.009499971807885293,-0.0094620378019341,0.00040499195558318333,117
0.5707035064697266,0.016422730812164395,0.0050220489501953125,8.172535410778169e-05,0.8,0.1,20,10,700,50,0.5,0.5,0.8,"{'colsample_bytree': 0.8, 'learning_rate': 0.1, 'max_depth': 20, 'min_child_samples': 10, 'n_estimators': 700, 'num_leaves': 50, 'reg_alpha': 0.5, 'reg_lambda': 0.5, 'subsample': 0.8}",-0.008569613765151923,-0.009408034105544322,-0.009853273965518947,-0.009667896795172043,-0.009287356252071877,-0.009357234976691822,0.0004405397154428499,24
0.6078390598297119,0.032930394894891385,0.004832029342651367,0.00021280067607158196,0.8,0.1,20,10,700,50,0.5,1.0,0.8,"{'colsample_bytree': 0.8, 'learning_rate': 0.1, 'max_depth': 20, 'min_child_samples': 10, 'n_estimators': 700, 'num_leaves': 50, 'reg_alpha': 0.5, 'reg_lambda': 1.0, 'subsample': 0.8}",-0.008924407646257834,-0.0094718425220942,-0.00998616344164536,-0.009827242359411879,-0.009433765969536781,-0.00952868438778921,0.00036764516352362644,185
0.4010359764099121,0.005953326184015445,0.004004287719726563,0.00027927116883201417,0.8,0.1,20,10,700,50,1.0,0.0,0.8,"{'colsample_bytree': 0.8, 'learning_rate': 0.1, 'max_depth': 20, 'min_child_samples': 10, 'n_estimators': 700, 'num_leaves': 50, 'reg_alpha': 1.0, 'reg_lambda': 0.0, 'subsample': 0.8}",-0.009153341309669747,-0.009675603784231572,-0.010020900859195573,-0.009934884026136438,-0.009520970283440853,-0.009661140052534836,0.00031050923594965726,273
0.40737061500549315,0.008853719838692264,0.004106283187866211,0.0002688043183280119,0.8,0.1,20,10,700,50,1.0,0.5,0.8,"{'colsample_bytree': 0.8, 'learning_rate': 0.1, 'max_depth': 20, 'min_child_samples': 10, 'n_estimators': 700, 'num_leaves': 50, 'reg_alpha': 1.0, 'reg_lambda': 0.5, 'subsample': 0.8}",-0.009298073232199002,-0.009686826816566308,-0.010272043820308984,-0.009865968507462214,-0.009547511117502704,-0.009734084698807842,0.00032678505568059095,321
0.3478968620300293,0.024041078476911244,0.0037431716918945312,0.00015111728641923738,0.8,0.1,20,10,700,50,1.0,1.0,0.8,"{'colsample_bytree': 0.8, 'learning_rate': 0.1, 'max_depth': 20, 'min_child_samples': 10, 'n_estimators': 700, 'num_leaves': 50, 'reg_alpha': 1.0, 'reg_lambda': 1.0, 'subsample': 0.8}",-0.009136771185638538,-0.009408790270678329,-0.010260815596276037,-0.009956239556609212,-0.009586527101397067,-0.009669828742119838,0.00039762475322427973,293
3.2780558586120607,0.34606159270941234,0.02799077033996582,0.001435514779364627,0.8,0.1,20,10,700,100,0.0,0.0,0.8,"{'colsample_bytree': 0.8, 'learning_rate': 0.1, 'max_depth': 20, 'min_child_samples': 10, 'n_estimators': 700, 'num_leaves': 100, 'reg_alpha': 0.0, 'reg_lambda': 0.0, 'subsample': 0.8}",-0.008500416131688353,-0.010104504971709722,-0.009896779494379138,-0.009980178831437937,-0.009670373253111965,-0.009630450536465423,0.0005825015332146146,232
3.1818487644195557,0.31966836299828444,0.027663135528564455,0.003637393014508274,0.8,0.1,20,10,700,100,0.0,0.5,0.8,"{'colsample_bytree': 0.8, 'learning_rate': 0.1, 'max_depth': 20, 'min_child_samples': 10, 'n_estimators': 700, 'num_leaves': 100, 'reg_alpha': 0.0, 'reg_lambda': 0.5, 'subsample': 0.8}",-0.008767467067920818,-0.00944013594750199,-0.009688774578950947,-0.009841343473405633,-0.009742367318796085,-0.009496017677315094,0.0003875569719685888,154
3.246581268310547,0.26061826575471747,0.026352119445800782,0.0006432609508167178,0.8,0.1,20,10,700,100,0.0,1.0,0.8,"{'colsample_bytree': 0.8, 'learning_rate': 0.1, 'max_depth': 20, 'min_child_samples': 10, 'n_estimators': 700, 'num_leaves': 100, 'reg_alpha': 0.0, 'reg_lambda': 1.0, 'subsample': 0.8}",-0.00875770714904468,-0.00973359807569479,-0.009648012741636913,-0.009959378562813776,-0.00980339975418228,-0.009580419256674489,0.00042384390990667656,204
0.618318748474121,0.028191183743386153,0.005012321472167969,0.0001356183391494406,0.8,0.1,20,10,700,100,0.5,0.0,0.8,"{'colsample_bytree': 0.8, 'learning_rate': 0.1, 'max_depth': 20, 'min_child_samples': 10, 'n_estimators': 700, 'num_leaves': 100, 'reg_alpha': 0.5, 'reg_lambda': 0.0, 'subsample': 0.8}",-0.009045215064366294,-0.0096451912600619,-0.010066999141041236,-0.009945391825872948,-0.009535224987434967,-0.009647604455755469,0.0003577924446153402,239
0.5564113140106202,0.011285435225762832,0.005031299591064453,6.415000007347257e-05,0.8,0.1,20,10,700,100,0.5,0.5,0.8,"{'colsample_bytree': 0.8, 'learning_rate': 0.1, 'max_depth': 20, 'min_child_samples': 10, 'n_estimators': 700, 'num_leaves': 100, 'reg_alpha': 0.5, 'reg_lambda': 0.5, 'subsample': 0.8}",-0.008984075040928637,-0.009498582122061918,-0.010005169602575435,-0.009987219361896983,-0.00945484919434273,-0.00958597906436114,0.000380482905122839,205
0.5661646842956543,0.02161875834850818,0.005041790008544922,9.67195033318904e-05,0.8,0.1,20,10,700,100,0.5,1.0,0.8,"{'colsample_bytree': 0.8, 'learning_rate': 0.1, 'max_depth': 20, 'min_child_samples': 10, 'n_estimators': 700, 'num_leaves': 100, 'reg_alpha': 0.5, 'reg_lambda': 1.0, 'subsample': 0.8}",-0.009185456210749836,-0.009570249516134223,-0.009853160463512048,-0.009824074916783592,-0.009376798652363743,-0.009561947951908688,0.0002567529874724984,193
0.38630924224853513,0.007072769785497462,0.004426813125610352,7.30405891547992e-05,0.8,0.1,20,10,700,100,1.0,0.0,0.8,"{'colsample_bytree': 0.8, 'learning_rate': 0.1, 'max_depth': 20, 'min_child_samples': 10, 'n_estimators': 700, 'num_leaves': 100, 'reg_alpha': 1.0, 'reg_lambda': 0.0, 'subsample': 0.8}",-0.009268995050117195,-0.009282702129304035,-0.010193870376802333,-0.010002538316491602,-0.009492023693535617,-0.009648025913250157,0.00038081170604971755,241
0.3863345146179199,0.012575108608025626,0.004448795318603515,7.221503159073884e-05,0.8,0.1,20,10,700,100,1.0,0.5,0.8,"{'colsample_bytree': 0.8, 'learning_rate': 0.1, 'max_depth': 20, 'min_child_samples': 10, 'n_estimators': 700, 'num_leaves': 100, 'reg_alpha': 1.0, 'reg_lambda': 0.5, 'subsample': 0.8}",-0.00921635207363363,-0.009334800054083147,-0.010210135103360342,-0.010157868465719947,-0.009385329655524202,-0.009660897070464254,0.00043093848817632837,269
0.40771121978759767,0.04061597672735906,0.004332113265991211,0.000126065266039558,0.8,0.1,20,10,700,100,1.0,1.0,0.8,"{'colsample_bytree': 0.8, 'learning_rate': 0.1, 'max_depth': 20, 'min_child_samples': 10, 'n_estimators': 700, 'num_leaves': 100, 'reg_alpha': 1.0, 'reg_lambda': 1.0, 'subsample': 0.8}",-0.009499430270372464,-0.009562787795622503,-0.010162843859308483,-0.010040743961217461,-0.009219977650174887,-0.009697156707339161,0.0003520702558991827,309
0.8461466789245605,0.0033700922482871993,0.009392356872558594,0.00034968103206490045,0.8,0.1,20,20,500,31,0.0,0.0,0.8,"{'colsample_bytree': 0.8, 'learning_rate': 0.1, 'max_depth': 20, 'min_child_samples': 20, 'n_estimators': 500, 'num_leaves': 31, 'reg_alpha': 0.0, 'reg_lambda': 0.0, 'subsample': 0.8}",-0.008587245002770322,-0.009560661672639739,-0.009652454176454727,-0.009511941532395969,-0.009901931289569834,-0.009442846734766117,0.00044842004471487454,96
0.8946219444274902,0.029647718037148912,0.009403038024902343,0.000434537450848514,0.8,0.1,20,20,500,31,0.0,0.5,0.8,"{'colsample_bytree': 0.8, 'learning_rate': 0.1, 'max_depth': 20, 'min_child_samples': 20, 'n_estimators': 500, 'num_leaves': 31, 'reg_alpha': 0.0, 'reg_lambda': 0.5, 'subsample': 0.8}",-0.008519842143808498,-0.00964195576314139,-0.009810161746969743,-0.00940232681736251,-0.009673498903356689,-0.009409557074927768,0.00046385417484823814,66
0.7905406951904297,0.08133279336497325,0.008868980407714843,0.0004573223947455914,0.8,0.1,20,20,500,31,0.0,1.0,0.8,"{'colsample_bytree': 0.8, 'learning_rate': 0.1, 'max_depth': 20, 'min_child_samples': 20, 'n_estimators': 500, 'num_leaves': 31, 'reg_alpha': 0.0, 'reg_lambda': 1.0, 'subsample': 0.8}",-0.00853534839475998,-0.009480037718107733,-0.009864355516331816,-0.009250326193359285,-0.009983917593072563,-0.009422797083126277,0.0005158329088397657,72
0.5005058288574219,0.05921373690016979,0.005257940292358399,0.0006296866335754537,0.8,0.1,20,20,500,31,0.5,0.0,0.8,"{'colsample_bytree': 0.8, 'learning_rate': 0.1, 'max_depth': 20, 'min_child_samples': 20, 'n_estimators': 500, 'num_leaves': 31, 'reg_alpha': 0.5, 'reg_lambda': 0.0, 'subsample': 0.8}",-0.008651556738727601,-0.009450289115472655,-0.009975264913501241,-0.009506559738579803,-0.009824930874275196,-0.0094817202761113,0.0004587278581783802,137
0.5427306175231934,0.012080560328930547,0.005313348770141601,0.00038947326422552556,0.8,0.1,20,20,500,31,0.5,0.5,0.8,"{'colsample_bytree': 0.8, 'learning_rate': 0.1, 'max_depth': 20, 'min_child_samples': 20, 'n_estimators': 500, 'num_leaves': 31, 'reg_alpha': 0.5, 'reg_lambda': 0.5, 'subsample': 0.8}",-0.008997486950892458,-0.009314503161933439,-0.009637132193623695,-0.009845470961978763,-0.009529711642055393,-0.009464860982096748,0.0002897560678682096,126
0.5309568405151367,0.013620263789685718,0.005129671096801758,0.00013937213570248153,0.8,0.1,20,20,500,31,0.5,1.0,0.8,"{'colsample_bytree': 0.8, 'learning_rate': 0.1, 'max_depth': 20, 'min_child_samples': 20, 'n_estimators': 500, 'num_leaves': 31, 'reg_alpha': 0.5, 'reg_lambda': 1.0, 'subsample': 0.8}",-0.008964178360714885,-0.009218662301435301,-0.009870732125131053,-0.00980382351827024,-0.009599245304015134,-0.009491328321913323,0.0003479886230850156,147
0.3548453330993652,0.011715014294052445,0.004429817199707031,0.0004868105956816363,0.8,0.1,20,20,500,31,1.0,0.0,0.8,"{'colsample_bytree': 0.8, 'learning_rate': 0.1, 'max_depth': 20, 'min_child_samples': 20, 'n_estimators': 500, 'num_leaves': 31, 'reg_alpha': 1.0, 'reg_lambda': 0.0, 'subsample': 0.8}",-0.009047718055566487,-0.009357352683265487,-0.010086618293200816,-0.00987326598554608,-0.009894074039369025,-0.009651805811389578,0.0003868914728349589,245
0.36197237968444823,0.008775314498226987,0.00426177978515625,0.0003269933332990806,0.8,0.1,20,20,500,31,1.0,0.5,0.8,"{'colsample_bytree': 0.8, 'learning_rate': 0.1, 'max_depth': 20, 'min_child_samples': 20, 'n_estimators': 500, 'num_leaves': 31, 'reg_alpha': 1.0, 'reg_lambda': 0.5, 'subsample': 0.8}",-0.009102961317128754,-0.009508511812123286,-0.010060964946070188,-0.009802381191635238,-0.009824828740102966,-0.009659929601412086,0.00032907584103782756,257
0.3454113483428955,0.013399316846065972,0.004115629196166992,0.0001076129031321016,0.8,0.1,20,20,500,31,1.0,1.0,0.8,"{'colsample_bytree': 0.8, 'learning_rate': 0.1, 'max_depth': 20, 'min_child_samples': 20, 'n_estimators': 500, 'num_leaves': 31, 'reg_alpha': 1.0, 'reg_lambda': 1.0, 'subsample': 0.8}",-0.008923943897974228,-0.009464139876892222,-0.010072409143025264,-0.010022852380035948,-0.009699091572532823,-0.009636487374092095,0.00041967769949317446,233
1.32298583984375,0.01867574798037611,0.013967370986938477,0.0001238279722782808,0.8,0.1,20,20,500,50,0.0,0.0,0.8,"{'colsample_bytree': 0.8, 'learning_rate': 0.1, 'max_depth': 20, 'min_child_samples': 20, 'n_estimators': 500, 'num_leaves': 50, 'reg_alpha': 0.0, 'reg_lambda': 0.0, 'subsample': 0.8}",-0.008551621047271417,-0.009412677470175126,-0.009452032062641348,-0.009166130235099264,-0.009517806835908233,-0.009220053530219078,0.00035476323338642495,3
1.3512981414794922,0.01343577042664315,0.013994979858398437,0.00028595361820149654,0.8,0.1,20,20,500,50,0.0,0.5,0.8,"{'colsample_bytree': 0.8, 'learning_rate': 0.1, 'max_depth': 20, 'min_child_samples': 20, 'n_estimators': 500, 'num_leaves': 50, 'reg_alpha': 0.0, 'reg_lambda': 0.5, 'subsample': 0.8}",-0.008659858758122788,-0.009618834020712385,-0.009583967950538272,-0.009529959769085923,-0.009860964230178359,-0.009450716945727545,0.00041135340366625915,104
1.3044250011444092,0.0943052902110642,0.014919424057006836,0.0014475669319076242,0.8,0.1,20,20,500,50,0.0,1.0,0.8,"{'colsample_bytree': 0.8, 'learning_rate': 0.1, 'max_depth': 20, 'min_child_samples': 20, 'n_estimators': 500, 'num_leaves': 50, 'reg_alpha': 0.0, 'reg_lambda': 1.0, 'subsample': 0.8}",-0.008412125472788919,-0.009348538470790887,-0.00950065513868192,-0.009577437146400445,-0.01001992554787684,-0.009371736355307803,0.000529239697154481,34
0.5121407508850098,0.017384092871223063,0.005289506912231445,7.855237678851894e-05,0.8,0.1,20,20,500,50,0.5,0.0,0.8,"{'colsample_bytree': 0.8, 'learning_rate': 0.1, 'max_depth': 20, 'min_child_samples': 20, 'n_estimators': 500, 'num_leaves': 50, 'reg_alpha': 0.5, 'reg_lambda': 0.0, 'subsample': 0.8}",-0.008937772139079732,-0.009443170496033505,-0.009859160557536306,-0.00981772569996308,-0.009457631886286294,-0.009503092155779784,0.00033197076273241364,167
0.5038929462432862,0.007933287652127106,0.005214071273803711,6.857783749738804e-05,0.8,0.1,20,20,500,50,0.5,0.5,0.8,"{'colsample_bytree': 0.8, 'learning_rate': 0.1, 'max_depth': 20, 'min_child_samples': 20, 'n_estimators': 500, 'num_leaves': 50, 'reg_alpha': 0.5, 'reg_lambda': 0.5, 'subsample': 0.8}",-0.008834232693135732,-0.009577661712352236,-0.009726831301390744,-0.009755205134036863,-0.009661026341877299,-0.009510991436558574,0.0003438560665669437,175
0.5022817611694336,0.008583112757093647,0.005251884460449219,8.979680584008019e-05,0.8,0.1,20,20,500,50,0.5,1.0,0.8,"{'colsample_bytree': 0.8, 'learning_rate': 0.1, 'max_depth': 20, 'min_child_samples': 20, 'n_estimators': 500, 'num_leaves': 50, 'reg_alpha': 0.5, 'reg_lambda': 1.0, 'subsample': 0.8}",-0.0087780296509262,-0.009522736656188645,-0.009784665376834449,-0.009730514867952577,-0.009633249362367646,-0.009489839182853904,0.0003669247342815364,143
0.3544628620147705,0.008813114531920808,0.004618358612060547,0.00011836212499210494,0.8,0.1,20,20,500,50,1.0,0.0,0.8,"{'colsample_bytree': 0.8, 'learning_rate': 0.1, 'max_depth': 20, 'min_child_samples': 20, 'n_estimators': 500, 'num_leaves': 50, 'reg_alpha': 1.0, 'reg_lambda': 0.0, 'subsample': 0.8}",-0.00924131383645872,-0.009577270947513152,-0.009947094884098121,-0.009831543318136514,-0.009452383732483182,-0.009609921343737938,0.00025477752554392726,215
0.33440842628479006,0.026910537830672966,0.004322862625122071,0.00031991234157489944,0.8,0.1,20,20,500,50,1.0,0.5,0.8,"{'colsample_bytree': 0.8, 'learning_rate': 0.1, 'max_depth': 20, 'min_child_samples': 20, 'n_estimators': 500, 'num_leaves': 50, 'reg_alpha': 1.0, 'reg_lambda': 0.5, 'subsample': 0.8}",-0.009366937286303025,-0.009647769341732353,-0.009854090906463215,-0.009873212662485902,-0.009524739391162905,-0.00965334991762948,0.0001935151554284277,249
0.33509140014648436,0.029024981858204676,0.004110527038574219,0.00019682977300875074,0.8,0.1,20,20,500,50,1.0,1.0,0.8,"{'colsample_bytree': 0.8, 'learning_rate': 0.1, 'max_depth': 20, 'min_child_samples': 20, 'n_estimators': 500, 'num_leaves': 50, 'reg_alpha': 1.0, 'reg_lambda': 1.0, 'subsample': 0.8}",-0.009248318241033003,-0.009535856741606218,-0.01012319158673947,-0.009918366733844981,-0.009260341805902957,-0.009617215021825326,0.0003512170652962665,219
1.7042023181915282,0.15581161543462366,0.018185186386108398,0.000966883863858619,0.8,0.1,20,20,500,100,0.0,0.0,0.8,"{'colsample_bytree': 0.8, 'learning_rate': 0.1, 'max_depth': 20, 'min_child_samples': 20, 'n_estimators': 500, 'num_leaves': 100, 'reg_alpha': 0.0, 'reg_lambda': 0.0, 'subsample': 0.8}",-0.008894185676925763,-0.009489923193088749,-0.0096612308659286,-0.00967417348036433,-0.009905182160943896,-0.009524939075450267,0.00034190850401688664,181
1.748369026184082,0.06115719881863587,0.017612981796264648,0.0005713305433751291,0.8,0.1,20,20,500,100,0.0,0.5,0.8,"{'colsample_bytree': 0.8, 'learning_rate': 0.1, 'max_depth': 20, 'min_child_samples': 20, 'n_estimators': 500, 'num_leaves': 100, 'reg_alpha': 0.0, 'reg_lambda': 0.5, 'subsample': 0.8}",-0.008699448116137987,-0.009758135173552803,-0.00980718054474014,-0.009512024793579436,-0.009664168624183426,-0.00948819145043876,0.00040700754225449177,141
1.7193530559539796,0.08413797402435334,0.017827701568603516,0.000491694593508435,0.8,0.1,20,20,500,100,0.0,1.0,0.8,"{'colsample_bytree': 0.8, 'learning_rate': 0.1, 'max_depth': 20, 'min_child_samples': 20, 'n_estimators': 500, 'num_leaves': 100, 'reg_alpha': 0.0, 'reg_lambda': 1.0, 'subsample': 0.8}",-0.008473632398609541,-0.00980236322806952,-0.009721486894484257,-0.009401697066320852,-0.009830124180459764,-0.009445860753588785,0.0005094900530108889,99
0.49721665382385255,0.007434603126657699,0.00477442741394043,6.861645285539021e-05,0.8,0.1,20,20,500,100,0.5,0.0,0.8,"{'colsample_bytree': 0.8, 'learning_rate': 0.1, 'max_depth': 20, 'min_child_samples': 20, 'n_estimators': 500, 'num_leaves': 100, 'reg_alpha': 0.5, 'reg_lambda': 0.0, 'subsample': 0.8}",-0.008965130997488129,-0.009382397378899157,-0.00973082402023202,-0.009443322927548124,-0.00952349636585861,-0.009409034338005207,0.00025123119475631517,61
0.5309799194335938,0.028883848528991004,0.0050526618957519535,0.0003117449094140887,0.8,0.1,20,20,500,100,0.5,0.5,0.8,"{'colsample_bytree': 0.8, 'learning_rate': 0.1, 'max_depth': 20, 'min_child_samples': 20, 'n_estimators': 500, 'num_leaves': 100, 'reg_alpha': 0.5, 'reg_lambda': 0.5, 'subsample': 0.8}",-0.009114253220502872,-0.009569032477200635,-0.009751074654185406,-0.009639312508430507,-0.009691342014555102,-0.009553002974974903,0.00022741051318416936,189
0.5165745258331299,0.0072621049585317905,0.004827642440795898,0.00013961630765578113,0.8,0.1,20,20,500,100,0.5,1.0,0.8,"{'colsample_bytree': 0.8, 'learning_rate': 0.1, 'max_depth': 20, 'min_child_samples': 20, 'n_estimators': 500, 'num_leaves': 100, 'reg_alpha': 0.5, 'reg_lambda': 1.0, 'subsample': 0.8}",-0.009097491537824957,-0.009535886156936114,-0.009644807202068369,-0.009585398195871342,-0.009949275516133187,-0.009562571721766795,0.00027343563907565046,195
0.35732455253601075,0.005740353097897563,0.0040740966796875,7.660281720495859e-05,0.8,0.1,20,20,500,100,1.0,0.0,0.8,"{'colsample_bytree': 0.8, 'learning_rate': 0.1, 'max_depth': 20, 'min_child_samples': 20, 'n_estimators': 500, 'num_leaves': 100, 'reg_alpha': 1.0, 'reg_lambda': 0.0, 'subsample': 0.8}",-0.009289583642378583,-0.009529096248991793,-0.010080411020401761,-0.009876905996041857,-0.009374595199160821,-0.009630118421394964,0.0003017048437987373,227
0.36272516250610354,0.009156707289540728,0.004278659820556641,0.0003698552307061108,0.8,0.1,20,20,500,100,1.0,0.5,0.8,"{'colsample_bytree': 0.8, 'learning_rate': 0.1, 'max_depth': 20, 'min_child_samples': 20, 'n_estimators': 500, 'num_leaves': 100, 'reg_alpha': 1.0, 'reg_lambda': 0.5, 'subsample': 0.8}",-0.009357107187648784,-0.009483093026717985,-0.009967904234606292,-0.009917485580026154,-0.009393569066482003,-0.009623831819096245,0.0002640411825324078,223
0.37221589088439944,0.00569730297968835,0.004251289367675781,0.00011525948157397375,0.8,0.1,20,20,500,100,1.0,1.0,0.8,"{'colsample_bytree': 0.8, 'learning_rate': 0.1, 'max_depth': 20, 'min_child_samples': 20, 'n_estimators': 500, 'num_leaves': 100, 'reg_alpha': 1.0, 'reg_lambda': 1.0, 'subsample': 0.8}",-0.009358616667081633,-0.009542566624315027,-0.010172772858215693,-0.009820554079010372,-0.009435012689487885,-0.009665904583622122,0.00029791982037052613,277
1.1854910850524902,0.017198615077647257,0.014437389373779298,0.0007023845880997122,0.8,0.1,20,20,700,31,0.0,0.0,0.8,"{'colsample_bytree': 0.8, 'learning_rate': 0.1, 'max_depth': 20, 'min_child_samples': 20, 'n_estimators': 700, 'num_leaves': 31, 'reg_alpha': 0.0, 'reg_lambda': 0.0, 'subsample': 0.8}",-0.008577195991100744,-0.009564656018839185,-0.009641596008176172,-0.009512205277052996,-0.009897989799375229,-0.009438728618908866,0.00045068192944352613,89
1.2462881565093995,0.03941780451988695,0.014325952529907227,0.0004998405247359412,0.8,0.1,20,20,700,31,0.0,0.5,0.8,"{'colsample_bytree': 0.8, 'learning_rate': 0.1, 'max_depth': 20, 'min_child_samples': 20, 'n_estimators': 700, 'num_leaves': 31, 'reg_alpha': 0.0, 'reg_lambda': 0.5, 'subsample': 0.8}",-0.008508274398346314,-0.009644933826798933,-0.009804373905994083,-0.009403700229051643,-0.009674501730510751,-0.009407156818140344,0.00046771661837545855,60
1.2387051582336426,0.02558772930917952,0.014614343643188477,0.0002273676876427728,0.8,0.1,20,20,700,31,0.0,1.0,0.8,"{'colsample_bytree': 0.8, 'learning_rate': 0.1, 'max_depth': 20, 'min_child_samples': 20, 'n_estimators': 700, 'num_leaves': 31, 'reg_alpha': 0.0, 'reg_lambda': 1.0, 'subsample': 0.8}",-0.008529339544903706,-0.009480763497806426,-0.009859096077618106,-0.009236373333344441,-0.009986888258642085,-0.009418492142462953,0.0005186218847366821,69
0.5542088031768799,0.013270453238334564,0.005312013626098633,0.0003827031401431538,0.8,0.1,20,20,700,31,0.5,0.0,0.8,"{'colsample_bytree': 0.8, 'learning_rate': 0.1, 'max_depth': 20, 'min_child_samples': 20, 'n_estimators': 700, 'num_leaves': 31, 'reg_alpha': 0.5, 'reg_lambda': 0.0, 'subsample': 0.8}",-0.008651556738727601,-0.009450289115472655,-0.009975264913501241,-0.009506559738579803,-0.009824930874275196,-0.0094817202761113,0.0004587278581783802,137
0.5553769111633301,0.005946319576390174,0.005635309219360352,0.00014949475355710654,0.8,0.1,20,20,700,31,0.5,0.5,0.8,"{'colsample_bytree': 0.8, 'learning_rate': 0.1, 'max_depth': 20, 'min_child_samples': 20, 'n_estimators': 700, 'num_leaves': 31, 'reg_alpha': 0.5, 'reg_lambda': 0.5, 'subsample': 0.8}",-0.008997486950892458,-0.009314503161933439,-0.009637132193623695,-0.009845470961978763,-0.009529711642055393,-0.009464860982096748,0.0002897560678682096,126
0.5422122001647949,0.00918354408680143,0.005506038665771484,0.00011199655337285477,0.8,0.1,20,20,700,31,0.5,1.0,0.8,"{'colsample_bytree': 0.8, 'learning_rate': 0.1, 'max_depth': 20, 'min_child_samples': 20, 'n_estimators': 700, 'num_leaves': 31, 'reg_alpha': 0.5, 'reg_lambda': 1.0, 'subsample': 0.8}",-0.008964178360714885,-0.009218662301435301,-0.009870732125131053,-0.00980382351827024,-0.009599245304015134,-0.009491328321913323,0.0003479886230850156,147
0.4002832889556885,0.03402178394375987,0.004761219024658203,0.0006804034674524185,0.8,0.1,20,20,700,31,1.0,0.0,0.8,"{'colsample_bytree': 0.8, 'learning_rate': 0.1, 'max_depth': 20, 'min_child_samples': 20, 'n_estimators': 700, 'num_leaves': 31, 'reg_alpha': 1.0, 'reg_lambda': 0.0, 'subsample': 0.8}",-0.009047718055566487,-0.009357352683265487,-0.010086618293200816,-0.00987326598554608,-0.009894074039369025,-0.009651805811389578,0.0003868914728349589,245
0.38425068855285643,0.006150804598288741,0.004119586944580078,4.646151129954253e-05,0.8,0.1,20,20,700,31,1.0,0.5,0.8,"{'colsample_bytree': 0.8, 'learning_rate': 0.1, 'max_depth': 20, 'min_child_samples': 20, 'n_estimators': 700, 'num_leaves': 31, 'reg_alpha': 1.0, 'reg_lambda': 0.5, 'subsample': 0.8}",-0.009102961317128754,-0.009508511812123286,-0.010060964946070188,-0.009802381191635238,-0.009824828740102966,-0.009659929601412086,0.00032907584103782756,257
0.37520694732666016,0.010677587575268502,0.004156637191772461,0.0002609819722241427,0.8,0.1,20,20,700,31,1.0,1.0,0.8,"{'colsample_bytree': 0.8, 'learning_rate': 0.1, 'max_depth': 20, 'min_child_samples': 20, 'n_estimators': 700, 'num_leaves': 31, 'reg_alpha': 1.0, 'reg_lambda': 1.0, 'subsample': 0.8}",-0.008923943897974228,-0.009464139876892222,-0.010072409143025264,-0.010022852380035948,-0.009699091572532823,-0.009636487374092095,0.00041967769949317446,233
1.6409821510314941,0.17012304591401423,0.020609140396118164,0.001467969883169131,0.8,0.1,20,20,700,50,0.0,0.0,0.8,"{'colsample_bytree': 0.8, 'learning_rate': 0.1, 'max_depth': 20, 'min_child_samples': 20, 'n_estimators': 700, 'num_leaves': 50, 'reg_alpha': 0.0, 'reg_lambda': 0.0, 'subsample': 0.8}",-0.008550597048357676,-0.009412918987455957,-0.00945318497677261,-0.009165155308605547,-0.009519229148450738,-0.009220217093928507,0.0003555950136289227,4
1.7155733108520508,0.15006439248654238,0.02121601104736328,0.000590489357532227,0.8,0.1,20,20,700,50,0.0,0.5,0.8,"{'colsample_bytree': 0.8, 'learning_rate': 0.1, 'max_depth': 20, 'min_child_samples': 20, 'n_estimators': 700, 'num_leaves': 50, 'reg_alpha': 0.0, 'reg_lambda': 0.5, 'subsample': 0.8}",-0.008658537820083174,-0.009619832920836846,-0.009583872435605349,-0.009530082860614719,-0.009860426037365063,-0.00945055041490103,0.00041183460616664664,103
1.8646872520446778,0.04044274928912035,0.020509910583496094,0.0005809943179129147,0.8,0.1,20,20,700,50,0.0,1.0,0.8,"{'colsample_bytree': 0.8, 'learning_rate': 0.1, 'max_depth': 20, 'min_child_samples': 20, 'n_estimators': 700, 'num_leaves': 50, 'reg_alpha': 0.0, 'reg_lambda': 1.0, 'subsample': 0.8}",-0.008411192759000628,-0.009347910848696104,-0.009501372653052623,-0.009577982329074084,-0.01002007533396994,-0.009371706784758675,0.0005296976596966212,33
0.530537223815918,0.015457271256448808,0.004927158355712891,0.0003184313758396372,0.8,0.1,20,20,700,50,0.5,0.0,0.8,"{'colsample_bytree': 0.8, 'learning_rate': 0.1, 'max_depth': 20, 'min_child_samples': 20, 'n_estimators': 700, 'num_leaves': 50, 'reg_alpha': 0.5, 'reg_lambda': 0.0, 'subsample': 0.8}",-0.008937772139079732,-0.009443170496033505,-0.009859160557536306,-0.00981772569996308,-0.009457631886286294,-0.009503092155779784,0.00033197076273241364,167
0.5242542266845703,0.008665355982097445,0.004785394668579102,2.542333676438752e-05,0.8,0.1,20,20,700,50,0.5,0.5,0.8,"{'colsample_bytree': 0.8, 'learning_rate': 0.1, 'max_depth': 20, 'min_child_samples': 20, 'n_estimators': 700, 'num_leaves': 50, 'reg_alpha': 0.5, 'reg_lambda': 0.5, 'subsample': 0.8}",-0.008834232693135732,-0.009577661712352236,-0.009726831301390744,-0.009755205134036863,-0.009661026341877299,-0.009510991436558574,0.0003438560665669437,175
0.5382381916046143,0.025094179320836994,0.006281137466430664,0.002301307939017095,0.8,0.1,20,20,700,50,0.5,1.0,0.8,"{'colsample_bytree': 0.8, 'learning_rate': 0.1, 'max_depth': 20, 'min_child_samples': 20, 'n_estimators': 700, 'num_leaves': 50, 'reg_alpha': 0.5, 'reg_lambda': 1.0, 'subsample': 0.8}",-0.0087780296509262,-0.009522736656188645,-0.009784665376834449,-0.009730514867952577,-0.009633249362367646,-0.009489839182853904,0.0003669247342815364,143
0.38548855781555175,0.028430590584979973,0.004716157913208008,0.00020705326945928291,0.8,0.1,20,20,700,50,1.0,0.0,0.8,"{'colsample_bytree': 0.8, 'learning_rate': 0.1, 'max_depth': 20, 'min_child_samples': 20, 'n_estimators': 700, 'num_leaves': 50, 'reg_alpha': 1.0, 'reg_lambda': 0.0, 'subsample': 0.8}",-0.00924131383645872,-0.009577270947513152,-0.009947094884098121,-0.009831543318136514,-0.009452383732483182,-0.009609921343737938,0.00025477752554392726,215
0.3751473903656006,0.018988628132870052,0.004683160781860351,0.00015824432909440967,0.8,0.1,20,20,700,50,1.0,0.5,0.8,"{'colsample_bytree': 0.8, 'learning_rate': 0.1, 'max_depth': 20, 'min_child_samples': 20, 'n_estimators': 700, 'num_leaves': 50, 'reg_alpha': 1.0, 'reg_lambda': 0.5, 'subsample': 0.8}",-0.009366937286303025,-0.009647769341732353,-0.009854090906463215,-0.009873212662485902,-0.009524739391162905,-0.00965334991762948,0.0001935151554284277,249
0.36646075248718263,0.013857585355814515,0.004713964462280273,8.031024995170186e-05,0.8,0.1,20,20,700,50,1.0,1.0,0.8,"{'colsample_bytree': 0.8, 'learning_rate': 0.1, 'max_depth': 20, 'min_child_samples': 20, 'n_estimators': 700, 'num_leaves': 50, 'reg_alpha': 1.0, 'reg_lambda': 1.0, 'subsample': 0.8}",-0.009248318241033003,-0.009535856741606218,-0.01012319158673947,-0.009918366733844981,-0.009260341805902957,-0.009617215021825326,0.0003512170652962665,219
2.370227241516113,0.11588876707086501,0.025435447692871094,0.001183714683686968,0.8,0.1,20,20,700,100,0.0,0.0,0.8,"{'colsample_bytree': 0.8, 'learning_rate': 0.1, 'max_depth': 20, 'min_child_samples': 20, 'n_estimators': 700, 'num_leaves': 100, 'reg_alpha': 0.0, 'reg_lambda': 0.0, 'subsample': 0.8}",-0.008894588697332922,-0.009491179020084901,-0.009661333561655798,-0.00967561199420385,-0.009905541331135791,-0.009525650920882653,0.00034194814468198456,182
2.1249821186065674,0.24438791502490279,0.026070022583007814,0.0015427202757061075,0.8,0.1,20,20,700,100,0.0,0.5,0.8,"{'colsample_bytree': 0.8, 'learning_rate': 0.1, 'max_depth': 20, 'min_child_samples': 20, 'n_estimators': 700, 'num_leaves': 100, 'reg_alpha': 0.0, 'reg_lambda': 0.5, 'subsample': 0.8}",-0.008699089569034089,-0.009758446672788667,-0.009806265037237378,-0.009512870287859534,-0.009664753823694028,-0.00948828507812274,0.0004071053288518795,142
2.1202782154083253,0.26268875831774113,0.0236513614654541,0.0011090570632635677,0.8,0.1,20,20,700,100,0.0,1.0,0.8,"{'colsample_bytree': 0.8, 'learning_rate': 0.1, 'max_depth': 20, 'min_child_samples': 20, 'n_estimators': 700, 'num_leaves': 100, 'reg_alpha': 0.0, 'reg_lambda': 1.0, 'subsample': 0.8}",-0.00847331166701039,-0.009803139752006742,-0.009721647510752088,-0.009402377799780383,-0.009830106275036492,-0.00944611660091722,0.0005097241223793328,100
0.5313266754150391,0.013687637740212824,0.0052645206451416016,4.3430939855614046e-05,0.8,0.1,20,20,700,100,0.5,0.0,0.8,"{'colsample_bytree': 0.8, 'learning_rate': 0.1, 'max_depth': 20, 'min_child_samples': 20, 'n_estimators': 700, 'num_leaves': 100, 'reg_alpha': 0.5, 'reg_lambda': 0.0, 'subsample': 0.8}",-0.008965130997488129,-0.009382397378899157,-0.00973082402023202,-0.009443322927548124,-0.00952349636585861,-0.009409034338005207,0.00025123119475631517,61
0.5482025146484375,0.005668938527125125,0.005381298065185547,0.00010259895831830837,0.8,0.1,20,20,700,100,0.5,0.5,0.8,"{'colsample_bytree': 0.8, 'learning_rate': 0.1, 'max_depth': 20, 'min_child_samples': 20, 'n_estimators': 700, 'num_leaves': 100, 'reg_alpha': 0.5, 'reg_lambda': 0.5, 'subsample': 0.8}",-0.009114253220502872,-0.009569032477200635,-0.009751074654185406,-0.009639312508430507,-0.009691342014555102,-0.009553002974974903,0.00022741051318416936,189
0.5393255233764649,0.00797497527474543,0.005283212661743164,5.597601128607183e-05,0.8,0.1,20,20,700,100,0.5,1.0,0.8,"{'colsample_bytree': 0.8, 'learning_rate': 0.1, 'max_depth': 20, 'min_child_samples': 20, 'n_estimators': 700, 'num_leaves': 100, 'reg_alpha': 0.5, 'reg_lambda': 1.0, 'subsample': 0.8}",-0.009097491537824957,-0.009535886156936114,-0.009644807202068369,-0.009585398195871342,-0.009949275516133187,-0.009562571721766795,0.00027343563907565046,195
0.38135480880737305,0.003640998437854122,0.004635810852050781,8.553786129071966e-05,0.8,0.1,20,20,700,100,1.0,0.0,0.8,"{'colsample_bytree': 0.8, 'learning_rate': 0.1, 'max_depth': 20, 'min_child_samples': 20, 'n_estimators': 700, 'num_leaves': 100, 'reg_alpha': 1.0, 'reg_lambda': 0.0, 'subsample': 0.8}",-0.009289583642378583,-0.009529096248991793,-0.010080411020401761,-0.009876905996041857,-0.009374595199160821,-0.009630118421394964,0.0003017048437987373,227
0.38133993148803713,0.00564634306856196,0.00464482307434082,5.93075788123545e-05,0.8,0.1,20,20,700,100,1.0,0.5,0.8,"{'colsample_bytree': 0.8, 'learning_rate': 0.1, 'max_depth': 20, 'min_child_samples': 20, 'n_estimators': 700, 'num_leaves': 100, 'reg_alpha': 1.0, 'reg_lambda': 0.5, 'subsample': 0.8}",-0.009357107187648784,-0.009483093026717985,-0.009967904234606292,-0.009917485580026154,-0.009393569066482003,-0.009623831819096245,0.0002640411825324078,223
0.39641728401184084,0.008470862003180611,0.004763555526733398,7.352983594325134e-05,0.8,0.1,20,20,700,100,1.0,1.0,0.8,"{'colsample_bytree': 0.8, 'learning_rate': 0.1, 'max_depth': 20, 'min_child_samples': 20, 'n_estimators': 700, 'num_leaves': 100, 'reg_alpha': 1.0, 'reg_lambda': 1.0, 'subsample': 0.8}",-0.009358616667081633,-0.009542566624315027,-0.010172772858215693,-0.009820554079010372,-0.009435012689487885,-0.009665904583622122,0.00029791982037052613,277
0.8613680362701416,0.0026866769605775015,0.010950136184692382,0.0005675084484834611,0.8,0.1,20,30,500,31,0.0,0.0,0.8,"{'colsample_bytree': 0.8, 'learning_rate': 0.1, 'max_depth': 20, 'min_child_samples': 30, 'n_estimators': 500, 'num_leaves': 31, 'reg_alpha': 0.0, 'reg_lambda': 0.0, 'subsample': 0.8}",-0.00873377112734569,-0.009399362103847399,-0.009787067074068501,-0.009523995752986486,-0.009678955054473887,-0.009424630222544392,0.0003698215427364845,76
0.8916192531585694,0.025813272752803287,0.010696220397949218,0.00016771084805443826,0.8,0.1,20,30,500,31,0.0,0.5,0.8,"{'colsample_bytree': 0.8, 'learning_rate': 0.1, 'max_depth': 20, 'min_child_samples': 30, 'n_estimators': 500, 'num_leaves': 31, 'reg_alpha': 0.0, 'reg_lambda': 0.5, 'subsample': 0.8}",-0.008610367199222995,-0.009137107637869655,-0.009891330449959488,-0.009534532557745803,-0.010031070830322725,-0.009440881735024133,0.0005180792962224466,91
0.8652269840240479,0.007954551522911486,0.011019229888916016,0.0015293018720619867,0.8,0.1,20,30,500,31,0.0,1.0,0.8,"{'colsample_bytree': 0.8, 'learning_rate': 0.1, 'max_depth': 20, 'min_child_samples': 30, 'n_estimators': 500, 'num_leaves': 31, 'reg_alpha': 0.0, 'reg_lambda': 1.0, 'subsample': 0.8}",-0.008443102751653797,-0.0092931889525927,-0.009833724314207894,-0.009606426427702725,-0.009782282858871984,-0.00939174506100582,0.0005106053385205337,52
0.4997077941894531,0.013909260677665186,0.005515575408935547,0.0003354526870803661,0.8,0.1,20,30,500,31,0.5,0.0,0.8,"{'colsample_bytree': 0.8, 'learning_rate': 0.1, 'max_depth': 20, 'min_child_samples': 30, 'n_estimators': 500, 'num_leaves': 31, 'reg_alpha': 0.5, 'reg_lambda': 0.0, 'subsample': 0.8}",-0.008927997298626755,-0.009245954165556274,-0.009768263484641241,-0.00953183768663151,-0.00967024032280738,-0.009428858591652631,0.0003060658685511118,77
0.4984713077545166,0.015336696455808879,0.005718326568603516,0.0001610552778923573,0.8,0.1,20,30,500,31,0.5,0.5,0.8,"{'colsample_bytree': 0.8, 'learning_rate': 0.1, 'max_depth': 20, 'min_child_samples': 30, 'n_estimators': 500, 'num_leaves': 31, 'reg_alpha': 0.5, 'reg_lambda': 0.5, 'subsample': 0.8}",-0.008588829507786177,-0.009207632588900517,-0.00999470286882977,-0.00984179973492667,-0.009872572467015417,-0.00950110743349171,0.0005321790050935496,163
0.5172036170959473,0.025127475997364267,0.006547117233276367,0.0015532124548281432,0.8,0.1,20,30,500,31,0.5,1.0,0.8,"{'colsample_bytree': 0.8, 'learning_rate': 0.1, 'max_depth': 20, 'min_child_samples': 30, 'n_estimators': 500, 'num_leaves': 31, 'reg_alpha': 0.5, 'reg_lambda': 1.0, 'subsample': 0.8}",-0.008737225807936538,-0.0093204072520745,-0.009781965925477204,-0.00962556787814073,-0.009745747056253102,-0.009442182783976414,0.00038807926037085665,92
0.3514254093170166,0.007546042821388193,0.0047019004821777345,8.415566603354866e-05,0.8,0.1,20,30,500,31,1.0,0.0,0.8,"{'colsample_bytree': 0.8, 'learning_rate': 0.1, 'max_depth': 20, 'min_child_samples': 30, 'n_estimators': 500, 'num_leaves': 31, 'reg_alpha': 1.0, 'reg_lambda': 0.0, 'subsample': 0.8}",-0.009040169523914064,-0.009495409816098598,-0.01024897642600645,-0.00984069432424921,-0.009647931914292588,-0.009654636400912181,0.00039769968937518503,253
0.3501310348510742,0.0059460958383374405,0.004758214950561524,4.471873341166712e-05,0.8,0.1,20,30,500,31,1.0,0.5,0.8,"{'colsample_bytree': 0.8, 'learning_rate': 0.1, 'max_depth': 20, 'min_child_samples': 30, 'n_estimators': 500, 'num_leaves': 31, 'reg_alpha': 1.0, 'reg_lambda': 0.5, 'subsample': 0.8}",-0.009235280232381321,-0.009401237495231123,-0.010142153159131539,-0.009868116816735677,-0.009735663855433592,-0.00967649031178265,0.00032480596061484847,297
0.35947179794311523,0.007712413687563121,0.004859828948974609,0.00012250554458367654,0.8,0.1,20,30,500,31,1.0,1.0,0.8,"{'colsample_bytree': 0.8, 'learning_rate': 0.1, 'max_depth': 20, 'min_child_samples': 30, 'n_estimators': 500, 'num_leaves': 31, 'reg_alpha': 1.0, 'reg_lambda': 1.0, 'subsample': 0.8}",-0.009365321706311202,-0.00944231941826829,-0.010069162432343334,-0.010080513071829196,-0.00945929490072639,-0.009683322305895681,0.00032125633353062767,301
1.1596271514892578,0.08178339563127025,0.014095211029052734,0.0005818444809380132,0.8,0.1,20,30,500,50,0.0,0.0,0.8,"{'colsample_bytree': 0.8, 'learning_rate': 0.1, 'max_depth': 20, 'min_child_samples': 30, 'n_estimators': 500, 'num_leaves': 50, 'reg_alpha': 0.0, 'reg_lambda': 0.0, 'subsample': 0.8}",-0.008617443910974052,-0.009341184008730527,-0.00983660743624047,-0.00938597554114913,-0.009718924345942662,-0.009380027048607369,0.0004257685372653612,40
1.2014878749847413,0.13199625150500013,0.014983415603637695,0.0009099141166795435,0.8,0.1,20,30,500,50,0.0,0.5,0.8,"{'colsample_bytree': 0.8, 'learning_rate': 0.1, 'max_depth': 20, 'min_child_samples': 30, 'n_estimators': 500, 'num_leaves': 50, 'reg_alpha': 0.0, 'reg_lambda': 0.5, 'subsample': 0.8}",-0.008483176563128875,-0.009583341232887949,-0.009852998948971075,-0.009424771530236709,-0.009748570593868022,-0.009418571773818527,0.000489852590796026,70
1.0797324180603027,0.058014372303298714,0.014451074600219726,0.0015630222828115655,0.8,0.1,20,30,500,50,0.0,1.0,0.8,"{'colsample_bytree': 0.8, 'learning_rate': 0.1, 'max_depth': 20, 'min_child_samples': 30, 'n_estimators': 500, 'num_leaves': 50, 'reg_alpha': 0.0, 'reg_lambda': 1.0, 'subsample': 0.8}",-0.008629528862205997,-0.009450093087843824,-0.009989889954688507,-0.009424684417824286,-0.009984099216671882,-0.009495659107846898,0.0004980227185772614,152
0.41367282867431643,0.01467565532884137,0.00474252700805664,0.00017044948249464608,0.8,0.1,20,30,500,50,0.5,0.0,0.8,"{'colsample_bytree': 0.8, 'learning_rate': 0.1, 'max_depth': 20, 'min_child_samples': 30, 'n_estimators': 500, 'num_leaves': 50, 'reg_alpha': 0.5, 'reg_lambda': 0.0, 'subsample': 0.8}",-0.008730118795634095,-0.009432913477966142,-0.009754358545128735,-0.009794538615129052,-0.009591780062791894,-0.009460741899329984,0.0003871399031723907,113
0.4083868503570557,0.024227305597979906,0.004848861694335937,0.00046261355576521375,0.8,0.1,20,30,500,50,0.5,0.5,0.8,"{'colsample_bytree': 0.8, 'learning_rate': 0.1, 'max_depth': 20, 'min_child_samples': 30, 'n_estimators': 500, 'num_leaves': 50, 'reg_alpha': 0.5, 'reg_lambda': 0.5, 'subsample': 0.8}",-0.008782708824374668,-0.00937128165623031,-0.009972383049376123,-0.009790550969250965,-0.009616859410872189,-0.00950675678202085,0.000412811943896092,171
0.42832064628601074,0.026874103596287443,0.0051727771759033205,0.0005391557789822581,0.8,0.1,20,30,500,50,0.5,1.0,0.8,"{'colsample_bytree': 0.8, 'learning_rate': 0.1, 'max_depth': 20, 'min_child_samples': 30, 'n_estimators': 500, 'num_leaves': 50, 'reg_alpha': 0.5, 'reg_lambda': 1.0, 'subsample': 0.8}",-0.008862181549453656,-0.009313696490073341,-0.009872205405853096,-0.009747526737055435,-0.009497941441989377,-0.009458710324884982,0.0003557549085191865,109
0.3163476467132568,0.03123748644667729,0.004305744171142578,0.0004286137631344053,0.8,0.1,20,30,500,50,1.0,0.0,0.8,"{'colsample_bytree': 0.8, 'learning_rate': 0.1, 'max_depth': 20, 'min_child_samples': 30, 'n_estimators': 500, 'num_leaves': 50, 'reg_alpha': 1.0, 'reg_lambda': 0.0, 'subsample': 0.8}",-0.009260563147437336,-0.00959713127253432,-0.010133503044324999,-0.009990006282051031,-0.009592101151065072,-0.00971466097948255,0.000311859806821346,313
0.27693867683410645,0.005245289021657903,0.003973579406738282,6.260249026272967e-05,0.8,0.1,20,30,500,50,1.0,0.5,0.8,"{'colsample_bytree': 0.8, 'learning_rate': 0.1, 'max_depth': 20, 'min_child_samples': 30, 'n_estimators': 500, 'num_leaves': 50, 'reg_alpha': 1.0, 'reg_lambda': 0.5, 'subsample': 0.8}",-0.009141070738094902,-0.00947327407333254,-0.010085719572771348,-0.009876451255203105,-0.00972651048049099,-0.009660605223978578,0.0003276169298450953,261
0.27718091011047363,0.0061381845184860515,0.003956031799316406,0.0001988942260563234,0.8,0.1,20,30,500,50,1.0,1.0,0.8,"{'colsample_bytree': 0.8, 'learning_rate': 0.1, 'max_depth': 20, 'min_child_samples': 30, 'n_estimators': 500, 'num_leaves': 50, 'reg_alpha': 1.0, 'reg_lambda': 1.0, 'subsample': 0.8}",-0.009244649562857669,-0.009399769963561498,-0.00994266651518807,-0.010015818899529762,-0.00974127898089451,-0.0096688367844063,0.0003009846954621716,285
1.1376739025115967,0.08214314060053989,0.016436290740966798,0.002503038723422925,0.8,0.1,20,30,500,100,0.0,0.0,0.8,"{'colsample_bytree': 0.8, 'learning_rate': 0.1, 'max_depth': 20, 'min_child_samples': 30, 'n_estimators': 500, 'num_leaves': 100, 'reg_alpha': 0.0, 'reg_lambda': 0.0, 'subsample': 0.8}",-0.00851038216400921,-0.009498105540112484,-0.009937153669973532,-0.009499841876795487,-0.009600730795681472,-0.009409242809314437,0.00047737045601012654,65
1.2001317024230957,0.11049223101464874,0.015809154510498045,0.0004896793893367996,0.8,0.1,20,30,500,100,0.0,0.5,0.8,"{'colsample_bytree': 0.8, 'learning_rate': 0.1, 'max_depth': 20, 'min_child_samples': 30, 'n_estimators': 500, 'num_leaves': 100, 'reg_alpha': 0.0, 'reg_lambda': 0.5, 'subsample': 0.8}",-0.008165398579012419,-0.00944970959782036,-0.0097319566918218,-0.009599216888182228,-0.00984676436503329,-0.00935860922437402,0.0006111672018247211,29
1.3276880264282227,0.05045181044846012,0.01615114212036133,0.000413817720470737,0.8,0.1,20,30,500,100,0.0,1.0,0.8,"{'colsample_bytree': 0.8, 'learning_rate': 0.1, 'max_depth': 20, 'min_child_samples': 30, 'n_estimators': 500, 'num_leaves': 100, 'reg_alpha': 0.0, 'reg_lambda': 1.0, 'subsample': 0.8}",-0.008448069665083605,-0.00940777415910676,-0.00957763660630328,-0.009454325291815405,-0.009856682934937506,-0.009348897731449311,0.0004767053377342514,22
0.4887541770935059,0.0061946297222941985,0.005251884460449219,0.000324397228646231,0.8,0.1,20,30,500,100,0.5,0.0,0.8,"{'colsample_bytree': 0.8, 'learning_rate': 0.1, 'max_depth': 20, 'min_child_samples': 30, 'n_estimators': 500, 'num_leaves': 100, 'reg_alpha': 0.5, 'reg_lambda': 0.0, 'subsample': 0.8}",-0.008926979577569832,-0.009090818218525117,-0.009890472835797637,-0.009861063992706925,-0.009720262247909943,-0.009497919374501892,0.0004067215730645096,159
0.4970113754272461,0.008304247162965435,0.005633783340454101,0.00019095428481846093,0.8,0.1,20,30,500,100,0.5,0.5,0.8,"{'colsample_bytree': 0.8, 'learning_rate': 0.1, 'max_depth': 20, 'min_child_samples': 30, 'n_estimators': 500, 'num_leaves': 100, 'reg_alpha': 0.5, 'reg_lambda': 0.5, 'subsample': 0.8}",-0.008943338426061724,-0.00946548856917625,-0.009837845762077626,-0.009637872162142654,-0.00959919511420864,-0.009496748006733379,0.0003013298631687465,155
0.5022194385528564,0.010009324199031793,0.005629730224609375,7.724311603557514e-05,0.8,0.1,20,30,500,100,0.5,1.0,0.8,"{'colsample_bytree': 0.8, 'learning_rate': 0.1, 'max_depth': 20, 'min_child_samples': 30, 'n_estimators': 500, 'num_leaves': 100, 'reg_alpha': 0.5, 'reg_lambda': 1.0, 'subsample': 0.8}",-0.008951059195292784,-0.009349918568600322,-0.009875664915318808,-0.010041918178984578,-0.009607305438650682,-0.009565173259369434,0.0003870236615295935,199
0.3252387046813965,0.0125162549892374,0.004803228378295899,0.00012868538947081632,0.8,0.1,20,30,500,100,1.0,0.0,0.8,"{'colsample_bytree': 0.8, 'learning_rate': 0.1, 'max_depth': 20, 'min_child_samples': 30, 'n_estimators': 500, 'num_leaves': 100, 'reg_alpha': 1.0, 'reg_lambda': 0.0, 'subsample': 0.8}",-0.009260563147437336,-0.00959713127253432,-0.010133503044324999,-0.009990006282051031,-0.009592101151065072,-0.00971466097948255,0.000311859806821346,313
0.321519660949707,0.00473504053333987,0.0047871112823486325,0.0001352284119143711,0.8,0.1,20,30,500,100,1.0,0.5,0.8,"{'colsample_bytree': 0.8, 'learning_rate': 0.1, 'max_depth': 20, 'min_child_samples': 30, 'n_estimators': 500, 'num_leaves': 100, 'reg_alpha': 1.0, 'reg_lambda': 0.5, 'subsample': 0.8}",-0.009141070738094902,-0.00947327407333254,-0.010085719572771348,-0.009876451255203105,-0.00972651048049099,-0.009660605223978578,0.0003276169298450953,261
0.3295119285583496,0.012613048416008375,0.0046654224395751955,0.00012635567488081977,0.8,0.1,20,30,500,100,1.0,1.0,0.8,"{'colsample_bytree': 0.8, 'learning_rate': 0.1, 'max_depth': 20, 'min_child_samples': 30, 'n_estimators': 500, 'num_leaves': 100, 'reg_alpha': 1.0, 'reg_lambda': 1.0, 'subsample': 0.8}",-0.009244649562857669,-0.009399769963561498,-0.00994266651518807,-0.010015818899529762,-0.00974127898089451,-0.0096688367844063,0.0003009846954621716,285
1.226620864868164,0.04085569152752374,0.016035175323486327,0.0004341464613941027,0.8,0.1,20,30,700,31,0.0,0.0,0.8,"{'colsample_bytree': 0.8, 'learning_rate': 0.1, 'max_depth': 20, 'min_child_samples': 30, 'n_estimators': 700, 'num_leaves': 31, 'reg_alpha': 0.0, 'reg_lambda': 0.0, 'subsample': 0.8}",-0.008726952527067936,-0.009391133094325465,-0.00979438277932722,-0.00951515891107385,-0.00968879802176362,-0.009423285066711617,0.0003748504234976437,73
1.273341178894043,0.044057563687329986,0.016139411926269533,0.00022869085251426392,0.8,0.1,20,30,700,31,0.0,0.5,0.8,"{'colsample_bytree': 0.8, 'learning_rate': 0.1, 'max_depth': 20, 'min_child_samples': 30, 'n_estimators': 700, 'num_leaves': 31, 'reg_alpha': 0.0, 'reg_lambda': 0.5, 'subsample': 0.8}",-0.008613581325200625,-0.00912538535351557,-0.0098905961345795,-0.009524087396272331,-0.01003386002289262,-0.00943750204649213,0.0005185935395819948,86
1.2492443084716798,0.002129510420155526,0.016117143630981445,0.00033391443915341604,0.8,0.1,20,30,700,31,0.0,1.0,0.8,"{'colsample_bytree': 0.8, 'learning_rate': 0.1, 'max_depth': 20, 'min_child_samples': 30, 'n_estimators': 700, 'num_leaves': 31, 'reg_alpha': 0.0, 'reg_lambda': 1.0, 'subsample': 0.8}",-0.008440826992858514,-0.009293382065731161,-0.009828273827535679,-0.009599571095848459,-0.009773464072296845,-0.00938710361085413,0.0005085806060435936,51
0.5456944942474365,0.014404674793324142,0.00568842887878418,0.00010436679007988225,0.8,0.1,20,30,700,31,0.5,0.0,0.8,"{'colsample_bytree': 0.8, 'learning_rate': 0.1, 'max_depth': 20, 'min_child_samples': 30, 'n_estimators': 700, 'num_leaves': 31, 'reg_alpha': 0.5, 'reg_lambda': 0.0, 'subsample': 0.8}",-0.008927997298626755,-0.009245954165556274,-0.009768263484641241,-0.00953183768663151,-0.00967024032280738,-0.009428858591652631,0.0003060658685511118,77
0.5472177505493164,0.016104730660374218,0.005730438232421875,0.0001813165001909806,0.8,0.1,20,30,700,31,0.5,0.5,0.8,"{'colsample_bytree': 0.8, 'learning_rate': 0.1, 'max_depth': 20, 'min_child_samples': 30, 'n_estimators': 700, 'num_leaves': 31, 'reg_alpha': 0.5, 'reg_lambda': 0.5, 'subsample': 0.8}",-0.008588829507786177,-0.009207632588900517,-0.00999470286882977,-0.00984179973492667,-0.009872572467015417,-0.00950110743349171,0.0005321790050935496,163
0.5328258991241455,0.015626811431202547,0.0058232307434082035,6.115436089201495e-05,0.8,0.1,20,30,700,31,0.5,1.0,0.8,"{'colsample_bytree': 0.8, 'learning_rate': 0.1, 'max_depth': 20, 'min_child_samples': 30, 'n_estimators': 700, 'num_leaves': 31, 'reg_alpha': 0.5, 'reg_lambda': 1.0, 'subsample': 0.8}",-0.008737225807936538,-0.0093204072520745,-0.009781965925477204,-0.00962556787814073,-0.009745747056253102,-0.009442182783976414,0.00038807926037085665,92
0.35949268341064455,0.008306590798067113,0.004710006713867188,0.00010566859898402039,0.8,0.1,20,30,700,31,1.0,0.0,0.8,"{'colsample_bytree': 0.8, 'learning_rate': 0.1, 'max_depth': 20, 'min_child_samples': 30, 'n_estimators': 700, 'num_leaves': 31, 'reg_alpha': 1.0, 'reg_lambda': 0.0, 'subsample': 0.8}",-0.009040169523914064,-0.009495409816098598,-0.01024897642600645,-0.00984069432424921,-0.009647931914292588,-0.009654636400912181,0.00039769968937518503,253
0.3640896320343018,0.010965011857255902,0.004448604583740234,0.0004640669376925935,0.8,0.1,20,30,700,31,1.0,0.5,0.8,"{'colsample_bytree': 0.8, 'learning_rate': 0.1, 'max_depth': 20, 'min_child_samples': 30, 'n_estimators': 700, 'num_leaves': 31, 'reg_alpha': 1.0, 'reg_lambda': 0.5, 'subsample': 0.8}",-0.009235280232381321,-0.009401237495231123,-0.010142153159131539,-0.009868116816735677,-0.009735663855433592,-0.00967649031178265,0.00032480596061484847,297
0.3712799072265625,0.00767295999925751,0.0043560504913330075,0.00016582334235578887,0.8,0.1,20,30,700,31,1.0,1.0,0.8,"{'colsample_bytree': 0.8, 'learning_rate': 0.1, 'max_depth': 20, 'min_child_samples': 30, 'n_estimators': 700, 'num_leaves': 31, 'reg_alpha': 1.0, 'reg_lambda': 1.0, 'subsample': 0.8}",-0.009365321706311202,-0.00944231941826829,-0.010069162432343334,-0.010080513071829196,-0.00945929490072639,-0.009683322305895681,0.00032125633353062767,301
1.6552531719207764,0.08100715925530336,0.022548866271972657,0.0014939024724989738,0.8,0.1,20,30,700,50,0.0,0.0,0.8,"{'colsample_bytree': 0.8, 'learning_rate': 0.1, 'max_depth': 20, 'min_child_samples': 30, 'n_estimators': 700, 'num_leaves': 50, 'reg_alpha': 0.0, 'reg_lambda': 0.0, 'subsample': 0.8}",-0.008616783132267245,-0.009342740702006002,-0.009831802909066104,-0.009381799365750064,-0.009719336654934392,-0.00937849255280476,0.0004250071416419565,37
1.7203205108642579,0.09383143539406108,0.02192659378051758,0.0009137795623531231,0.8,0.1,20,30,700,50,0.0,0.5,0.8,"{'colsample_bytree': 0.8, 'learning_rate': 0.1, 'max_depth': 20, 'min_child_samples': 30, 'n_estimators': 700, 'num_leaves': 50, 'reg_alpha': 0.0, 'reg_lambda': 0.5, 'subsample': 0.8}",-0.00848295852349037,-0.00958304064598547,-0.009847583219966281,-0.009423887312481094,-0.009749173336629773,-0.009417328607710596,0.0004890380161095708,68
1.761167049407959,0.0218609558384925,0.02283315658569336,0.0004264343375381079,0.8,0.1,20,30,700,50,0.0,1.0,0.8,"{'colsample_bytree': 0.8, 'learning_rate': 0.1, 'max_depth': 20, 'min_child_samples': 30, 'n_estimators': 700, 'num_leaves': 50, 'reg_alpha': 0.0, 'reg_lambda': 1.0, 'subsample': 0.8}",-0.008628675866699145,-0.009449999983371676,-0.009987914239427872,-0.009424854508447354,-0.009980780082693538,-0.00949444493612792,0.0004972741881727174,151
0.5204750537872315,0.008482990471890505,0.0053828716278076175,0.0005079674113742724,0.8,0.1,20,30,700,50,0.5,0.0,0.8,"{'colsample_bytree': 0.8, 'learning_rate': 0.1, 'max_depth': 20, 'min_child_samples': 30, 'n_estimators': 700, 'num_leaves': 50, 'reg_alpha': 0.5, 'reg_lambda': 0.0, 'subsample': 0.8}",-0.008730118795634095,-0.009432913477966142,-0.009754358545128735,-0.009794538615129052,-0.009591780062791894,-0.009460741899329984,0.0003871399031723907,113
0.5253555774688721,0.024766611500597904,0.005619335174560547,5.9065747763363976e-05,0.8,0.1,20,30,700,50,0.5,0.5,0.8,"{'colsample_bytree': 0.8, 'learning_rate': 0.1, 'max_depth': 20, 'min_child_samples': 30, 'n_estimators': 700, 'num_leaves': 50, 'reg_alpha': 0.5, 'reg_lambda': 0.5, 'subsample': 0.8}",-0.008782708824374668,-0.00937128165623031,-0.009972383049376123,-0.009790550969250965,-0.009616859410872189,-0.00950675678202085,0.000412811943896092,171
0.5222285747528076,0.01989799802489423,0.005464696884155273,0.00014517076848832993,0.8,0.1,20,30,700,50,0.5,1.0,0.8,"{'colsample_bytree': 0.8, 'learning_rate': 0.1, 'max_depth': 20, 'min_child_samples': 30, 'n_estimators': 700, 'num_leaves': 50, 'reg_alpha': 0.5, 'reg_lambda': 1.0, 'subsample': 0.8}",-0.008862181549453656,-0.009313696490073341,-0.009872205405853096,-0.009747526737055435,-0.009497941441989377,-0.009458710324884982,0.0003557549085191865,109
0.38724827766418457,0.01692838337964998,0.004774808883666992,0.0001297388824034044,0.8,0.1,20,30,700,50,1.0,0.0,0.8,"{'colsample_bytree': 0.8, 'learning_rate': 0.1, 'max_depth': 20, 'min_child_samples': 30, 'n_estimators': 700, 'num_leaves': 50, 'reg_alpha': 1.0, 'reg_lambda': 0.0, 'subsample': 0.8}",-0.009260563147437336,-0.00959713127253432,-0.010133503044324999,-0.009990006282051031,-0.009592101151065072,-0.00971466097948255,0.000311859806821346,313
0.37389373779296875,0.010581835146289855,0.006061029434204101,0.0025633299743443726,0.8,0.1,20,30,700,50,1.0,0.5,0.8,"{'colsample_bytree': 0.8, 'learning_rate': 0.1, 'max_depth': 20, 'min_child_samples': 30, 'n_estimators': 700, 'num_leaves': 50, 'reg_alpha': 1.0, 'reg_lambda': 0.5, 'subsample': 0.8}",-0.009141070738094902,-0.00947327407333254,-0.010085719572771348,-0.009876451255203105,-0.00972651048049099,-0.009660605223978578,0.0003276169298450953,261
0.36242403984069826,0.007664111329432128,0.004776906967163086,0.00014024796557746328,0.8,0.1,20,30,700,50,1.0,1.0,0.8,"{'colsample_bytree': 0.8, 'learning_rate': 0.1, 'max_depth': 20, 'min_child_samples': 30, 'n_estimators': 700, 'num_leaves': 50, 'reg_alpha': 1.0, 'reg_lambda': 1.0, 'subsample': 0.8}",-0.009244649562857669,-0.009399769963561498,-0.00994266651518807,-0.010015818899529762,-0.00974127898089451,-0.0096688367844063,0.0003009846954621716,285
1.8011099815368652,0.046994785536035366,0.02320442199707031,0.0004023818719016587,0.8,0.1,20,30,700,100,0.0,0.0,0.8,"{'colsample_bytree': 0.8, 'learning_rate': 0.1, 'max_depth': 20, 'min_child_samples': 30, 'n_estimators': 700, 'num_leaves': 100, 'reg_alpha': 0.0, 'reg_lambda': 0.0, 'subsample': 0.8}",-0.008508176965224363,-0.009498585963615481,-0.00992981871848636,-0.009498920596194506,-0.009599556887325148,-0.009407011826169171,0.0004764740914543401,59
1.8232910633087158,0.055313853625532414,0.024998903274536133,0.0008015340876900396,0.8,0.1,20,30,700,100,0.0,0.5,0.8,"{'colsample_bytree': 0.8, 'learning_rate': 0.1, 'max_depth': 20, 'min_child_samples': 30, 'n_estimators': 700, 'num_leaves': 100, 'reg_alpha': 0.0, 'reg_lambda': 0.5, 'subsample': 0.8}",-0.00816317952765636,-0.009451651034222526,-0.00972841851108818,-0.009597974889453215,-0.009847725003164992,-0.009357789793117053,0.0006117180160919866,28
1.7942949771881103,0.036199020508216044,0.023397111892700197,0.0009638612460097743,0.8,0.1,20,30,700,100,0.0,1.0,0.8,"{'colsample_bytree': 0.8, 'learning_rate': 0.1, 'max_depth': 20, 'min_child_samples': 30, 'n_estimators': 700, 'num_leaves': 100, 'reg_alpha': 0.0, 'reg_lambda': 1.0, 'subsample': 0.8}",-0.00844257477662135,-0.009412778892467895,-0.009572869768198686,-0.009453956614701668,-0.009853848898270665,-0.009347205790052052,0.000477841879898121,21
0.5145349025726318,0.004603116629385282,0.005086040496826172,0.00015266309315502459,0.8,0.1,20,30,700,100,0.5,0.0,0.8,"{'colsample_bytree': 0.8, 'learning_rate': 0.1, 'max_depth': 20, 'min_child_samples': 30, 'n_estimators': 700, 'num_leaves': 100, 'reg_alpha': 0.5, 'reg_lambda': 0.0, 'subsample': 0.8}",-0.008926979577569832,-0.009090818218525117,-0.009890472835797637,-0.009861063992706925,-0.009720262247909943,-0.009497919374501892,0.0004067215730645096,159
0.5395740985870361,0.018602059633887457,0.005637311935424804,0.00011995735061037846,0.8,0.1,20,30,700,100,0.5,0.5,0.8,"{'colsample_bytree': 0.8, 'learning_rate': 0.1, 'max_depth': 20, 'min_child_samples': 30, 'n_estimators': 700, 'num_leaves': 100, 'reg_alpha': 0.5, 'reg_lambda': 0.5, 'subsample': 0.8}",-0.008943338426061724,-0.00946548856917625,-0.009837845762077626,-0.009637872162142654,-0.00959919511420864,-0.009496748006733379,0.0003013298631687465,155
0.521120834350586,0.011694448088420992,0.005630683898925781,6.391172789232074e-05,0.8,0.1,20,30,700,100,0.5,1.0,0.8,"{'colsample_bytree': 0.8, 'learning_rate': 0.1, 'max_depth': 20, 'min_child_samples': 30, 'n_estimators': 700, 'num_leaves': 100, 'reg_alpha': 0.5, 'reg_lambda': 1.0, 'subsample': 0.8}",-0.008951059195292784,-0.009349918568600322,-0.009875664915318808,-0.010041918178984578,-0.009607305438650682,-0.009565173259369434,0.0003870236615295935,199
0.37007975578308105,0.011311875563530272,0.004812765121459961,0.00013752312662894883,0.8,0.1,20,30,700,100,1.0,0.0,0.8,"{'colsample_bytree': 0.8, 'learning_rate': 0.1, 'max_depth': 20, 'min_child_samples': 30, 'n_estimators': 700, 'num_leaves': 100, 'reg_alpha': 1.0, 'reg_lambda': 0.0, 'subsample': 0.8}",-0.009260563147437336,-0.00959713127253432,-0.010133503044324999,-0.009990006282051031,-0.009592101151065072,-0.00971466097948255,0.000311859806821346,313
0.36245927810668943,0.002498492506660124,0.004738712310791015,4.411622552694661e-05,0.8,0.1,20,30,700,100,1.0,0.5,0.8,"{'colsample_bytree': 0.8, 'learning_rate': 0.1, 'max_depth': 20, 'min_child_samples': 30, 'n_estimators': 700, 'num_leaves': 100, 'reg_alpha': 1.0, 'reg_lambda': 0.5, 'subsample': 0.8}",-0.009141070738094902,-0.00947327407333254,-0.010085719572771348,-0.009876451255203105,-0.00972651048049099,-0.009660605223978578,0.0003276169298450953,261
0.3677877902984619,0.009633480509747872,0.00481719970703125,0.00019075455563931826,0.8,0.1,20,30,700,100,1.0,1.0,0.8,"{'colsample_bytree': 0.8, 'learning_rate': 0.1, 'max_depth': 20, 'min_child_samples': 30, 'n_estimators': 700, 'num_leaves': 100, 'reg_alpha': 1.0, 'reg_lambda': 1.0, 'subsample': 0.8}",-0.009244649562857669,-0.009399769963561498,-0.00994266651518807,-0.010015818899529762,-0.00974127898089451,-0.0096688367844063,0.0003009846954621716,285
