mean_fit_time,std_fit_time,mean_score_time,std_score_time,param_colsample_bytree,param_learning_rate,param_max_depth,param_min_child_samples,param_n_estimators,param_num_leaves,param_reg_alpha,param_reg_lambda,param_subsample,params,split0_test_score,split1_test_score,split2_test_score,split3_test_score,split4_test_score,mean_test_score,std_test_score,rank_test_score
0.9110255718231202,0.04761583112426212,0.010044527053833009,0.001248919860007715,0.8,0.1,-1,10,500,31,0.0,0.0,0.8,"{'colsample_bytree': 0.8, 'learning_rate': 0.1, 'max_depth': -1, 'min_child_samples': 10, 'n_estimators': 500, 'num_leaves': 31, 'reg_alpha': 0.0, 'reg_lambda': 0.0, 'subsample': 0.8}",-0.010729913906594894,-0.009573526132990411,-0.010762687898649183,-0.010199016431729477,-0.01042643651512966,-0.010338316177018725,0.0004348594173753339,115
0.8287581443786621,0.054762049080929937,0.009162521362304688,0.0008469207390515205,0.8,0.1,-1,10,500,31,0.0,0.5,0.8,"{'colsample_bytree': 0.8, 'learning_rate': 0.1, 'max_depth': -1, 'min_child_samples': 10, 'n_estimators': 500, 'num_leaves': 31, 'reg_alpha': 0.0, 'reg_lambda': 0.5, 'subsample': 0.8}",-0.010546497790221918,-0.009759130359434614,-0.01060960651096252,-0.01012263997832905,-0.010509318879906679,-0.010309438703770955,0.00032372298201645505,79
0.8702984809875488,0.087975960794804,0.008405256271362304,0.00038656901676935074,0.8,0.1,-1,10,500,31,0.0,1.0,0.8,"{'colsample_bytree': 0.8, 'learning_rate': 0.1, 'max_depth': -1, 'min_child_samples': 10, 'n_estimators': 500, 'num_leaves': 31, 'reg_alpha': 0.0, 'reg_lambda': 1.0, 'subsample': 0.8}",-0.010414501466163285,-0.009887398013762502,-0.010384450338840463,-0.009947776220106798,-0.010375122869198138,-0.010201849781614236,0.0002332468882038472,9
0.49730772972106935,0.025471901685350472,0.005250263214111328,0.0005735826864736389,0.8,0.1,-1,10,500,31,0.5,0.0,0.8,"{'colsample_bytree': 0.8, 'learning_rate': 0.1, 'max_depth': -1, 'min_child_samples': 10, 'n_estimators': 500, 'num_leaves': 31, 'reg_alpha': 0.5, 'reg_lambda': 0.0, 'subsample': 0.8}",-0.01059017798856667,-0.009422301683112604,-0.01094403462276116,-0.009833190256045263,-0.010563880743706257,-0.010270717058838391,0.0005572423398424351,43
0.5026201248168946,0.021445696713313176,0.00523524284362793,0.00046250250810530295,0.8,0.1,-1,10,500,31,0.5,0.5,0.8,"{'colsample_bytree': 0.8, 'learning_rate': 0.1, 'max_depth': -1, 'min_child_samples': 10, 'n_estimators': 500, 'num_leaves': 31, 'reg_alpha': 0.5, 'reg_lambda': 0.5, 'subsample': 0.8}",-0.010965551456181877,-0.009388836332833397,-0.010853393276586227,-0.010064170357929707,-0.010633920343616243,-0.01038117435342949,0.0005854219205748044,172
0.4910758018493652,0.00992410420104439,0.004909086227416992,8.845803538561582e-05,0.8,0.1,-1,10,500,31,0.5,1.0,0.8,"{'colsample_bytree': 0.8, 'learning_rate': 0.1, 'max_depth': -1, 'min_child_samples': 10, 'n_estimators': 500, 'num_leaves': 31, 'reg_alpha': 0.5, 'reg_lambda': 1.0, 'subsample': 0.8}",-0.010653547812116122,-0.00964085593243964,-0.010950621279106043,-0.009901285334180079,-0.01042249754993824,-0.010313761581556025,0.00048079249888571357,85
0.32676076889038086,0.014634912502834965,0.003993844985961914,0.0001886070655238403,0.8,0.1,-1,10,500,31,1.0,0.0,0.8,"{'colsample_bytree': 0.8, 'learning_rate': 0.1, 'max_depth': -1, 'min_child_samples': 10, 'n_estimators': 500, 'num_leaves': 31, 'reg_alpha': 1.0, 'reg_lambda': 0.0, 'subsample': 0.8}",-0.010890825371762178,-0.009835286769879622,-0.011020161434450977,-0.009795154671315273,-0.01052238653746294,-0.010412762956974197,0.0005146673981221352,225
0.34034318923950196,0.02685798479709011,0.004096603393554688,0.00025266514405806296,0.8,0.1,-1,10,500,31,1.0,0.5,0.8,"{'colsample_bytree': 0.8, 'learning_rate': 0.1, 'max_depth': -1, 'min_child_samples': 10, 'n_estimators': 500, 'num_leaves': 31, 'reg_alpha': 1.0, 'reg_lambda': 0.5, 'subsample': 0.8}",-0.010732490992491352,-0.009685627061612979,-0.010829874273313951,-0.009972575081018337,-0.01051869911851897,-0.010347853305391118,0.00044471473988508405,128
0.33531556129455564,0.04363210506282129,0.004112863540649414,0.0005153360444819169,0.8,0.1,-1,10,500,31,1.0,1.0,0.8,"{'colsample_bytree': 0.8, 'learning_rate': 0.1, 'max_depth': -1, 'min_child_samples': 10, 'n_estimators': 500, 'num_leaves': 31, 'reg_alpha': 1.0, 'reg_lambda': 1.0, 'subsample': 0.8}",-0.010499133926456733,-0.009694119276303132,-0.010876032541370853,-0.010152752198487125,-0.01071063606549485,-0.010386534801622539,0.00042223732535338096,179
1.255042314529419,0.17121457072306645,0.011606884002685548,0.0008851251444749762,0.8,0.1,-1,10,500,50,0.0,0.0,0.8,"{'colsample_bytree': 0.8, 'learning_rate': 0.1, 'max_depth': -1, 'min_child_samples': 10, 'n_estimators': 500, 'num_leaves': 50, 'reg_alpha': 0.0, 'reg_lambda': 0.0, 'subsample': 0.8}",-0.01046683629437691,-0.009774869588790331,-0.011047147211716794,-0.009751845378103205,-0.009937917711685139,-0.010195723236934476,0.0004978019908188116,2
1.2040815830230713,0.07911289271453922,0.012248897552490234,0.0015294874749822453,0.8,0.1,-1,10,500,50,0.0,0.5,0.8,"{'colsample_bytree': 0.8, 'learning_rate': 0.1, 'max_depth': -1, 'min_child_samples': 10, 'n_estimators': 500, 'num_leaves': 50, 'reg_alpha': 0.0, 'reg_lambda': 0.5, 'subsample': 0.8}",-0.01099084414624193,-0.009369426825249026,-0.010574084151415922,-0.009932862173590329,-0.010334693809483243,-0.01024038222119609,0.0005543602865050766,32
1.261501169204712,0.07633415497232193,0.012791156768798828,0.000796759320394809,0.8,0.1,-1,10,500,50,0.0,1.0,0.8,"{'colsample_bytree': 0.8, 'learning_rate': 0.1, 'max_depth': -1, 'min_child_samples': 10, 'n_estimators': 500, 'num_leaves': 50, 'reg_alpha': 0.0, 'reg_lambda': 1.0, 'subsample': 0.8}",-0.010582773338289404,-0.009831344094230277,-0.010315000225389398,-0.009747864013072241,-0.010518446170072816,-0.010199085568210827,0.0003468366734315791,8
0.49447011947631836,0.007891687584720294,0.004734134674072266,0.00018322504877463702,0.8,0.1,-1,10,500,50,0.5,0.0,0.8,"{'colsample_bytree': 0.8, 'learning_rate': 0.1, 'max_depth': -1, 'min_child_samples': 10, 'n_estimators': 500, 'num_leaves': 50, 'reg_alpha': 0.5, 'reg_lambda': 0.0, 'subsample': 0.8}",-0.010590037770315405,-0.00975023786314951,-0.01071234924097248,-0.010080816210961515,-0.01073880683098265,-0.010374449583276314,0.0003922426488536781,159
0.49356956481933595,0.02186011990684543,0.004689073562622071,0.000257782710250928,0.8,0.1,-1,10,500,50,0.5,0.5,0.8,"{'colsample_bytree': 0.8, 'learning_rate': 0.1, 'max_depth': -1, 'min_child_samples': 10, 'n_estimators': 500, 'num_leaves': 50, 'reg_alpha': 0.5, 'reg_lambda': 0.5, 'subsample': 0.8}",-0.010588573128307693,-0.009578392437336835,-0.010828372474408472,-0.01012780518634156,-0.01066431895695646,-0.010357492436670203,0.00045365666565450426,141
0.5027745723724365,0.01803373730036463,0.00470118522644043,0.0001729677348807213,0.8,0.1,-1,10,500,50,0.5,1.0,0.8,"{'colsample_bytree': 0.8, 'learning_rate': 0.1, 'max_depth': -1, 'min_child_samples': 10, 'n_estimators': 500, 'num_leaves': 50, 'reg_alpha': 0.5, 'reg_lambda': 1.0, 'subsample': 0.8}",-0.010477632037334471,-0.009425235207765344,-0.010871667517792075,-0.010145630311478955,-0.010461435338000832,-0.010276320082474335,0.0004838714725914113,49
0.32309794425964355,0.014887827381659722,0.003826284408569336,7.898899279912699e-05,0.8,0.1,-1,10,500,50,1.0,0.0,0.8,"{'colsample_bytree': 0.8, 'learning_rate': 0.1, 'max_depth': -1, 'min_child_samples': 10, 'n_estimators': 500, 'num_leaves': 50, 'reg_alpha': 1.0, 'reg_lambda': 0.0, 'subsample': 0.8}",-0.010770661904845378,-0.009655694936891024,-0.010826661670454752,-0.0102577281218201,-0.010721762499318199,-0.010446501826665892,0.00044415779844116386,251
0.35078134536743166,0.024763375819775627,0.0041369438171386715,0.000360570644766346,0.8,0.1,-1,10,500,50,1.0,0.5,0.8,"{'colsample_bytree': 0.8, 'learning_rate': 0.1, 'max_depth': -1, 'min_child_samples': 10, 'n_estimators': 500, 'num_leaves': 50, 'reg_alpha': 1.0, 'reg_lambda': 0.5, 'subsample': 0.8}",-0.01056596487237123,-0.009478259958612928,-0.011088720273806587,-0.010314970835415636,-0.010604648662096075,-0.01041051292046049,0.0005291584043656956,221
0.38950281143188475,0.06129608391329605,0.004206323623657226,0.0004482332340770945,0.8,0.1,-1,10,500,50,1.0,1.0,0.8,"{'colsample_bytree': 0.8, 'learning_rate': 0.1, 'max_depth': -1, 'min_child_samples': 10, 'n_estimators': 500, 'num_leaves': 50, 'reg_alpha': 1.0, 'reg_lambda': 1.0, 'subsample': 0.8}",-0.010705619469306238,-0.009412596296249251,-0.010773332085372496,-0.010204770343575987,-0.010801197543921967,-0.010379503147685189,0.0005300414443023638,167
2.2505223751068115,0.051206696322429655,0.022332239151000976,0.0009114711084394784,0.8,0.1,-1,10,500,100,0.0,0.0,0.8,"{'colsample_bytree': 0.8, 'learning_rate': 0.1, 'max_depth': -1, 'min_child_samples': 10, 'n_estimators': 500, 'num_leaves': 100, 'reg_alpha': 0.0, 'reg_lambda': 0.0, 'subsample': 0.8}",-0.010716617511966675,-0.009726337165579545,-0.01103936400617972,-0.010083959088339553,-0.010414942980670309,-0.01039624415054716,0.0004610616475592971,196
2.4380517482757567,0.13154918239081553,0.02263674736022949,0.0018967772939326472,0.8,0.1,-1,10,500,100,0.0,0.5,0.8,"{'colsample_bytree': 0.8, 'learning_rate': 0.1, 'max_depth': -1, 'min_child_samples': 10, 'n_estimators': 500, 'num_leaves': 100, 'reg_alpha': 0.0, 'reg_lambda': 0.5, 'subsample': 0.8}",-0.010674892685447518,-0.00975274937813315,-0.011136848269902562,-0.010009020736487208,-0.010332089422679606,-0.010381120098530008,0.00048849546701876,171
2.4120508193969727,0.07823252818239097,0.022375011444091798,0.0009687187350041648,0.8,0.1,-1,10,500,100,0.0,1.0,0.8,"{'colsample_bytree': 0.8, 'learning_rate': 0.1, 'max_depth': -1, 'min_child_samples': 10, 'n_estimators': 500, 'num_leaves': 100, 'reg_alpha': 0.0, 'reg_lambda': 1.0, 'subsample': 0.8}",-0.010810509456279243,-0.009898293291084194,-0.011022261730727624,-0.010271022033558383,-0.010349134521705272,-0.010470244206670944,0.0004004968581273423,291
0.5350841522216797,0.041389974360423215,0.004930734634399414,0.00037631084022343866,0.8,0.1,-1,10,500,100,0.5,0.0,0.8,"{'colsample_bytree': 0.8, 'learning_rate': 0.1, 'max_depth': -1, 'min_child_samples': 10, 'n_estimators': 500, 'num_leaves': 100, 'reg_alpha': 0.5, 'reg_lambda': 0.0, 'subsample': 0.8}",-0.010473859367516093,-0.009420539647967019,-0.010516984134067014,-0.010285271428581433,-0.010455364369053487,-0.01023040378943701,0.00041252795305813213,21
0.5324488639831543,0.019112417739865818,0.0047146320343017575,0.0001789711960035181,0.8,0.1,-1,10,500,100,0.5,0.5,0.8,"{'colsample_bytree': 0.8, 'learning_rate': 0.1, 'max_depth': -1, 'min_child_samples': 10, 'n_estimators': 500, 'num_leaves': 100, 'reg_alpha': 0.5, 'reg_lambda': 0.5, 'subsample': 0.8}",-0.010399911351108938,-0.009526872252053021,-0.010479125474914856,-0.01014111258735097,-0.010599248994739113,-0.010229254132033381,0.00038198560445869517,17
0.5211502552032471,0.03796008457723817,0.0045430660247802734,6.239993152718843e-05,0.8,0.1,-1,10,500,100,0.5,1.0,0.8,"{'colsample_bytree': 0.8, 'learning_rate': 0.1, 'max_depth': -1, 'min_child_samples': 10, 'n_estimators': 500, 'num_leaves': 100, 'reg_alpha': 0.5, 'reg_lambda': 1.0, 'subsample': 0.8}",-0.010509015796394914,-0.00945759047542147,-0.010567335498128659,-0.01008190148190783,-0.010580854927253467,-0.010239339635821267,0.00043193928592986133,29
0.3652170181274414,0.02068491518576267,0.004146099090576172,0.0002949373701599767,0.8,0.1,-1,10,500,100,1.0,0.0,0.8,"{'colsample_bytree': 0.8, 'learning_rate': 0.1, 'max_depth': -1, 'min_child_samples': 10, 'n_estimators': 500, 'num_leaves': 100, 'reg_alpha': 1.0, 'reg_lambda': 0.0, 'subsample': 0.8}",-0.010577208256569891,-0.009296364048892052,-0.01082972113661222,-0.010231568039917607,-0.011054896157015081,-0.010397951527801371,0.0006150305121673821,202
0.3301002025604248,0.0077745417442383735,0.003912830352783203,0.00020533726453995007,0.8,0.1,-1,10,500,100,1.0,0.5,0.8,"{'colsample_bytree': 0.8, 'learning_rate': 0.1, 'max_depth': -1, 'min_child_samples': 10, 'n_estimators': 500, 'num_leaves': 100, 'reg_alpha': 1.0, 'reg_lambda': 0.5, 'subsample': 0.8}",-0.010735331449248224,-0.009508159066295508,-0.010923541995802368,-0.01020824950915412,-0.010682586505823738,-0.010411573705264793,0.000509485482423212,223
0.37404618263244627,0.027546267047205735,0.004345750808715821,0.00036542597228473976,0.8,0.1,-1,10,500,100,1.0,1.0,0.8,"{'colsample_bytree': 0.8, 'learning_rate': 0.1, 'max_depth': -1, 'min_child_samples': 10, 'n_estimators': 500, 'num_leaves': 100, 'reg_alpha': 1.0, 'reg_lambda': 1.0, 'subsample': 0.8}",-0.010709310511101697,-0.00967120714756782,-0.01068321098254619,-0.010275901462581892,-0.011026434989666998,-0.010473213018692919,0.000466484938107708,293
1.03762788772583,0.01686285038376804,0.013243007659912109,0.0016828892125365829,0.8,0.1,-1,10,700,31,0.0,0.0,0.8,"{'colsample_bytree': 0.8, 'learning_rate': 0.1, 'max_depth': -1, 'min_child_samples': 10, 'n_estimators': 700, 'num_leaves': 31, 'reg_alpha': 0.0, 'reg_lambda': 0.0, 'subsample': 0.8}",-0.01072841170057764,-0.00957101243258364,-0.010750785708075593,-0.010199337645752007,-0.010423397752272386,-0.010334589047852252,0.00043302312107245744,105
1.0892270088195801,0.09572306848635903,0.011805105209350585,0.00021706669712015733,0.8,0.1,-1,10,700,31,0.0,0.5,0.8,"{'colsample_bytree': 0.8, 'learning_rate': 0.1, 'max_depth': -1, 'min_child_samples': 10, 'n_estimators': 700, 'num_leaves': 31, 'reg_alpha': 0.0, 'reg_lambda': 0.5, 'subsample': 0.8}",-0.010541489895848407,-0.009756057960863353,-0.010608620491302026,-0.010134251006488081,-0.010500171240568606,-0.010308118119014095,0.00032144942199601665,77
1.102223539352417,0.07855279258753606,0.012548255920410156,0.0008414839700643196,0.8,0.1,-1,10,700,31,0.0,1.0,0.8,"{'colsample_bytree': 0.8, 'learning_rate': 0.1, 'max_depth': -1, 'min_child_samples': 10, 'n_estimators': 700, 'num_leaves': 31, 'reg_alpha': 0.0, 'reg_lambda': 1.0, 'subsample': 0.8}",-0.01040207874722248,-0.009889927803701183,-0.010379212113290898,-0.009949923048972898,-0.010371117255515639,-0.010198451793740617,0.0002284316879961608,5
0.5036793231964112,0.018593676458104415,0.004830360412597656,0.00011237252155659828,0.8,0.1,-1,10,700,31,0.5,0.0,0.8,"{'colsample_bytree': 0.8, 'learning_rate': 0.1, 'max_depth': -1, 'min_child_samples': 10, 'n_estimators': 700, 'num_leaves': 31, 'reg_alpha': 0.5, 'reg_lambda': 0.0, 'subsample': 0.8}",-0.01059017798856667,-0.009422301683112604,-0.01094403462276116,-0.009833190256045263,-0.010563880743706257,-0.010270717058838391,0.0005572423398424351,43
0.5250565052032471,0.014034006842459286,0.005066394805908203,0.0002316785848832528,0.8,0.1,-1,10,700,31,0.5,0.5,0.8,"{'colsample_bytree': 0.8, 'learning_rate': 0.1, 'max_depth': -1, 'min_child_samples': 10, 'n_estimators': 700, 'num_leaves': 31, 'reg_alpha': 0.5, 'reg_lambda': 0.5, 'subsample': 0.8}",-0.010965551456181877,-0.009388836332833397,-0.010853393276586227,-0.010064170357929707,-0.010633920343616243,-0.01038117435342949,0.0005854219205748044,172
0.5634251594543457,0.05632118288664381,0.005686521530151367,0.0006736195010125603,0.8,0.1,-1,10,700,31,0.5,1.0,0.8,"{'colsample_bytree': 0.8, 'learning_rate': 0.1, 'max_depth': -1, 'min_child_samples': 10, 'n_estimators': 700, 'num_leaves': 31, 'reg_alpha': 0.5, 'reg_lambda': 1.0, 'subsample': 0.8}",-0.010653547812116122,-0.00964085593243964,-0.010950621279106043,-0.009901285334180079,-0.01042249754993824,-0.010313761581556025,0.00048079249888571357,85
0.41190643310546876,0.024946138932969535,0.004232931137084961,0.00018816971838063362,0.8,0.1,-1,10,700,31,1.0,0.0,0.8,"{'colsample_bytree': 0.8, 'learning_rate': 0.1, 'max_depth': -1, 'min_child_samples': 10, 'n_estimators': 700, 'num_leaves': 31, 'reg_alpha': 1.0, 'reg_lambda': 0.0, 'subsample': 0.8}",-0.010890825371762178,-0.009835286769879622,-0.011020161434450977,-0.009795154671315273,-0.01052238653746294,-0.010412762956974197,0.0005146673981221352,225
0.3907806396484375,0.01417762884142775,0.004193019866943359,0.00011125801397164292,0.8,0.1,-1,10,700,31,1.0,0.5,0.8,"{'colsample_bytree': 0.8, 'learning_rate': 0.1, 'max_depth': -1, 'min_child_samples': 10, 'n_estimators': 700, 'num_leaves': 31, 'reg_alpha': 1.0, 'reg_lambda': 0.5, 'subsample': 0.8}",-0.010732490992491352,-0.009685627061612979,-0.010829874273313951,-0.009972575081018337,-0.01051869911851897,-0.010347853305391118,0.00044471473988508405,128
0.35044164657592775,0.006234839579341983,0.0040131092071533205,0.00015662321660297942,0.8,0.1,-1,10,700,31,1.0,1.0,0.8,"{'colsample_bytree': 0.8, 'learning_rate': 0.1, 'max_depth': -1, 'min_child_samples': 10, 'n_estimators': 700, 'num_leaves': 31, 'reg_alpha': 1.0, 'reg_lambda': 1.0, 'subsample': 0.8}",-0.010499133926456733,-0.009694119276303132,-0.010876032541370853,-0.010152752198487125,-0.01071063606549485,-0.010386534801622539,0.00042223732535338096,179
1.600135374069214,0.047617920712264006,0.01960015296936035,0.0013505060417799374,0.8,0.1,-1,10,700,50,0.0,0.0,0.8,"{'colsample_bytree': 0.8, 'learning_rate': 0.1, 'max_depth': -1, 'min_child_samples': 10, 'n_estimators': 700, 'num_leaves': 50, 'reg_alpha': 0.0, 'reg_lambda': 0.0, 'subsample': 0.8}",-0.010465055253351252,-0.00977484090756718,-0.011047529991531947,-0.009750802995542514,-0.009936594115914117,-0.010194964652781403,0.0004980673574387553,1
1.6756579399108886,0.11933091060384843,0.019173526763916017,0.0015628058818767312,0.8,0.1,-1,10,700,50,0.0,0.5,0.8,"{'colsample_bytree': 0.8, 'learning_rate': 0.1, 'max_depth': -1, 'min_child_samples': 10, 'n_estimators': 700, 'num_leaves': 50, 'reg_alpha': 0.0, 'reg_lambda': 0.5, 'subsample': 0.8}",-0.010989687346875967,-0.009369875892246868,-0.01057474116838088,-0.009933428030493657,-0.010333668814593262,-0.010240280250518128,0.0005538878148832392,31
1.7599082469940186,0.09527722335360334,0.01957874298095703,0.0009688710747597205,0.8,0.1,-1,10,700,50,0.0,1.0,0.8,"{'colsample_bytree': 0.8, 'learning_rate': 0.1, 'max_depth': -1, 'min_child_samples': 10, 'n_estimators': 700, 'num_leaves': 50, 'reg_alpha': 0.0, 'reg_lambda': 1.0, 'subsample': 0.8}",-0.010581705582424904,-0.009830507430310647,-0.010313988903568758,-0.00974919002720366,-0.010518604203382909,-0.010198799229378174,0.00034639527756083705,7
0.490152645111084,0.012097522106540639,0.00487518310546875,0.0006026188506833401,0.8,0.1,-1,10,700,50,0.5,0.0,0.8,"{'colsample_bytree': 0.8, 'learning_rate': 0.1, 'max_depth': -1, 'min_child_samples': 10, 'n_estimators': 700, 'num_leaves': 50, 'reg_alpha': 0.5, 'reg_lambda': 0.0, 'subsample': 0.8}",-0.010590037770315405,-0.00975023786314951,-0.01071234924097248,-0.010080816210961515,-0.01073880683098265,-0.010374449583276314,0.0003922426488536781,159
0.58645601272583,0.038532986067138196,0.004918575286865234,7.663175184221905e-05,0.8,0.1,-1,10,700,50,0.5,0.5,0.8,"{'colsample_bytree': 0.8, 'learning_rate': 0.1, 'max_depth': -1, 'min_child_samples': 10, 'n_estimators': 700, 'num_leaves': 50, 'reg_alpha': 0.5, 'reg_lambda': 0.5, 'subsample': 0.8}",-0.010588573128307693,-0.009578392437336835,-0.010828372474408472,-0.01012780518634156,-0.01066431895695646,-0.010357492436670203,0.00045365666565450426,141
0.530341386795044,0.024996438888438683,0.004537153244018555,8.612468488975021e-05,0.8,0.1,-1,10,700,50,0.5,1.0,0.8,"{'colsample_bytree': 0.8, 'learning_rate': 0.1, 'max_depth': -1, 'min_child_samples': 10, 'n_estimators': 700, 'num_leaves': 50, 'reg_alpha': 0.5, 'reg_lambda': 1.0, 'subsample': 0.8}",-0.010477632037334471,-0.009425235207765344,-0.010871667517792075,-0.010145630311478955,-0.010461435338000832,-0.010276320082474335,0.0004838714725914113,49
0.35811634063720704,0.016447564430064995,0.004080533981323242,0.00023968109595253265,0.8,0.1,-1,10,700,50,1.0,0.0,0.8,"{'colsample_bytree': 0.8, 'learning_rate': 0.1, 'max_depth': -1, 'min_child_samples': 10, 'n_estimators': 700, 'num_leaves': 50, 'reg_alpha': 1.0, 'reg_lambda': 0.0, 'subsample': 0.8}",-0.010770661904845378,-0.009655694936891024,-0.010826661670454752,-0.0102577281218201,-0.010721762499318199,-0.010446501826665892,0.00044415779844116386,251
0.36064491271972654,0.024815936885580894,0.003926134109497071,0.00015110228464065484,0.8,0.1,-1,10,700,50,1.0,0.5,0.8,"{'colsample_bytree': 0.8, 'learning_rate': 0.1, 'max_depth': -1, 'min_child_samples': 10, 'n_estimators': 700, 'num_leaves': 50, 'reg_alpha': 1.0, 'reg_lambda': 0.5, 'subsample': 0.8}",-0.01056596487237123,-0.009478259958612928,-0.011088720273806587,-0.010314970835415636,-0.010604648662096075,-0.01041051292046049,0.0005291584043656956,221
0.3886544227600098,0.04173679938256748,0.004156255722045898,0.0002441861903615139,0.8,0.1,-1,10,700,50,1.0,1.0,0.8,"{'colsample_bytree': 0.8, 'learning_rate': 0.1, 'max_depth': -1, 'min_child_samples': 10, 'n_estimators': 700, 'num_leaves': 50, 'reg_alpha': 1.0, 'reg_lambda': 1.0, 'subsample': 0.8}",-0.010705619469306238,-0.009412596296249251,-0.010773332085372496,-0.010204770343575987,-0.010801197543921967,-0.010379503147685189,0.0005300414443023638,167
3.395335578918457,0.23846717332535705,0.034806346893310545,0.0037796513199434426,0.8,0.1,-1,10,700,100,0.0,0.0,0.8,"{'colsample_bytree': 0.8, 'learning_rate': 0.1, 'max_depth': -1, 'min_child_samples': 10, 'n_estimators': 700, 'num_leaves': 100, 'reg_alpha': 0.0, 'reg_lambda': 0.0, 'subsample': 0.8}",-0.010716635783088702,-0.009726279611491861,-0.011039629148136415,-0.010084196686375346,-0.010415026552009815,-0.010396353556220426,0.00046112338382907803,197
3.526046371459961,0.16761394782604405,0.030837392807006835,0.0008881418247761666,0.8,0.1,-1,10,700,100,0.0,0.5,0.8,"{'colsample_bytree': 0.8, 'learning_rate': 0.1, 'max_depth': -1, 'min_child_samples': 10, 'n_estimators': 700, 'num_leaves': 100, 'reg_alpha': 0.0, 'reg_lambda': 0.5, 'subsample': 0.8}",-0.010674809895165309,-0.009752720047202883,-0.011137002028457773,-0.010009284066469849,-0.01033230122687005,-0.010381223452833172,0.0004884962797616322,176
3.378276014328003,0.1582980307088874,0.03159170150756836,0.0006952963444107537,0.8,0.1,-1,10,700,100,0.0,1.0,0.8,"{'colsample_bytree': 0.8, 'learning_rate': 0.1, 'max_depth': -1, 'min_child_samples': 10, 'n_estimators': 700, 'num_leaves': 100, 'reg_alpha': 0.0, 'reg_lambda': 1.0, 'subsample': 0.8}",-0.010810539917301945,-0.00989826135785218,-0.011022299961771833,-0.010271374885771081,-0.010349245515315717,-0.010470344327602552,0.00040047989880655563,292
0.5729732990264893,0.06446648059443189,0.0050354480743408205,0.0008103916931640548,0.8,0.1,-1,10,700,100,0.5,0.0,0.8,"{'colsample_bytree': 0.8, 'learning_rate': 0.1, 'max_depth': -1, 'min_child_samples': 10, 'n_estimators': 700, 'num_leaves': 100, 'reg_alpha': 0.5, 'reg_lambda': 0.0, 'subsample': 0.8}",-0.010473859367516093,-0.009420539647967019,-0.010516984134067014,-0.010285271428581433,-0.010455364369053487,-0.01023040378943701,0.00041252795305813213,21
0.5319258213043213,0.010744539491986714,0.004760646820068359,0.00025360828010992164,0.8,0.1,-1,10,700,100,0.5,0.5,0.8,"{'colsample_bytree': 0.8, 'learning_rate': 0.1, 'max_depth': -1, 'min_child_samples': 10, 'n_estimators': 700, 'num_leaves': 100, 'reg_alpha': 0.5, 'reg_lambda': 0.5, 'subsample': 0.8}",-0.010399911351108938,-0.009526872252053021,-0.010479125474914856,-0.01014111258735097,-0.010599248994739113,-0.010229254132033381,0.00038198560445869517,17
0.5981093406677246,0.057310054237008815,0.0048882484436035155,0.00024761412143165385,0.8,0.1,-1,10,700,100,0.5,1.0,0.8,"{'colsample_bytree': 0.8, 'learning_rate': 0.1, 'max_depth': -1, 'min_child_samples': 10, 'n_estimators': 700, 'num_leaves': 100, 'reg_alpha': 0.5, 'reg_lambda': 1.0, 'subsample': 0.8}",-0.010509015796394914,-0.00945759047542147,-0.010567335498128659,-0.01008190148190783,-0.010580854927253467,-0.010239339635821267,0.00043193928592986133,29
0.384676456451416,0.029918389863272225,0.0043313026428222655,0.0001801606896991653,0.8,0.1,-1,10,700,100,1.0,0.0,0.8,"{'colsample_bytree': 0.8, 'learning_rate': 0.1, 'max_depth': -1, 'min_child_samples': 10, 'n_estimators': 700, 'num_leaves': 100, 'reg_alpha': 1.0, 'reg_lambda': 0.0, 'subsample': 0.8}",-0.010577208256569891,-0.009296364048892052,-0.01082972113661222,-0.010231568039917607,-0.011054896157015081,-0.010397951527801371,0.0006150305121673821,202
0.36338009834289553,0.02315861375160146,0.004153299331665039,0.0003936226016505438,0.8,0.1,-1,10,700,100,1.0,0.5,0.8,"{'colsample_bytree': 0.8, 'learning_rate': 0.1, 'max_depth': -1, 'min_child_samples': 10, 'n_estimators': 700, 'num_leaves': 100, 'reg_alpha': 1.0, 'reg_lambda': 0.5, 'subsample': 0.8}",-0.010735331449248224,-0.009508159066295508,-0.010923541995802368,-0.01020824950915412,-0.010682586505823738,-0.010411573705264793,0.000509485482423212,223
0.3813647270202637,0.016961248649314916,0.004243040084838867,0.0002024592737026736,0.8,0.1,-1,10,700,100,1.0,1.0,0.8,"{'colsample_bytree': 0.8, 'learning_rate': 0.1, 'max_depth': -1, 'min_child_samples': 10, 'n_estimators': 700, 'num_leaves': 100, 'reg_alpha': 1.0, 'reg_lambda': 1.0, 'subsample': 0.8}",-0.010709310511101697,-0.00967120714756782,-0.01068321098254619,-0.010275901462581892,-0.011026434989666998,-0.010473213018692919,0.000466484938107708,293
0.7045943260192871,0.014245666220858945,0.009018468856811523,0.0007209428931427673,0.8,0.1,-1,20,500,31,0.0,0.0,0.8,"{'colsample_bytree': 0.8, 'learning_rate': 0.1, 'max_depth': -1, 'min_child_samples': 20, 'n_estimators': 500, 'num_leaves': 31, 'reg_alpha': 0.0, 'reg_lambda': 0.0, 'subsample': 0.8}",-0.010879483741648497,-0.009545141321599806,-0.010586464284662422,-0.009938643880277317,-0.010796650891156778,-0.010349276823868964,0.0005201488524783986,133
0.7309189796447754,0.03471893542965531,0.009307575225830079,0.0011680672695661017,0.8,0.1,-1,20,500,31,0.0,0.5,0.8,"{'colsample_bytree': 0.8, 'learning_rate': 0.1, 'max_depth': -1, 'min_child_samples': 20, 'n_estimators': 500, 'num_leaves': 31, 'reg_alpha': 0.0, 'reg_lambda': 0.5, 'subsample': 0.8}",-0.01069876896157556,-0.009747021356426893,-0.01060095484178649,-0.009784290183592824,-0.01062949359871103,-0.010292105788418559,0.0004311813853140093,67
0.8491854190826416,0.0813275998199443,0.009529018402099609,5.902342658181661e-05,0.8,0.1,-1,20,500,31,0.0,1.0,0.8,"{'colsample_bytree': 0.8, 'learning_rate': 0.1, 'max_depth': -1, 'min_child_samples': 20, 'n_estimators': 500, 'num_leaves': 31, 'reg_alpha': 0.0, 'reg_lambda': 1.0, 'subsample': 0.8}",-0.0108823558609142,-0.009925166868731619,-0.01085441969248337,-0.009838291638389535,-0.010392301552356936,-0.010378507122575133,0.00044224354528343775,165
0.5357531547546387,0.03483652971752189,0.005565071105957031,0.0002823014352602996,0.8,0.1,-1,20,500,31,0.5,0.0,0.8,"{'colsample_bytree': 0.8, 'learning_rate': 0.1, 'max_depth': -1, 'min_child_samples': 20, 'n_estimators': 500, 'num_leaves': 31, 'reg_alpha': 0.5, 'reg_lambda': 0.0, 'subsample': 0.8}",-0.01051775977843469,-0.00950276607173367,-0.01099982762835375,-0.010083902738567348,-0.01034640370690788,-0.010290131984799469,0.000494191138869085,63
0.48745431900024416,0.013643698178969032,0.005350780487060547,0.00040105586510026274,0.8,0.1,-1,20,500,31,0.5,0.5,0.8,"{'colsample_bytree': 0.8, 'learning_rate': 0.1, 'max_depth': -1, 'min_child_samples': 20, 'n_estimators': 500, 'num_leaves': 31, 'reg_alpha': 0.5, 'reg_lambda': 0.5, 'subsample': 0.8}",-0.010577034953066196,-0.009588225299672315,-0.010668314219944257,-0.00997863525489054,-0.01051618790744907,-0.010265679527004476,0.0004154876629343872,37
0.47813825607299804,0.02656289270740773,0.005008792877197266,9.184391189923208e-05,0.8,0.1,-1,20,500,31,0.5,1.0,0.8,"{'colsample_bytree': 0.8, 'learning_rate': 0.1, 'max_depth': -1, 'min_child_samples': 20, 'n_estimators': 500, 'num_leaves': 31, 'reg_alpha': 0.5, 'reg_lambda': 1.0, 'subsample': 0.8}",-0.011034564874574873,-0.009343043601725488,-0.01073199729624341,-0.010342318242501935,-0.010663248639221905,-0.010423034530853522,0.0005830995962530979,237
0.30730152130126953,0.012932057481421243,0.004061460494995117,0.0001666784269447201,0.8,0.1,-1,20,500,31,1.0,0.0,0.8,"{'colsample_bytree': 0.8, 'learning_rate': 0.1, 'max_depth': -1, 'min_child_samples': 20, 'n_estimators': 500, 'num_leaves': 31, 'reg_alpha': 1.0, 'reg_lambda': 0.0, 'subsample': 0.8}",-0.011017305106551521,-0.009431961019191644,-0.01103809192551032,-0.010201605622948012,-0.010564716291642816,-0.010450735993168862,0.0005964809215565551,265
0.3082262516021729,0.0037535134328205906,0.004188013076782226,0.0002486153858632816,0.8,0.1,-1,20,500,31,1.0,0.5,0.8,"{'colsample_bytree': 0.8, 'learning_rate': 0.1, 'max_depth': -1, 'min_child_samples': 20, 'n_estimators': 500, 'num_leaves': 31, 'reg_alpha': 1.0, 'reg_lambda': 0.5, 'subsample': 0.8}",-0.010921893178976055,-0.009613290389179909,-0.011079811557412268,-0.00996712927143328,-0.01081842612815338,-0.01048011010503098,0.0005803098488464009,299
0.36724066734313965,0.023036223840159402,0.004723358154296875,0.00045737576440379974,0.8,0.1,-1,20,500,31,1.0,1.0,0.8,"{'colsample_bytree': 0.8, 'learning_rate': 0.1, 'max_depth': -1, 'min_child_samples': 20, 'n_estimators': 500, 'num_leaves': 31, 'reg_alpha': 1.0, 'reg_lambda': 1.0, 'subsample': 0.8}",-0.010725255528685975,-0.009389769041124277,-0.011042388195042392,-0.010139147692675338,-0.010976947766259649,-0.010454701644757525,0.0006204791122792584,269
1.122260332107544,0.055522684977783836,0.014635276794433594,0.0015700424976487642,0.8,0.1,-1,20,500,50,0.0,0.0,0.8,"{'colsample_bytree': 0.8, 'learning_rate': 0.1, 'max_depth': -1, 'min_child_samples': 20, 'n_estimators': 500, 'num_leaves': 50, 'reg_alpha': 0.0, 'reg_lambda': 0.0, 'subsample': 0.8}",-0.010565094556413442,-0.009505005929962103,-0.010823770628670175,-0.010206646850343587,-0.010242700323098602,-0.010268643657697581,0.0004435557077084808,41
1.2328708171844482,0.07587108311696034,0.014603757858276367,0.0006459175422447241,0.8,0.1,-1,20,500,50,0.0,0.5,0.8,"{'colsample_bytree': 0.8, 'learning_rate': 0.1, 'max_depth': -1, 'min_child_samples': 20, 'n_estimators': 500, 'num_leaves': 50, 'reg_alpha': 0.0, 'reg_lambda': 0.5, 'subsample': 0.8}",-0.010791885380912618,-0.009730874078261637,-0.010664082988156303,-0.010113656606159593,-0.010416689425471507,-0.010343437695792332,0.00038400991663784185,120
1.1518334865570068,0.07418633115621047,0.01428828239440918,0.001489037226916081,0.8,0.1,-1,20,500,50,0.0,1.0,0.8,"{'colsample_bytree': 0.8, 'learning_rate': 0.1, 'max_depth': -1, 'min_child_samples': 20, 'n_estimators': 500, 'num_leaves': 50, 'reg_alpha': 0.0, 'reg_lambda': 1.0, 'subsample': 0.8}",-0.011245327819513894,-0.009626142163959057,-0.010426111247648064,-0.00990805359397709,-0.010284293344062133,-0.010297985633832048,0.0005509049849481778,73
0.4536414623260498,0.013788956902344053,0.004826545715332031,0.0003516788319169528,0.8,0.1,-1,20,500,50,0.5,0.0,0.8,"{'colsample_bytree': 0.8, 'learning_rate': 0.1, 'max_depth': -1, 'min_child_samples': 20, 'n_estimators': 500, 'num_leaves': 50, 'reg_alpha': 0.5, 'reg_lambda': 0.0, 'subsample': 0.8}",-0.010682438278787287,-0.009565390212840832,-0.01082489086089337,-0.010136982050434605,-0.010600764757670673,-0.010362093232125353,0.0004602558932332196,147
0.4604944705963135,0.03264274574738996,0.004969167709350586,0.00036147072840862836,0.8,0.1,-1,20,500,50,0.5,0.5,0.8,"{'colsample_bytree': 0.8, 'learning_rate': 0.1, 'max_depth': -1, 'min_child_samples': 20, 'n_estimators': 500, 'num_leaves': 50, 'reg_alpha': 0.5, 'reg_lambda': 0.5, 'subsample': 0.8}",-0.010546491560302325,-0.009598979746989011,-0.011016226608512666,-0.0101565630605352,-0.010679759139155065,-0.010399604023098854,0.0004858712569108943,206
0.47358880043029783,0.015301091975684453,0.004653453826904297,8.201072365456784e-05,0.8,0.1,-1,20,500,50,0.5,1.0,0.8,"{'colsample_bytree': 0.8, 'learning_rate': 0.1, 'max_depth': -1, 'min_child_samples': 20, 'n_estimators': 500, 'num_leaves': 50, 'reg_alpha': 0.5, 'reg_lambda': 1.0, 'subsample': 0.8}",-0.010611783916884414,-0.009410467552117779,-0.01076271722697817,-0.009892368597023091,-0.010595351935586151,-0.010254537845717922,0.0005187767357916239,33
0.314837121963501,0.023320776533887786,0.004235076904296875,0.0003020568779665354,0.8,0.1,-1,20,500,50,1.0,0.0,0.8,"{'colsample_bytree': 0.8, 'learning_rate': 0.1, 'max_depth': -1, 'min_child_samples': 20, 'n_estimators': 500, 'num_leaves': 50, 'reg_alpha': 1.0, 'reg_lambda': 0.0, 'subsample': 0.8}",-0.010695731313675351,-0.009263286086842857,-0.010932159545312682,-0.010036005311648694,-0.010506638033414785,-0.010286764058178874,0.0005903424807073477,57
0.3088400840759277,0.011443690398647233,0.004052209854125977,0.0003163635914351358,0.8,0.1,-1,20,500,50,1.0,0.5,0.8,"{'colsample_bytree': 0.8, 'learning_rate': 0.1, 'max_depth': -1, 'min_child_samples': 20, 'n_estimators': 500, 'num_leaves': 50, 'reg_alpha': 1.0, 'reg_lambda': 0.5, 'subsample': 0.8}",-0.010767730581962856,-0.009657684953408817,-0.01093440878666775,-0.010037979311830172,-0.010853245613193297,-0.010450209849412579,0.0005090649428561866,261
0.3784529685974121,0.11590582449785869,0.004491996765136719,0.0005916968216458335,0.8,0.1,-1,20,500,50,1.0,1.0,0.8,"{'colsample_bytree': 0.8, 'learning_rate': 0.1, 'max_depth': -1, 'min_child_samples': 20, 'n_estimators': 500, 'num_leaves': 50, 'reg_alpha': 1.0, 'reg_lambda': 1.0, 'subsample': 0.8}",-0.010833399760699221,-0.009483580724468546,-0.011026992907090473,-0.010417234562944638,-0.010764995894809814,-0.010505240770002538,0.0005475254663877788,315
2.215890407562256,0.20498738154954158,0.02286558151245117,0.0015440609606024722,0.8,0.1,-1,20,500,100,0.0,0.0,0.8,"{'colsample_bytree': 0.8, 'learning_rate': 0.1, 'max_depth': -1, 'min_child_samples': 20, 'n_estimators': 500, 'num_leaves': 100, 'reg_alpha': 0.0, 'reg_lambda': 0.0, 'subsample': 0.8}",-0.011026973049049904,-0.009458139935129247,-0.010888104852302103,-0.010145735933489752,-0.010222075916196185,-0.01034820593723344,0.0005659215499166914,132
2.0483422756195067,0.16845857169182432,0.021654796600341798,0.0013602438124262373,0.8,0.1,-1,20,500,100,0.0,0.5,0.8,"{'colsample_bytree': 0.8, 'learning_rate': 0.1, 'max_depth': -1, 'min_child_samples': 20, 'n_estimators': 500, 'num_leaves': 100, 'reg_alpha': 0.0, 'reg_lambda': 0.5, 'subsample': 0.8}",-0.010976565666254733,-0.009770161161860413,-0.010743482879097618,-0.010317990018424374,-0.010586383010652881,-0.010478916547258004,0.00041410882008197303,298
2.013094758987427,0.11649223022884304,0.021712827682495116,0.001602549064550879,0.8,0.1,-1,20,500,100,0.0,1.0,0.8,"{'colsample_bytree': 0.8, 'learning_rate': 0.1, 'max_depth': -1, 'min_child_samples': 20, 'n_estimators': 500, 'num_leaves': 100, 'reg_alpha': 0.0, 'reg_lambda': 1.0, 'subsample': 0.8}",-0.010922210876425932,-0.010016528694486606,-0.010877691497530527,-0.010328568558448084,-0.010450082097627331,-0.010519016344903695,0.0003419736317309875,323
0.49732046127319335,0.03802354636843813,0.004903173446655274,0.0002537575125473827,0.8,0.1,-1,20,500,100,0.5,0.0,0.8,"{'colsample_bytree': 0.8, 'learning_rate': 0.1, 'max_depth': -1, 'min_child_samples': 20, 'n_estimators': 500, 'num_leaves': 100, 'reg_alpha': 0.5, 'reg_lambda': 0.0, 'subsample': 0.8}",-0.010407813268694876,-0.009403873443419159,-0.010465820540042475,-0.010112611010812626,-0.010689549043569491,-0.010215933461307725,0.00044580043377999515,11
0.48218064308166503,0.029268918401610805,0.004968595504760742,0.0003875324085081257,0.8,0.1,-1,20,500,100,0.5,0.5,0.8,"{'colsample_bytree': 0.8, 'learning_rate': 0.1, 'max_depth': -1, 'min_child_samples': 20, 'n_estimators': 500, 'num_leaves': 100, 'reg_alpha': 0.5, 'reg_lambda': 0.5, 'subsample': 0.8}",-0.010444175540255694,-0.00925741148353818,-0.010999321354134062,-0.010069198222608077,-0.010666291150990638,-0.01028727955030533,0.0005972365320295003,61
0.5011431694030761,0.08104055433860427,0.005161094665527344,0.00039470189361548707,0.8,0.1,-1,20,500,100,0.5,1.0,0.8,"{'colsample_bytree': 0.8, 'learning_rate': 0.1, 'max_depth': -1, 'min_child_samples': 20, 'n_estimators': 500, 'num_leaves': 100, 'reg_alpha': 0.5, 'reg_lambda': 1.0, 'subsample': 0.8}",-0.010372599091350278,-0.009235395432406127,-0.011059178863015827,-0.010171512188128706,-0.010629476935677284,-0.010293632502115645,0.0006066081936889505,68
0.327215576171875,0.027930337244290174,0.0041900634765625,0.00015995513666114636,0.8,0.1,-1,20,500,100,1.0,0.0,0.8,"{'colsample_bytree': 0.8, 'learning_rate': 0.1, 'max_depth': -1, 'min_child_samples': 20, 'n_estimators': 500, 'num_leaves': 100, 'reg_alpha': 1.0, 'reg_lambda': 0.0, 'subsample': 0.8}",-0.010770741580436808,-0.009412696093669543,-0.010720913286105,-0.00999809601732253,-0.01048921646376472,-0.01027833268825972,0.0005119912841225002,52
0.31093368530273435,0.006969258962337145,0.00400247573852539,3.7161679154641826e-05,0.8,0.1,-1,20,500,100,1.0,0.5,0.8,"{'colsample_bytree': 0.8, 'learning_rate': 0.1, 'max_depth': -1, 'min_child_samples': 20, 'n_estimators': 500, 'num_leaves': 100, 'reg_alpha': 1.0, 'reg_lambda': 0.5, 'subsample': 0.8}",-0.010655056504086572,-0.009319414056985595,-0.010877864031161411,-0.010072165851938058,-0.010822079675534819,-0.010349316023941292,0.0005888728193395426,135
0.3345652103424072,0.04843274072895419,0.004439544677734375,0.00045808409364324874,0.8,0.1,-1,20,500,100,1.0,1.0,0.8,"{'colsample_bytree': 0.8, 'learning_rate': 0.1, 'max_depth': -1, 'min_child_samples': 20, 'n_estimators': 500, 'num_leaves': 100, 'reg_alpha': 1.0, 'reg_lambda': 1.0, 'subsample': 0.8}",-0.010763948561053038,-0.009332219199009192,-0.010966791545223037,-0.010077788362247068,-0.010972683534904831,-0.010422686240487433,0.0006360944101170388,233
1.0656737327575683,0.10219586218935696,0.016555404663085936,0.002589857323867339,0.8,0.1,-1,20,700,31,0.0,0.0,0.8,"{'colsample_bytree': 0.8, 'learning_rate': 0.1, 'max_depth': -1, 'min_child_samples': 20, 'n_estimators': 700, 'num_leaves': 31, 'reg_alpha': 0.0, 'reg_lambda': 0.0, 'subsample': 0.8}",-0.010875278038567589,-0.009564606112865753,-0.010580911748601974,-0.009935131376401465,-0.010794965152449862,-0.010350178485777328,0.0005130673666970224,139
1.032618522644043,0.02134784200182872,0.013809299468994141,0.0008588707131611238,0.8,0.1,-1,20,700,31,0.0,0.5,0.8,"{'colsample_bytree': 0.8, 'learning_rate': 0.1, 'max_depth': -1, 'min_child_samples': 20, 'n_estimators': 700, 'num_leaves': 31, 'reg_alpha': 0.0, 'reg_lambda': 0.5, 'subsample': 0.8}",-0.010696299244762213,-0.009752858303489457,-0.010597672926245598,-0.009790430389157157,-0.010633026828148219,-0.010294057538360529,0.0004278826453102438,72
1.0627196788787843,0.0752802726385856,0.014702367782592773,0.00152864562527263,0.8,0.1,-1,20,700,31,0.0,1.0,0.8,"{'colsample_bytree': 0.8, 'learning_rate': 0.1, 'max_depth': -1, 'min_child_samples': 20, 'n_estimators': 700, 'num_leaves': 31, 'reg_alpha': 0.0, 'reg_lambda': 1.0, 'subsample': 0.8}",-0.010885626733153988,-0.009924219130889039,-0.010844253305427695,-0.009834932014126756,-0.010393330304468899,-0.010376472297613275,0.0004418461968487585,164
0.5071868896484375,0.02023507431591528,0.005299282073974609,0.0004936317294717803,0.8,0.1,-1,20,700,31,0.5,0.0,0.8,"{'colsample_bytree': 0.8, 'learning_rate': 0.1, 'max_depth': -1, 'min_child_samples': 20, 'n_estimators': 700, 'num_leaves': 31, 'reg_alpha': 0.5, 'reg_lambda': 0.0, 'subsample': 0.8}",-0.01051775977843469,-0.00950276607173367,-0.01099982762835375,-0.010083902738567348,-0.01034640370690788,-0.010290131984799469,0.000494191138869085,63
0.5312706470489502,0.04721317902160801,0.00523529052734375,0.00024087761197315232,0.8,0.1,-1,20,700,31,0.5,0.5,0.8,"{'colsample_bytree': 0.8, 'learning_rate': 0.1, 'max_depth': -1, 'min_child_samples': 20, 'n_estimators': 700, 'num_leaves': 31, 'reg_alpha': 0.5, 'reg_lambda': 0.5, 'subsample': 0.8}",-0.010577034953066196,-0.009588225299672315,-0.010668314219944257,-0.00997863525489054,-0.01051618790744907,-0.010265679527004476,0.0004154876629343872,37
0.5255247116088867,0.03572928928873191,0.0052489757537841795,0.00023593184622878509,0.8,0.1,-1,20,700,31,0.5,1.0,0.8,"{'colsample_bytree': 0.8, 'learning_rate': 0.1, 'max_depth': -1, 'min_child_samples': 20, 'n_estimators': 700, 'num_leaves': 31, 'reg_alpha': 0.5, 'reg_lambda': 1.0, 'subsample': 0.8}",-0.011034564874574873,-0.009343043601725488,-0.01073199729624341,-0.010342318242501935,-0.010663248639221905,-0.010423034530853522,0.0005830995962530979,237
0.3542006015777588,0.028353862826726205,0.0042951107025146484,0.00030042996397575795,0.8,0.1,-1,20,700,31,1.0,0.0,0.8,"{'colsample_bytree': 0.8, 'learning_rate': 0.1, 'max_depth': -1, 'min_child_samples': 20, 'n_estimators': 700, 'num_leaves': 31, 'reg_alpha': 1.0, 'reg_lambda': 0.0, 'subsample': 0.8}",-0.011017305106551521,-0.009431961019191644,-0.01103809192551032,-0.010201605622948012,-0.010564716291642816,-0.010450735993168862,0.0005964809215565551,265
0.3344555854797363,0.025865895501691896,0.004238748550415039,0.00017013283853633296,0.8,0.1,-1,20,700,31,1.0,0.5,0.8,"{'colsample_bytree': 0.8, 'learning_rate': 0.1, 'max_depth': -1, 'min_child_samples': 20, 'n_estimators': 700, 'num_leaves': 31, 'reg_alpha': 1.0, 'reg_lambda': 0.5, 'subsample': 0.8}",-0.010921893178976055,-0.009613290389179909,-0.011079811557412268,-0.00996712927143328,-0.01081842612815338,-0.01048011010503098,0.0005803098488464009,299
0.3666942596435547,0.017910355836023066,0.004233837127685547,7.624594847595161e-05,0.8,0.1,-1,20,700,31,1.0,1.0,0.8,"{'colsample_bytree': 0.8, 'learning_rate': 0.1, 'max_depth': -1, 'min_child_samples': 20, 'n_estimators': 700, 'num_leaves': 31, 'reg_alpha': 1.0, 'reg_lambda': 1.0, 'subsample': 0.8}",-0.010725255528685975,-0.009389769041124277,-0.011042388195042392,-0.010139147692675338,-0.010976947766259649,-0.010454701644757525,0.0006204791122792584,269
1.7548239707946778,0.122086256551836,0.02093653678894043,0.0001256752614819963,0.8,0.1,-1,20,700,50,0.0,0.0,0.8,"{'colsample_bytree': 0.8, 'learning_rate': 0.1, 'max_depth': -1, 'min_child_samples': 20, 'n_estimators': 700, 'num_leaves': 50, 'reg_alpha': 0.0, 'reg_lambda': 0.0, 'subsample': 0.8}",-0.010566574729530818,-0.009505799566174547,-0.010823831725379107,-0.010205437992481782,-0.010241652145592159,-0.010268659231831682,0.0004435428544480434,42
1.649662971496582,0.06475669582975883,0.021802377700805665,0.0006816741067560016,0.8,0.1,-1,20,700,50,0.0,0.5,0.8,"{'colsample_bytree': 0.8, 'learning_rate': 0.1, 'max_depth': -1, 'min_child_samples': 20, 'n_estimators': 700, 'num_leaves': 50, 'reg_alpha': 0.0, 'reg_lambda': 0.5, 'subsample': 0.8}",-0.010792293162615322,-0.009731049388348357,-0.010662953540979313,-0.010113370950651849,-0.010416938604910353,-0.01034332112950104,0.0003839046932348552,119
1.6298099517822267,0.08361606936842325,0.02248077392578125,0.002723006485142426,0.8,0.1,-1,20,700,50,0.0,1.0,0.8,"{'colsample_bytree': 0.8, 'learning_rate': 0.1, 'max_depth': -1, 'min_child_samples': 20, 'n_estimators': 700, 'num_leaves': 50, 'reg_alpha': 0.0, 'reg_lambda': 1.0, 'subsample': 0.8}",-0.01124625694585104,-0.009626078801926787,-0.01042518940635824,-0.009907780700008521,-0.01028540298994201,-0.010298141768817319,0.0005512306528343463,74
0.5146087169647217,0.05701753060624453,0.004866313934326172,0.00033889284811013234,0.8,0.1,-1,20,700,50,0.5,0.0,0.8,"{'colsample_bytree': 0.8, 'learning_rate': 0.1, 'max_depth': -1, 'min_child_samples': 20, 'n_estimators': 700, 'num_leaves': 50, 'reg_alpha': 0.5, 'reg_lambda': 0.0, 'subsample': 0.8}",-0.010682438278787287,-0.009565390212840832,-0.01082489086089337,-0.010136982050434605,-0.010600764757670673,-0.010362093232125353,0.0004602558932332196,147
0.49741029739379883,0.06440982682175415,0.004873037338256836,0.0004536368946210211,0.8,0.1,-1,20,700,50,0.5,0.5,0.8,"{'colsample_bytree': 0.8, 'learning_rate': 0.1, 'max_depth': -1, 'min_child_samples': 20, 'n_estimators': 700, 'num_leaves': 50, 'reg_alpha': 0.5, 'reg_lambda': 0.5, 'subsample': 0.8}",-0.010546491560302325,-0.009598979746989011,-0.011016226608512666,-0.0101565630605352,-0.010679759139155065,-0.010399604023098854,0.0004858712569108943,206
0.4914440155029297,0.03663662741281953,0.004683065414428711,0.0001408987560102874,0.8,0.1,-1,20,700,50,0.5,1.0,0.8,"{'colsample_bytree': 0.8, 'learning_rate': 0.1, 'max_depth': -1, 'min_child_samples': 20, 'n_estimators': 700, 'num_leaves': 50, 'reg_alpha': 0.5, 'reg_lambda': 1.0, 'subsample': 0.8}",-0.010611783916884414,-0.009410467552117779,-0.01076271722697817,-0.009892368597023091,-0.010595351935586151,-0.010254537845717922,0.0005187767357916239,33
0.32842087745666504,0.013432003775555394,0.003960895538330078,0.00014698109192160495,0.8,0.1,-1,20,700,50,1.0,0.0,0.8,"{'colsample_bytree': 0.8, 'learning_rate': 0.1, 'max_depth': -1, 'min_child_samples': 20, 'n_estimators': 700, 'num_leaves': 50, 'reg_alpha': 1.0, 'reg_lambda': 0.0, 'subsample': 0.8}",-0.010695731313675351,-0.009263286086842857,-0.010932159545312682,-0.010036005311648694,-0.010506638033414785,-0.010286764058178874,0.0005903424807073477,57
0.3397860527038574,0.014072748791006314,0.004302597045898438,0.0003928762772134402,0.8,0.1,-1,20,700,50,1.0,0.5,0.8,"{'colsample_bytree': 0.8, 'learning_rate': 0.1, 'max_depth': -1, 'min_child_samples': 20, 'n_estimators': 700, 'num_leaves': 50, 'reg_alpha': 1.0, 'reg_lambda': 0.5, 'subsample': 0.8}",-0.010767730581962856,-0.009657684953408817,-0.01093440878666775,-0.010037979311830172,-0.010853245613193297,-0.010450209849412579,0.0005090649428561866,261
0.3250266551971436,0.02020016649013712,0.004120063781738281,0.0003465573407574653,0.8,0.1,-1,20,700,50,1.0,1.0,0.8,"{'colsample_bytree': 0.8, 'learning_rate': 0.1, 'max_depth': -1, 'min_child_samples': 20, 'n_estimators': 700, 'num_leaves': 50, 'reg_alpha': 1.0, 'reg_lambda': 1.0, 'subsample': 0.8}",-0.010833399760699221,-0.009483580724468546,-0.011026992907090473,-0.010417234562944638,-0.010764995894809814,-0.010505240770002538,0.0005475254663877788,315
2.762986755371094,0.09713722323259895,0.03106989860534668,0.0012986753418588026,0.8,0.1,-1,20,700,100,0.0,0.0,0.8,"{'colsample_bytree': 0.8, 'learning_rate': 0.1, 'max_depth': -1, 'min_child_samples': 20, 'n_estimators': 700, 'num_leaves': 100, 'reg_alpha': 0.0, 'reg_lambda': 0.0, 'subsample': 0.8}",-0.01102831017040813,-0.009458954552404052,-0.010888668483792307,-0.010148130448493766,-0.01022245624976704,-0.01034930398097306,0.0005659057720553943,134
2.9036911010742186,0.12333596454988713,0.031098413467407226,0.002037261495662371,0.8,0.1,-1,20,700,100,0.0,0.5,0.8,"{'colsample_bytree': 0.8, 'learning_rate': 0.1, 'max_depth': -1, 'min_child_samples': 20, 'n_estimators': 700, 'num_leaves': 100, 'reg_alpha': 0.0, 'reg_lambda': 0.5, 'subsample': 0.8}",-0.010975940088107006,-0.009771211064950356,-0.010740600878804352,-0.01031908471356956,-0.010586939889437591,-0.010478755326973772,0.00041317629815351155,297
2.800929069519043,0.11074991959883963,0.02925529479980469,0.0007822429010665988,0.8,0.1,-1,20,700,100,0.0,1.0,0.8,"{'colsample_bytree': 0.8, 'learning_rate': 0.1, 'max_depth': -1, 'min_child_samples': 20, 'n_estimators': 700, 'num_leaves': 100, 'reg_alpha': 0.0, 'reg_lambda': 1.0, 'subsample': 0.8}",-0.01092173993150186,-0.010015978355095182,-0.01087871350453282,-0.010330348576295598,-0.010452005778953102,-0.010519757229275712,0.00034196454534078614,324
0.46329636573791505,0.017163246166495495,0.004649543762207031,9.419792242520593e-05,0.8,0.1,-1,20,700,100,0.5,0.0,0.8,"{'colsample_bytree': 0.8, 'learning_rate': 0.1, 'max_depth': -1, 'min_child_samples': 20, 'n_estimators': 700, 'num_leaves': 100, 'reg_alpha': 0.5, 'reg_lambda': 0.0, 'subsample': 0.8}",-0.010407813268694876,-0.009403873443419159,-0.010465820540042475,-0.010112611010812626,-0.010689549043569491,-0.010215933461307725,0.00044580043377999515,11
0.5513358116149902,0.09039286509948798,0.005532217025756836,0.001108670187253843,0.8,0.1,-1,20,700,100,0.5,0.5,0.8,"{'colsample_bytree': 0.8, 'learning_rate': 0.1, 'max_depth': -1, 'min_child_samples': 20, 'n_estimators': 700, 'num_leaves': 100, 'reg_alpha': 0.5, 'reg_lambda': 0.5, 'subsample': 0.8}",-0.010444175540255694,-0.00925741148353818,-0.010999321354134062,-0.010069198222608077,-0.010666291150990638,-0.01028727955030533,0.0005972365320295003,61
0.5063539981842041,0.02438124083081148,0.004877805709838867,0.00024295510665937328,0.8,0.1,-1,20,700,100,0.5,1.0,0.8,"{'colsample_bytree': 0.8, 'learning_rate': 0.1, 'max_depth': -1, 'min_child_samples': 20, 'n_estimators': 700, 'num_leaves': 100, 'reg_alpha': 0.5, 'reg_lambda': 1.0, 'subsample': 0.8}",-0.010372599091350278,-0.009235395432406127,-0.011059178863015827,-0.010171512188128706,-0.010629476935677284,-0.010293632502115645,0.0006066081936889505,68
0.3342409610748291,0.01921058730291741,0.004162931442260742,0.000518836596811147,0.8,0.1,-1,20,700,100,1.0,0.0,0.8,"{'colsample_bytree': 0.8, 'learning_rate': 0.1, 'max_depth': -1, 'min_child_samples': 20, 'n_estimators': 700, 'num_leaves': 100, 'reg_alpha': 1.0, 'reg_lambda': 0.0, 'subsample': 0.8}",-0.010770741580436808,-0.009412696093669543,-0.010720913286105,-0.00999809601732253,-0.01048921646376472,-0.01027833268825972,0.0005119912841225002,52
0.36460394859313966,0.04129848025570662,0.0041884899139404295,0.00023232998862656598,0.8,0.1,-1,20,700,100,1.0,0.5,0.8,"{'colsample_bytree': 0.8, 'learning_rate': 0.1, 'max_depth': -1, 'min_child_samples': 20, 'n_estimators': 700, 'num_leaves': 100, 'reg_alpha': 1.0, 'reg_lambda': 0.5, 'subsample': 0.8}",-0.010655056504086572,-0.009319414056985595,-0.010877864031161411,-0.010072165851938058,-0.010822079675534819,-0.010349316023941292,0.0005888728193395426,135
0.3277571678161621,0.007098565654270848,0.003941917419433593,5.3079622545499544e-05,0.8,0.1,-1,20,700,100,1.0,1.0,0.8,"{'colsample_bytree': 0.8, 'learning_rate': 0.1, 'max_depth': -1, 'min_child_samples': 20, 'n_estimators': 700, 'num_leaves': 100, 'reg_alpha': 1.0, 'reg_lambda': 1.0, 'subsample': 0.8}",-0.010763948561053038,-0.009332219199009192,-0.010966791545223037,-0.010077788362247068,-0.010972683534904831,-0.010422686240487433,0.0006360944101170388,233
0.7807010650634766,0.06952741611882138,0.010139179229736329,0.00045497915136486503,0.8,0.1,-1,30,500,31,0.0,0.0,0.8,"{'colsample_bytree': 0.8, 'learning_rate': 0.1, 'max_depth': -1, 'min_child_samples': 30, 'n_estimators': 500, 'num_leaves': 31, 'reg_alpha': 0.0, 'reg_lambda': 0.0, 'subsample': 0.8}",-0.010755524394540658,-0.010083800450797277,-0.011077582645644434,-0.009901734083737871,-0.010298299310016676,-0.010423388176947383,0.00043390665154040454,241
0.7347998142242431,0.015648265967715395,0.010682344436645508,0.001368340777564363,0.8,0.1,-1,30,500,31,0.0,0.5,0.8,"{'colsample_bytree': 0.8, 'learning_rate': 0.1, 'max_depth': -1, 'min_child_samples': 30, 'n_estimators': 500, 'num_leaves': 31, 'reg_alpha': 0.0, 'reg_lambda': 0.5, 'subsample': 0.8}",-0.010864060521516882,-0.010096066780722255,-0.010771278016465977,-0.010152751631009193,-0.010576522591304803,-0.01049213590820382,0.0003147766790055533,307
0.7718472480773926,0.06176019218274907,0.01132516860961914,0.00243032494936579,0.8,0.1,-1,30,500,31,0.0,1.0,0.8,"{'colsample_bytree': 0.8, 'learning_rate': 0.1, 'max_depth': -1, 'min_child_samples': 30, 'n_estimators': 500, 'num_leaves': 31, 'reg_alpha': 0.0, 'reg_lambda': 1.0, 'subsample': 0.8}",-0.01099247300702521,-0.009503551521345544,-0.01087647546860116,-0.010092771637966264,-0.010519550800022303,-0.010396964486992096,0.0005459502907118701,199
0.48059906959533694,0.05866286886788803,0.005388021469116211,0.00039757866163655554,0.8,0.1,-1,30,500,31,0.5,0.0,0.8,"{'colsample_bytree': 0.8, 'learning_rate': 0.1, 'max_depth': -1, 'min_child_samples': 30, 'n_estimators': 500, 'num_leaves': 31, 'reg_alpha': 0.5, 'reg_lambda': 0.0, 'subsample': 0.8}",-0.010776220411972022,-0.00967514671296106,-0.010768724366414404,-0.010172135368491347,-0.010554359987477816,-0.01038931736946333,0.0004190681203704399,184
0.4466134548187256,0.015310031124161814,0.005109739303588867,8.992261327034004e-05,0.8,0.1,-1,30,500,31,0.5,0.5,0.8,"{'colsample_bytree': 0.8, 'learning_rate': 0.1, 'max_depth': -1, 'min_child_samples': 30, 'n_estimators': 500, 'num_leaves': 31, 'reg_alpha': 0.5, 'reg_lambda': 0.5, 'subsample': 0.8}",-0.01084370198887025,-0.00940924399087639,-0.010752293720800173,-0.01009111652730574,-0.01047358686431623,-0.010313988618433755,0.0005227645794745621,89
0.4615579128265381,0.02339574438669419,0.0052797794342041016,0.00018905339554228394,0.8,0.1,-1,30,500,31,0.5,1.0,0.8,"{'colsample_bytree': 0.8, 'learning_rate': 0.1, 'max_depth': -1, 'min_child_samples': 30, 'n_estimators': 500, 'num_leaves': 31, 'reg_alpha': 0.5, 'reg_lambda': 1.0, 'subsample': 0.8}",-0.010841019640155887,-0.009549095034709664,-0.010795760192872764,-0.009899551616362745,-0.010481266065034111,-0.010313338509827035,0.0005088546750965225,81
0.28887310028076174,0.01135723453449964,0.004115581512451172,0.00018112551338713695,0.8,0.1,-1,30,500,31,1.0,0.0,0.8,"{'colsample_bytree': 0.8, 'learning_rate': 0.1, 'max_depth': -1, 'min_child_samples': 30, 'n_estimators': 500, 'num_leaves': 31, 'reg_alpha': 1.0, 'reg_lambda': 0.0, 'subsample': 0.8}",-0.010815124868364777,-0.00942658691499699,-0.011162403756728006,-0.010137589650088095,-0.0107053813548082,-0.010449417308997214,0.0006084451972241504,257
0.3103912830352783,0.018080126684375128,0.004308223724365234,0.0003009128481394302,0.8,0.1,-1,30,500,31,1.0,0.5,0.8,"{'colsample_bytree': 0.8, 'learning_rate': 0.1, 'max_depth': -1, 'min_child_samples': 30, 'n_estimators': 500, 'num_leaves': 31, 'reg_alpha': 1.0, 'reg_lambda': 0.5, 'subsample': 0.8}",-0.010936559165807968,-0.009420813297708596,-0.011008439729851622,-0.00994255490841718,-0.010703815613664201,-0.010402436543089914,0.000619424167501882,210
0.3155264377593994,0.02445544519166396,0.0042342662811279295,0.00019134783001531708,0.8,0.1,-1,30,500,31,1.0,1.0,0.8,"{'colsample_bytree': 0.8, 'learning_rate': 0.1, 'max_depth': -1, 'min_child_samples': 30, 'n_estimators': 500, 'num_leaves': 31, 'reg_alpha': 1.0, 'reg_lambda': 1.0, 'subsample': 0.8}",-0.010622252318951954,-0.009542632632128463,-0.010988800375136946,-0.009990907708656077,-0.010698753164709255,-0.010368669239916539,0.0005259016356992392,151
1.1879937171936035,0.14236741117415708,0.01802349090576172,0.004998914980658927,0.8,0.1,-1,30,500,50,0.0,0.0,0.8,"{'colsample_bytree': 0.8, 'learning_rate': 0.1, 'max_depth': -1, 'min_child_samples': 30, 'n_estimators': 500, 'num_leaves': 50, 'reg_alpha': 0.0, 'reg_lambda': 0.0, 'subsample': 0.8}",-0.010602108305421258,-0.009690749216057466,-0.010706230715421162,-0.009794543129399189,-0.01058301535515708,-0.01027532934429123,0.00043818271830765686,47
1.1351978302001953,0.03189115236602333,0.015913629531860353,0.00119583586161316,0.8,0.1,-1,30,500,50,0.0,0.5,0.8,"{'colsample_bytree': 0.8, 'learning_rate': 0.1, 'max_depth': -1, 'min_child_samples': 30, 'n_estimators': 500, 'num_leaves': 50, 'reg_alpha': 0.0, 'reg_lambda': 0.5, 'subsample': 0.8}",-0.010800590107328535,-0.009705030544375597,-0.01097526835201504,-0.01023292590204828,-0.010433989417565159,-0.010429560864666522,0.0004470097238951531,243
1.2459911346435546,0.05798632714198724,0.016099977493286132,0.00030078751872740045,0.8,0.1,-1,30,500,50,0.0,1.0,0.8,"{'colsample_bytree': 0.8, 'learning_rate': 0.1, 'max_depth': -1, 'min_child_samples': 30, 'n_estimators': 500, 'num_leaves': 50, 'reg_alpha': 0.0, 'reg_lambda': 1.0, 'subsample': 0.8}",-0.010735107669648799,-0.009469255404666164,-0.01083844878729605,-0.010391842780095181,-0.010355777140877518,-0.010358086356516744,0.0004825056320992129,145
0.4900957584381104,0.0462131815867958,0.005337905883789062,0.00035781033629401625,0.8,0.1,-1,30,500,50,0.5,0.0,0.8,"{'colsample_bytree': 0.8, 'learning_rate': 0.1, 'max_depth': -1, 'min_child_samples': 30, 'n_estimators': 500, 'num_leaves': 50, 'reg_alpha': 0.5, 'reg_lambda': 0.0, 'subsample': 0.8}",-0.010765889103356394,-0.009548218605489815,-0.010928257276008763,-0.010058569359656452,-0.010383617327251283,-0.010336910334352542,0.0004970722028476577,107
0.4287822723388672,0.00839625891620054,0.004971599578857422,0.00015491650391908962,0.8,0.1,-1,30,500,50,0.5,0.5,0.8,"{'colsample_bytree': 0.8, 'learning_rate': 0.1, 'max_depth': -1, 'min_child_samples': 30, 'n_estimators': 500, 'num_leaves': 50, 'reg_alpha': 0.5, 'reg_lambda': 0.5, 'subsample': 0.8}",-0.010749799399604002,-0.0094925016089715,-0.010723320298554842,-0.01012939591913831,-0.010593949887236333,-0.010337793422700997,0.0004779003664325715,111
0.4493760108947754,0.03516262726494011,0.005021047592163086,0.00029954003196130377,0.8,0.1,-1,30,500,50,0.5,1.0,0.8,"{'colsample_bytree': 0.8, 'learning_rate': 0.1, 'max_depth': -1, 'min_child_samples': 30, 'n_estimators': 500, 'num_leaves': 50, 'reg_alpha': 0.5, 'reg_lambda': 1.0, 'subsample': 0.8}",-0.010902013253549364,-0.009451654395748002,-0.010882682689505044,-0.01008732283031755,-0.010411705580474407,-0.010347075749918873,0.00054189637799357,124
0.2940028667449951,0.010909683126231915,0.004554367065429688,0.0001557603448708925,0.8,0.1,-1,30,500,50,1.0,0.0,0.8,"{'colsample_bytree': 0.8, 'learning_rate': 0.1, 'max_depth': -1, 'min_child_samples': 30, 'n_estimators': 500, 'num_leaves': 50, 'reg_alpha': 1.0, 'reg_lambda': 0.0, 'subsample': 0.8}",-0.01092624269777599,-0.009448644324380374,-0.010995568230101631,-0.010332448650712223,-0.010608513912974297,-0.010462283563188905,0.0005595275758494015,282
0.31315131187438966,0.019014747141570712,0.004755163192749023,0.0006789220218349062,0.8,0.1,-1,30,500,50,1.0,0.5,0.8,"{'colsample_bytree': 0.8, 'learning_rate': 0.1, 'max_depth': -1, 'min_child_samples': 30, 'n_estimators': 500, 'num_leaves': 50, 'reg_alpha': 1.0, 'reg_lambda': 0.5, 'subsample': 0.8}",-0.010858445736895296,-0.00956482692570089,-0.011150493793073197,-0.010083681448957833,-0.010664027332272496,-0.010464295047379942,0.0005692145612131676,287
0.316426944732666,0.01788529314521517,0.004507875442504883,0.0005651857040934931,0.8,0.1,-1,30,500,50,1.0,1.0,0.8,"{'colsample_bytree': 0.8, 'learning_rate': 0.1, 'max_depth': -1, 'min_child_samples': 30, 'n_estimators': 500, 'num_leaves': 50, 'reg_alpha': 1.0, 'reg_lambda': 1.0, 'subsample': 0.8}",-0.010937228024068282,-0.00972230031604443,-0.011082382974034627,-0.01015780324409641,-0.01064945883411846,-0.010509834678472442,0.0005047985796819113,319
1.3012131690979003,0.08813089873651632,0.01939558982849121,0.001555007083294401,0.8,0.1,-1,30,500,100,0.0,0.0,0.8,"{'colsample_bytree': 0.8, 'learning_rate': 0.1, 'max_depth': -1, 'min_child_samples': 30, 'n_estimators': 500, 'num_leaves': 100, 'reg_alpha': 0.0, 'reg_lambda': 0.0, 'subsample': 0.8}",-0.010603908090128658,-0.009816783499421989,-0.010919852398390892,-0.010089527882684888,-0.010494320689572708,-0.010384878512039827,0.0003888733837639426,177
1.3474104881286622,0.051113418990131367,0.0189760684967041,0.0013057752969139233,0.8,0.1,-1,30,500,100,0.0,0.5,0.8,"{'colsample_bytree': 0.8, 'learning_rate': 0.1, 'max_depth': -1, 'min_child_samples': 30, 'n_estimators': 500, 'num_leaves': 100, 'reg_alpha': 0.0, 'reg_lambda': 0.5, 'subsample': 0.8}",-0.01088140720786759,-0.009838178968883893,-0.010711630204876841,-0.010372079506133444,-0.010475076087579955,-0.010455674395068346,0.00035649037489271767,277
1.3519174575805664,0.07014221971513458,0.01818881034851074,0.0016100217132322923,0.8,0.1,-1,30,500,100,0.0,1.0,0.8,"{'colsample_bytree': 0.8, 'learning_rate': 0.1, 'max_depth': -1, 'min_child_samples': 30, 'n_estimators': 500, 'num_leaves': 100, 'reg_alpha': 0.0, 'reg_lambda': 1.0, 'subsample': 0.8}",-0.010796033538262166,-0.009789473459484652,-0.010558131344918344,-0.010322333624145807,-0.010770776886059192,-0.010447349770574033,0.0003706449254083435,255
0.4674170970916748,0.04535103238475723,0.005108928680419922,0.00038271205786226175,0.8,0.1,-1,30,500,100,0.5,0.0,0.8,"{'colsample_bytree': 0.8, 'learning_rate': 0.1, 'max_depth': -1, 'min_child_samples': 30, 'n_estimators': 500, 'num_leaves': 100, 'reg_alpha': 0.5, 'reg_lambda': 0.0, 'subsample': 0.8}",-0.010819192333908057,-0.009403098744557248,-0.01115075091271749,-0.010066969068921284,-0.010525510134664863,-0.010393104238953788,0.0006098501285092066,191
0.43098673820495603,0.009584446381079349,0.005071067810058593,0.0003980520413050779,0.8,0.1,-1,30,500,100,0.5,0.5,0.8,"{'colsample_bytree': 0.8, 'learning_rate': 0.1, 'max_depth': -1, 'min_child_samples': 30, 'n_estimators': 500, 'num_leaves': 100, 'reg_alpha': 0.5, 'reg_lambda': 0.5, 'subsample': 0.8}",-0.010566927912205783,-0.009506172204727709,-0.010865593860457101,-0.01016296500525021,-0.01053841560085591,-0.010328014916699341,0.0004675480519855422,98
0.42784838676452636,0.007177087157408757,0.004976463317871094,0.00019817104466552778,0.8,0.1,-1,30,500,100,0.5,1.0,0.8,"{'colsample_bytree': 0.8, 'learning_rate': 0.1, 'max_depth': -1, 'min_child_samples': 30, 'n_estimators': 500, 'num_leaves': 100, 'reg_alpha': 0.5, 'reg_lambda': 1.0, 'subsample': 0.8}",-0.010940991813680462,-0.00941021327794285,-0.011090676257063585,-0.010264331831488145,-0.010362093013337044,-0.010413661238702417,0.000594692060493846,229
0.31954231262207033,0.01707676293142055,0.004354333877563477,0.0004275054442498293,0.8,0.1,-1,30,500,100,1.0,0.0,0.8,"{'colsample_bytree': 0.8, 'learning_rate': 0.1, 'max_depth': -1, 'min_child_samples': 30, 'n_estimators': 500, 'num_leaves': 100, 'reg_alpha': 1.0, 'reg_lambda': 0.0, 'subsample': 0.8}",-0.01092624269777599,-0.009448644324380374,-0.010995568230101631,-0.010248300527991867,-0.010608513912974297,-0.010445453938644832,0.0005644237759383237,247
0.32064218521118165,0.031185094978928254,0.004737281799316406,0.0004129901629840101,0.8,0.1,-1,30,500,100,1.0,0.5,0.8,"{'colsample_bytree': 0.8, 'learning_rate': 0.1, 'max_depth': -1, 'min_child_samples': 30, 'n_estimators': 500, 'num_leaves': 100, 'reg_alpha': 1.0, 'reg_lambda': 0.5, 'subsample': 0.8}",-0.010883505957248431,-0.009496745024260542,-0.011150493793073197,-0.010080061357171346,-0.010664027332272496,-0.010454966692805202,0.0005949542799419915,273
0.30144534111022947,0.011724250583122493,0.004317808151245117,0.00036853748502550684,0.8,0.1,-1,30,500,100,1.0,1.0,0.8,"{'colsample_bytree': 0.8, 'learning_rate': 0.1, 'max_depth': -1, 'min_child_samples': 30, 'n_estimators': 500, 'num_leaves': 100, 'reg_alpha': 1.0, 'reg_lambda': 1.0, 'subsample': 0.8}",-0.01096748529760334,-0.0097379399795559,-0.011082382974034627,-0.01010914355056844,-0.0106125031655243,-0.01050189099345732,0.0005106575670082485,311
1.0830868244171143,0.14030880200096477,0.0171811580657959,0.0006587892683875847,0.8,0.1,-1,30,700,31,0.0,0.0,0.8,"{'colsample_bytree': 0.8, 'learning_rate': 0.1, 'max_depth': -1, 'min_child_samples': 30, 'n_estimators': 700, 'num_leaves': 31, 'reg_alpha': 0.0, 'reg_lambda': 0.0, 'subsample': 0.8}",-0.01075946376211979,-0.010088156790803486,-0.011077071187360359,-0.009902111500639884,-0.010307064431818287,-0.01042677353454836,0.0004330892847947463,242
1.0221142768859863,0.03300467607069111,0.016720676422119142,0.0025422315422719242,0.8,0.1,-1,30,700,31,0.0,0.5,0.8,"{'colsample_bytree': 0.8, 'learning_rate': 0.1, 'max_depth': -1, 'min_child_samples': 30, 'n_estimators': 700, 'num_leaves': 31, 'reg_alpha': 0.0, 'reg_lambda': 0.5, 'subsample': 0.8}",-0.010863295703437201,-0.010098700495407061,-0.010759574823004712,-0.010146147516945628,-0.010580481796717162,-0.010489640067102353,0.00031354629883918094,306
1.0114904403686524,0.026926846557257005,0.015621805191040039,0.0006800277780198879,0.8,0.1,-1,30,700,31,0.0,1.0,0.8,"{'colsample_bytree': 0.8, 'learning_rate': 0.1, 'max_depth': -1, 'min_child_samples': 30, 'n_estimators': 700, 'num_leaves': 31, 'reg_alpha': 0.0, 'reg_lambda': 1.0, 'subsample': 0.8}",-0.01099099155323227,-0.009502375246599665,-0.010892931183850837,-0.010100506207477938,-0.010531674404378358,-0.010403695719107814,0.0005486253283891502,214
0.5492338180541992,0.042426284855316444,0.00545344352722168,0.00040656039326151416,0.8,0.1,-1,30,700,31,0.5,0.0,0.8,"{'colsample_bytree': 0.8, 'learning_rate': 0.1, 'max_depth': -1, 'min_child_samples': 30, 'n_estimators': 700, 'num_leaves': 31, 'reg_alpha': 0.5, 'reg_lambda': 0.0, 'subsample': 0.8}",-0.010776220411972022,-0.00967514671296106,-0.010768724366414404,-0.010172135368491347,-0.010554359987477816,-0.01038931736946333,0.0004190681203704399,184
0.5066842555999755,0.05542796150926677,0.005264711380004883,0.00025591848059608474,0.8,0.1,-1,30,700,31,0.5,0.5,0.8,"{'colsample_bytree': 0.8, 'learning_rate': 0.1, 'max_depth': -1, 'min_child_samples': 30, 'n_estimators': 700, 'num_leaves': 31, 'reg_alpha': 0.5, 'reg_lambda': 0.5, 'subsample': 0.8}",-0.01084370198887025,-0.00940924399087639,-0.010752293720800173,-0.01009111652730574,-0.01047358686431623,-0.010313988618433755,0.0005227645794745621,89
0.4793797492980957,0.01573916022222738,0.005370378494262695,0.0004322517661171214,0.8,0.1,-1,30,700,31,0.5,1.0,0.8,"{'colsample_bytree': 0.8, 'learning_rate': 0.1, 'max_depth': -1, 'min_child_samples': 30, 'n_estimators': 700, 'num_leaves': 31, 'reg_alpha': 0.5, 'reg_lambda': 1.0, 'subsample': 0.8}",-0.010841019640155887,-0.009549095034709664,-0.010795760192872764,-0.009899551616362745,-0.010481266065034111,-0.010313338509827035,0.0005088546750965225,81
0.3051163196563721,0.008208114724510562,0.003983688354492187,0.00010288985755299695,0.8,0.1,-1,30,700,31,1.0,0.0,0.8,"{'colsample_bytree': 0.8, 'learning_rate': 0.1, 'max_depth': -1, 'min_child_samples': 30, 'n_estimators': 700, 'num_leaves': 31, 'reg_alpha': 1.0, 'reg_lambda': 0.0, 'subsample': 0.8}",-0.010815124868364777,-0.00942658691499699,-0.011162403756728006,-0.010137589650088095,-0.0107053813548082,-0.010449417308997214,0.0006084451972241504,257
0.3472002983093262,0.019667758179923042,0.0046918392181396484,0.000648266263345504,0.8,0.1,-1,30,700,31,1.0,0.5,0.8,"{'colsample_bytree': 0.8, 'learning_rate': 0.1, 'max_depth': -1, 'min_child_samples': 30, 'n_estimators': 700, 'num_leaves': 31, 'reg_alpha': 1.0, 'reg_lambda': 0.5, 'subsample': 0.8}",-0.010936559165807968,-0.009420813297708596,-0.011008439729851622,-0.00994255490841718,-0.010703815613664201,-0.010402436543089914,0.000619424167501882,210
0.3410801887512207,0.02208941573901655,0.004346704483032227,0.0003278121980203716,0.8,0.1,-1,30,700,31,1.0,1.0,0.8,"{'colsample_bytree': 0.8, 'learning_rate': 0.1, 'max_depth': -1, 'min_child_samples': 30, 'n_estimators': 700, 'num_leaves': 31, 'reg_alpha': 1.0, 'reg_lambda': 1.0, 'subsample': 0.8}",-0.010622252318951954,-0.009542632632128463,-0.010988800375136946,-0.009990907708656077,-0.010698753164709255,-0.010368669239916539,0.0005259016356992392,151
1.6074535846710205,0.11405284111945063,0.0241243839263916,0.001661201682410679,0.8,0.1,-1,30,700,50,0.0,0.0,0.8,"{'colsample_bytree': 0.8, 'learning_rate': 0.1, 'max_depth': -1, 'min_child_samples': 30, 'n_estimators': 700, 'num_leaves': 50, 'reg_alpha': 0.0, 'reg_lambda': 0.0, 'subsample': 0.8}",-0.01060302162166689,-0.009691587221188428,-0.010706959905691867,-0.009794547893024887,-0.010583088412643,-0.010275841010843015,0.0004382481432915516,48
1.602899980545044,0.06720186689370018,0.022876691818237305,0.00011782504342930195,0.8,0.1,-1,30,700,50,0.0,0.5,0.8,"{'colsample_bytree': 0.8, 'learning_rate': 0.1, 'max_depth': -1, 'min_child_samples': 30, 'n_estimators': 700, 'num_leaves': 50, 'reg_alpha': 0.0, 'reg_lambda': 0.5, 'subsample': 0.8}",-0.010801812320965618,-0.009706351350787007,-0.010975459089425757,-0.010234249549515979,-0.010435788070780492,-0.010430732076294972,0.00044671835617452594,245
1.6910309314727783,0.1500135470076083,0.025250864028930665,0.0017026680171677018,0.8,0.1,-1,30,700,50,0.0,1.0,0.8,"{'colsample_bytree': 0.8, 'learning_rate': 0.1, 'max_depth': -1, 'min_child_samples': 30, 'n_estimators': 700, 'num_leaves': 50, 'reg_alpha': 0.0, 'reg_lambda': 1.0, 'subsample': 0.8}",-0.010734713563472543,-0.009468799164055694,-0.010837089682655156,-0.010393593713925774,-0.010357854856486605,-0.010358410196119154,0.0004823658884722758,146
0.532267427444458,0.02299257789453513,0.005170679092407227,9.693192853816924e-05,0.8,0.1,-1,30,700,50,0.5,0.0,0.8,"{'colsample_bytree': 0.8, 'learning_rate': 0.1, 'max_depth': -1, 'min_child_samples': 30, 'n_estimators': 700, 'num_leaves': 50, 'reg_alpha': 0.5, 'reg_lambda': 0.0, 'subsample': 0.8}",-0.010765889103356394,-0.009548218605489815,-0.010928257276008763,-0.010058569359656452,-0.010383617327251283,-0.010336910334352542,0.0004970722028476577,107
0.46277265548706054,0.021424637358835666,0.004837656021118164,5.947262448286905e-05,0.8,0.1,-1,30,700,50,0.5,0.5,0.8,"{'colsample_bytree': 0.8, 'learning_rate': 0.1, 'max_depth': -1, 'min_child_samples': 30, 'n_estimators': 700, 'num_leaves': 50, 'reg_alpha': 0.5, 'reg_lambda': 0.5, 'subsample': 0.8}",-0.010749799399604002,-0.0094925016089715,-0.010723320298554842,-0.01012939591913831,-0.010593949887236333,-0.010337793422700997,0.0004779003664325715,111
0.46817355155944823,0.03305587434845974,0.0050522804260253905,0.0004891404400879072,0.8,0.1,-1,30,700,50,0.5,1.0,0.8,"{'colsample_bytree': 0.8, 'learning_rate': 0.1, 'max_depth': -1, 'min_child_samples': 30, 'n_estimators': 700, 'num_leaves': 50, 'reg_alpha': 0.5, 'reg_lambda': 1.0, 'subsample': 0.8}",-0.010902013253549364,-0.009451654395748002,-0.010882682689505044,-0.01008732283031755,-0.010411705580474407,-0.010347075749918873,0.00054189637799357,124
0.393647575378418,0.06253369618020731,0.004954051971435547,0.000501157450287776,0.8,0.1,-1,30,700,50,1.0,0.0,0.8,"{'colsample_bytree': 0.8, 'learning_rate': 0.1, 'max_depth': -1, 'min_child_samples': 30, 'n_estimators': 700, 'num_leaves': 50, 'reg_alpha': 1.0, 'reg_lambda': 0.0, 'subsample': 0.8}",-0.01092624269777599,-0.009448644324380374,-0.010995568230101631,-0.010332448650712223,-0.010608513912974297,-0.010462283563188905,0.0005595275758494015,282
0.3343185901641846,0.029043085180314038,0.004263734817504883,0.00027733181166989505,0.8,0.1,-1,30,700,50,1.0,0.5,0.8,"{'colsample_bytree': 0.8, 'learning_rate': 0.1, 'max_depth': -1, 'min_child_samples': 30, 'n_estimators': 700, 'num_leaves': 50, 'reg_alpha': 1.0, 'reg_lambda': 0.5, 'subsample': 0.8}",-0.010858445736895296,-0.00956482692570089,-0.011150493793073197,-0.010083681448957833,-0.010664027332272496,-0.010464295047379942,0.0005692145612131676,287
0.3233206272125244,0.016713586559189166,0.00404963493347168,0.00010601159263631617,0.8,0.1,-1,30,700,50,1.0,1.0,0.8,"{'colsample_bytree': 0.8, 'learning_rate': 0.1, 'max_depth': -1, 'min_child_samples': 30, 'n_estimators': 700, 'num_leaves': 50, 'reg_alpha': 1.0, 'reg_lambda': 1.0, 'subsample': 0.8}",-0.010937228024068282,-0.00972230031604443,-0.011082382974034627,-0.01015780324409641,-0.01064945883411846,-0.010509834678472442,0.0005047985796819113,319
1.9043715000152588,0.12806580651760535,0.026185274124145508,0.001041958837123617,0.8,0.1,-1,30,700,100,0.0,0.0,0.8,"{'colsample_bytree': 0.8, 'learning_rate': 0.1, 'max_depth': -1, 'min_child_samples': 30, 'n_estimators': 700, 'num_leaves': 100, 'reg_alpha': 0.0, 'reg_lambda': 0.0, 'subsample': 0.8}",-0.010607831219288634,-0.009814328865849369,-0.010920432545963747,-0.010090586459626617,-0.010496886061499159,-0.010386013030445505,0.00039017944571164006,178
1.9296465873718263,0.16712356256775773,0.025679636001586913,0.001544225275866667,0.8,0.1,-1,30,700,100,0.0,0.5,0.8,"{'colsample_bytree': 0.8, 'learning_rate': 0.1, 'max_depth': -1, 'min_child_samples': 30, 'n_estimators': 700, 'num_leaves': 100, 'reg_alpha': 0.0, 'reg_lambda': 0.5, 'subsample': 0.8}",-0.010884964749710539,-0.009839207581157241,-0.010711564302885975,-0.010374432667979376,-0.010476776904204354,-0.010457389241187498,0.00035688429968033477,278
1.9610468387603759,0.12087444288653315,0.02957763671875,0.00800529213614517,0.8,0.1,-1,30,700,100,0.0,1.0,0.8,"{'colsample_bytree': 0.8, 'learning_rate': 0.1, 'max_depth': -1, 'min_child_samples': 30, 'n_estimators': 700, 'num_leaves': 100, 'reg_alpha': 0.0, 'reg_lambda': 1.0, 'subsample': 0.8}",-0.010796842932135437,-0.009786793116736567,-0.010559119020621364,-0.010324810607899753,-0.010773647401198213,-0.010448242615718268,0.0003721437712607557,256
0.47128992080688475,0.03047498727876986,0.005261993408203125,0.0003804167759011459,0.8,0.1,-1,30,700,100,0.5,0.0,0.8,"{'colsample_bytree': 0.8, 'learning_rate': 0.1, 'max_depth': -1, 'min_child_samples': 30, 'n_estimators': 700, 'num_leaves': 100, 'reg_alpha': 0.5, 'reg_lambda': 0.0, 'subsample': 0.8}",-0.010819192333908057,-0.009403098744557248,-0.01115075091271749,-0.010066969068921284,-0.010525510134664863,-0.010393104238953788,0.0006098501285092066,191
0.4550960063934326,0.027204595537723402,0.004956102371215821,0.00016370775926561536,0.8,0.1,-1,30,700,100,0.5,0.5,0.8,"{'colsample_bytree': 0.8, 'learning_rate': 0.1, 'max_depth': -1, 'min_child_samples': 30, 'n_estimators': 700, 'num_leaves': 100, 'reg_alpha': 0.5, 'reg_lambda': 0.5, 'subsample': 0.8}",-0.010566927912205783,-0.009506172204727709,-0.010865593860457101,-0.01016296500525021,-0.01053841560085591,-0.010328014916699341,0.0004675480519855422,98
0.46486711502075195,0.026939096538397263,0.005006980895996094,0.00017058241364836688,0.8,0.1,-1,30,700,100,0.5,1.0,0.8,"{'colsample_bytree': 0.8, 'learning_rate': 0.1, 'max_depth': -1, 'min_child_samples': 30, 'n_estimators': 700, 'num_leaves': 100, 'reg_alpha': 0.5, 'reg_lambda': 1.0, 'subsample': 0.8}",-0.010940991813680462,-0.00941021327794285,-0.011090676257063585,-0.010264331831488145,-0.010362093013337044,-0.010413661238702417,0.000594692060493846,229
0.3151679039001465,0.013846886601750095,0.004078340530395508,0.0001286013461310613,0.8,0.1,-1,30,700,100,1.0,0.0,0.8,"{'colsample_bytree': 0.8, 'learning_rate': 0.1, 'max_depth': -1, 'min_child_samples': 30, 'n_estimators': 700, 'num_leaves': 100, 'reg_alpha': 1.0, 'reg_lambda': 0.0, 'subsample': 0.8}",-0.01092624269777599,-0.009448644324380374,-0.010995568230101631,-0.010248300527991867,-0.010608513912974297,-0.010445453938644832,0.0005644237759383237,247
0.31591262817382815,0.010385290353000244,0.004098320007324218,0.0001268406200978231,0.8,0.1,-1,30,700,100,1.0,0.5,0.8,"{'colsample_bytree': 0.8, 'learning_rate': 0.1, 'max_depth': -1, 'min_child_samples': 30, 'n_estimators': 700, 'num_leaves': 100, 'reg_alpha': 1.0, 'reg_lambda': 0.5, 'subsample': 0.8}",-0.010883505957248431,-0.009496745024260542,-0.011150493793073197,-0.010080061357171346,-0.010664027332272496,-0.010454966692805202,0.0005949542799419915,273
0.38402562141418456,0.045012691098637196,0.005922508239746094,0.0029012619778936216,0.8,0.1,-1,30,700,100,1.0,1.0,0.8,"{'colsample_bytree': 0.8, 'learning_rate': 0.1, 'max_depth': -1, 'min_child_samples': 30, 'n_estimators': 700, 'num_leaves': 100, 'reg_alpha': 1.0, 'reg_lambda': 1.0, 'subsample': 0.8}",-0.01096748529760334,-0.0097379399795559,-0.011082382974034627,-0.01010914355056844,-0.0106125031655243,-0.01050189099345732,0.0005106575670082485,311
0.7447719573974609,0.03557142730974865,0.007254457473754883,0.0002510739678684535,0.8,0.1,20,10,500,31,0.0,0.0,0.8,"{'colsample_bytree': 0.8, 'learning_rate': 0.1, 'max_depth': 20, 'min_child_samples': 10, 'n_estimators': 500, 'num_leaves': 31, 'reg_alpha': 0.0, 'reg_lambda': 0.0, 'subsample': 0.8}",-0.010729913906594894,-0.009573526132990411,-0.010762687898649183,-0.010199016431729477,-0.01042643651512966,-0.010338316177018725,0.0004348594173753339,115
0.7548248291015625,0.02158036889686603,0.007282114028930664,6.443913913791065e-05,0.8,0.1,20,10,500,31,0.0,0.5,0.8,"{'colsample_bytree': 0.8, 'learning_rate': 0.1, 'max_depth': 20, 'min_child_samples': 10, 'n_estimators': 500, 'num_leaves': 31, 'reg_alpha': 0.0, 'reg_lambda': 0.5, 'subsample': 0.8}",-0.010546497790221918,-0.009759130359434614,-0.01060960651096252,-0.01012263997832905,-0.010509318879906679,-0.010309438703770955,0.00032372298201645505,79
0.7830337524414063,0.022245413918217345,0.008486652374267578,0.0017214948189331965,0.8,0.1,20,10,500,31,0.0,1.0,0.8,"{'colsample_bytree': 0.8, 'learning_rate': 0.1, 'max_depth': 20, 'min_child_samples': 10, 'n_estimators': 500, 'num_leaves': 31, 'reg_alpha': 0.0, 'reg_lambda': 1.0, 'subsample': 0.8}",-0.010414501466163285,-0.009887398013762502,-0.010384450338840463,-0.009947776220106798,-0.010375122869198138,-0.010201849781614236,0.0002332468882038472,9
0.5030244350433349,0.04377971830779611,0.005701398849487305,0.0018865864275546846,0.8,0.1,20,10,500,31,0.5,0.0,0.8,"{'colsample_bytree': 0.8, 'learning_rate': 0.1, 'max_depth': 20, 'min_child_samples': 10, 'n_estimators': 500, 'num_leaves': 31, 'reg_alpha': 0.5, 'reg_lambda': 0.0, 'subsample': 0.8}",-0.01059017798856667,-0.009422301683112604,-0.01094403462276116,-0.009833190256045263,-0.010563880743706257,-0.010270717058838391,0.0005572423398424351,43
0.5435031890869141,0.05329403765770874,0.005016803741455078,0.00023484726237365584,0.8,0.1,20,10,500,31,0.5,0.5,0.8,"{'colsample_bytree': 0.8, 'learning_rate': 0.1, 'max_depth': 20, 'min_child_samples': 10, 'n_estimators': 500, 'num_leaves': 31, 'reg_alpha': 0.5, 'reg_lambda': 0.5, 'subsample': 0.8}",-0.010965551456181877,-0.009388836332833397,-0.010853393276586227,-0.010064170357929707,-0.010633920343616243,-0.01038117435342949,0.0005854219205748044,172
0.49173808097839355,0.00950602181575586,0.005014181137084961,0.0002125564947057132,0.8,0.1,20,10,500,31,0.5,1.0,0.8,"{'colsample_bytree': 0.8, 'learning_rate': 0.1, 'max_depth': 20, 'min_child_samples': 10, 'n_estimators': 500, 'num_leaves': 31, 'reg_alpha': 0.5, 'reg_lambda': 1.0, 'subsample': 0.8}",-0.010653547812116122,-0.00964085593243964,-0.010950621279106043,-0.009901285334180079,-0.01042249754993824,-0.010313761581556025,0.00048079249888571357,85
0.3277179718017578,0.010381504537671955,0.003862142562866211,0.0001163798234699859,0.8,0.1,20,10,500,31,1.0,0.0,0.8,"{'colsample_bytree': 0.8, 'learning_rate': 0.1, 'max_depth': 20, 'min_child_samples': 10, 'n_estimators': 500, 'num_leaves': 31, 'reg_alpha': 1.0, 'reg_lambda': 0.0, 'subsample': 0.8}",-0.010890825371762178,-0.009835286769879622,-0.011020161434450977,-0.009795154671315273,-0.01052238653746294,-0.010412762956974197,0.0005146673981221352,225
0.32609286308288576,0.007606657208983617,0.003983306884765625,5.0781567866563885e-05,0.8,0.1,20,10,500,31,1.0,0.5,0.8,"{'colsample_bytree': 0.8, 'learning_rate': 0.1, 'max_depth': 20, 'min_child_samples': 10, 'n_estimators': 500, 'num_leaves': 31, 'reg_alpha': 1.0, 'reg_lambda': 0.5, 'subsample': 0.8}",-0.010732490992491352,-0.009685627061612979,-0.010829874273313951,-0.009972575081018337,-0.01051869911851897,-0.010347853305391118,0.00044471473988508405,128
0.32857341766357423,0.010891737318783542,0.004088926315307617,0.0002051322973141039,0.8,0.1,20,10,500,31,1.0,1.0,0.8,"{'colsample_bytree': 0.8, 'learning_rate': 0.1, 'max_depth': 20, 'min_child_samples': 10, 'n_estimators': 500, 'num_leaves': 31, 'reg_alpha': 1.0, 'reg_lambda': 1.0, 'subsample': 0.8}",-0.010499133926456733,-0.009694119276303132,-0.010876032541370853,-0.010152752198487125,-0.01071063606549485,-0.010386534801622539,0.00042223732535338096,179
1.1835786819458007,0.06408044454909774,0.013674259185791016,0.0034852917262285068,0.8,0.1,20,10,500,50,0.0,0.0,0.8,"{'colsample_bytree': 0.8, 'learning_rate': 0.1, 'max_depth': 20, 'min_child_samples': 10, 'n_estimators': 500, 'num_leaves': 50, 'reg_alpha': 0.0, 'reg_lambda': 0.0, 'subsample': 0.8}",-0.010509190383728086,-0.009774792213726353,-0.010983612111883605,-0.009812382307979158,-0.01009157382595384,-0.010234310168654209,0.0004575076106052863,25
1.1691766738891602,0.019335339161848795,0.011474800109863282,0.000992995864191589,0.8,0.1,20,10,500,50,0.0,0.5,0.8,"{'colsample_bytree': 0.8, 'learning_rate': 0.1, 'max_depth': 20, 'min_child_samples': 10, 'n_estimators': 500, 'num_leaves': 50, 'reg_alpha': 0.0, 'reg_lambda': 0.5, 'subsample': 0.8}",-0.010982241019358458,-0.009370084297783726,-0.01063601670973479,-0.009964553817761039,-0.01021985888536943,-0.01023455094600149,0.000555091361314707,26
1.2113043785095214,0.07848045831352478,0.011250066757202148,0.00046862641330655254,0.8,0.1,20,10,500,50,0.0,1.0,0.8,"{'colsample_bytree': 0.8, 'learning_rate': 0.1, 'max_depth': 20, 'min_child_samples': 10, 'n_estimators': 500, 'num_leaves': 50, 'reg_alpha': 0.0, 'reg_lambda': 1.0, 'subsample': 0.8}",-0.010688511928519669,-0.009793956860015367,-0.010438478089651487,-0.009700032566534476,-0.010364811120803239,-0.010197158113104846,0.00038405116678362185,4
0.580515718460083,0.05327747946066776,0.005256175994873047,0.0006912338910467446,0.8,0.1,20,10,500,50,0.5,0.0,0.8,"{'colsample_bytree': 0.8, 'learning_rate': 0.1, 'max_depth': 20, 'min_child_samples': 10, 'n_estimators': 500, 'num_leaves': 50, 'reg_alpha': 0.5, 'reg_lambda': 0.0, 'subsample': 0.8}",-0.010590037770315405,-0.00975023786314951,-0.01071234924097248,-0.010080816210961515,-0.01073880683098265,-0.010374449583276314,0.0003922426488536781,159
0.5040422439575195,0.025751503587890908,0.0045890331268310545,0.00012059978153042617,0.8,0.1,20,10,500,50,0.5,0.5,0.8,"{'colsample_bytree': 0.8, 'learning_rate': 0.1, 'max_depth': 20, 'min_child_samples': 10, 'n_estimators': 500, 'num_leaves': 50, 'reg_alpha': 0.5, 'reg_lambda': 0.5, 'subsample': 0.8}",-0.010588573128307693,-0.009578392437336835,-0.010828372474408472,-0.01012780518634156,-0.01066431895695646,-0.010357492436670203,0.00045365666565450426,141
0.4966287612915039,0.02158512732023469,0.004495096206665039,8.48571078927763e-05,0.8,0.1,20,10,500,50,0.5,1.0,0.8,"{'colsample_bytree': 0.8, 'learning_rate': 0.1, 'max_depth': 20, 'min_child_samples': 10, 'n_estimators': 500, 'num_leaves': 50, 'reg_alpha': 0.5, 'reg_lambda': 1.0, 'subsample': 0.8}",-0.010733700046970851,-0.009425235207765344,-0.010871667517792075,-0.010145630311478955,-0.010461435338000832,-0.010327533684401612,0.0005150172372999377,95
0.3216867923736572,0.009733024853398692,0.003919410705566406,0.0001842989125763605,0.8,0.1,20,10,500,50,1.0,0.0,0.8,"{'colsample_bytree': 0.8, 'learning_rate': 0.1, 'max_depth': 20, 'min_child_samples': 10, 'n_estimators': 500, 'num_leaves': 50, 'reg_alpha': 1.0, 'reg_lambda': 0.0, 'subsample': 0.8}",-0.010770661904845378,-0.009655694936891024,-0.010826661670454752,-0.0102577281218201,-0.010721762499318199,-0.010446501826665892,0.00044415779844116386,251
0.3715810775756836,0.044852009543010656,0.004330205917358399,0.0005463199172950495,0.8,0.1,20,10,500,50,1.0,0.5,0.8,"{'colsample_bytree': 0.8, 'learning_rate': 0.1, 'max_depth': 20, 'min_child_samples': 10, 'n_estimators': 500, 'num_leaves': 50, 'reg_alpha': 1.0, 'reg_lambda': 0.5, 'subsample': 0.8}",-0.010511068568075968,-0.009478259958612928,-0.011088720273806587,-0.010314970835415636,-0.010604648662096075,-0.010399533659601438,0.0005263813242552776,204
0.39398670196533203,0.03109833994982234,0.004311943054199218,0.0004852086160550502,0.8,0.1,20,10,500,50,1.0,1.0,0.8,"{'colsample_bytree': 0.8, 'learning_rate': 0.1, 'max_depth': 20, 'min_child_samples': 10, 'n_estimators': 500, 'num_leaves': 50, 'reg_alpha': 1.0, 'reg_lambda': 1.0, 'subsample': 0.8}",-0.010705619469306238,-0.009412596296249251,-0.010773332085372496,-0.010204770343575987,-0.010801197543921967,-0.010379503147685189,0.0005300414443023638,167
2.0631219863891603,0.18154799611194591,0.01938157081604004,0.0006159983395576689,0.8,0.1,20,10,500,100,0.0,0.0,0.8,"{'colsample_bytree': 0.8, 'learning_rate': 0.1, 'max_depth': 20, 'min_child_samples': 10, 'n_estimators': 500, 'num_leaves': 100, 'reg_alpha': 0.0, 'reg_lambda': 0.0, 'subsample': 0.8}",-0.010919015723832748,-0.009648754895035212,-0.010806131625568158,-0.00986079065753857,-0.010466416247122296,-0.010340221829819397,0.0005051693005982477,117
2.1537607669830323,0.20870811915742457,0.020034360885620116,0.0017625097380241962,0.8,0.1,20,10,500,100,0.0,0.5,0.8,"{'colsample_bytree': 0.8, 'learning_rate': 0.1, 'max_depth': 20, 'min_child_samples': 10, 'n_estimators': 500, 'num_leaves': 100, 'reg_alpha': 0.0, 'reg_lambda': 0.5, 'subsample': 0.8}",-0.010637908850959726,-0.009798076376588633,-0.011133299464791462,-0.009975110801344106,-0.010444736400123902,-0.010397826378761566,0.00047731526862926626,200
2.039460849761963,0.1357037498265811,0.019972467422485353,0.0012749399184688586,0.8,0.1,20,10,500,100,0.0,1.0,0.8,"{'colsample_bytree': 0.8, 'learning_rate': 0.1, 'max_depth': 20, 'min_child_samples': 10, 'n_estimators': 500, 'num_leaves': 100, 'reg_alpha': 0.0, 'reg_lambda': 1.0, 'subsample': 0.8}",-0.010744314517958728,-0.009941869048049303,-0.011100306007754444,-0.010314975683462044,-0.01034551536179887,-0.010489396123804676,0.00039726674574031934,305
0.5377247333526611,0.06186211608263265,0.004709768295288086,0.00021390642801323578,0.8,0.1,20,10,500,100,0.5,0.0,0.8,"{'colsample_bytree': 0.8, 'learning_rate': 0.1, 'max_depth': 20, 'min_child_samples': 10, 'n_estimators': 500, 'num_leaves': 100, 'reg_alpha': 0.5, 'reg_lambda': 0.0, 'subsample': 0.8}",-0.010473859367516093,-0.009420539647967019,-0.010516984134067014,-0.010285271428581433,-0.010443032382217731,-0.010227937392069859,0.00041121035998095354,15
0.5168467998504639,0.018613750637534104,0.004577350616455078,0.00018353030471500572,0.8,0.1,20,10,500,100,0.5,0.5,0.8,"{'colsample_bytree': 0.8, 'learning_rate': 0.1, 'max_depth': 20, 'min_child_samples': 10, 'n_estimators': 500, 'num_leaves': 100, 'reg_alpha': 0.5, 'reg_lambda': 0.5, 'subsample': 0.8}",-0.010399911351108938,-0.009526872252053021,-0.010479125474914856,-0.01014111258735097,-0.010599248994739113,-0.010229254132033381,0.00038198560445869517,17
0.5328748226165771,0.03614101833775305,0.005835437774658203,0.0024567723926417497,0.8,0.1,20,10,500,100,0.5,1.0,0.8,"{'colsample_bytree': 0.8, 'learning_rate': 0.1, 'max_depth': 20, 'min_child_samples': 10, 'n_estimators': 500, 'num_leaves': 100, 'reg_alpha': 0.5, 'reg_lambda': 1.0, 'subsample': 0.8}",-0.010509015796394914,-0.009452274507901422,-0.010567335498128659,-0.01008190148190783,-0.010580854927253467,-0.01023827644231726,0.0004338644598368368,27
0.37642574310302734,0.022316065120225197,0.004226589202880859,0.00035229065510870063,0.8,0.1,20,10,500,100,1.0,0.0,0.8,"{'colsample_bytree': 0.8, 'learning_rate': 0.1, 'max_depth': 20, 'min_child_samples': 10, 'n_estimators': 500, 'num_leaves': 100, 'reg_alpha': 1.0, 'reg_lambda': 0.0, 'subsample': 0.8}",-0.010577208256569891,-0.009296364048892052,-0.01082972113661222,-0.01026457542660194,-0.011054896157015081,-0.010404553005138237,0.0006133841335248263,215
0.37366280555725095,0.04394312798426394,0.003980827331542969,0.0002092106607160735,0.8,0.1,20,10,500,100,1.0,0.5,0.8,"{'colsample_bytree': 0.8, 'learning_rate': 0.1, 'max_depth': 20, 'min_child_samples': 10, 'n_estimators': 500, 'num_leaves': 100, 'reg_alpha': 1.0, 'reg_lambda': 0.5, 'subsample': 0.8}",-0.010735331449248224,-0.009508159066295508,-0.010923541995802368,-0.010174771534223276,-0.010682586505823738,-0.010404878110278622,0.0005123256129698955,217
0.36496891975402834,0.0258064349975207,0.004386472702026367,0.0002966958200983301,0.8,0.1,20,10,500,100,1.0,1.0,0.8,"{'colsample_bytree': 0.8, 'learning_rate': 0.1, 'max_depth': 20, 'min_child_samples': 10, 'n_estimators': 500, 'num_leaves': 100, 'reg_alpha': 1.0, 'reg_lambda': 1.0, 'subsample': 0.8}",-0.010709310511101697,-0.00967120714756782,-0.01068321098254619,-0.010275901462581892,-0.011026434989666998,-0.010473213018692919,0.000466484938107708,293
1.1437646389007567,0.11588995143282871,0.0136810302734375,0.0016397979274791875,0.8,0.1,20,10,700,31,0.0,0.0,0.8,"{'colsample_bytree': 0.8, 'learning_rate': 0.1, 'max_depth': 20, 'min_child_samples': 10, 'n_estimators': 700, 'num_leaves': 31, 'reg_alpha': 0.0, 'reg_lambda': 0.0, 'subsample': 0.8}",-0.01072841170057764,-0.00957101243258364,-0.010750785708075593,-0.010199337645752007,-0.010423397752272386,-0.010334589047852252,0.00043302312107245744,105
1.1701292991638184,0.15302598263780118,0.013504219055175782,0.002258379450962996,0.8,0.1,20,10,700,31,0.0,0.5,0.8,"{'colsample_bytree': 0.8, 'learning_rate': 0.1, 'max_depth': 20, 'min_child_samples': 10, 'n_estimators': 700, 'num_leaves': 31, 'reg_alpha': 0.0, 'reg_lambda': 0.5, 'subsample': 0.8}",-0.010541489895848407,-0.009756057960863353,-0.010608620491302026,-0.010134251006488081,-0.010500171240568606,-0.010308118119014095,0.00032144942199601665,77
1.1575730323791504,0.08464882096691774,0.012640762329101562,0.0005954292420569476,0.8,0.1,20,10,700,31,0.0,1.0,0.8,"{'colsample_bytree': 0.8, 'learning_rate': 0.1, 'max_depth': 20, 'min_child_samples': 10, 'n_estimators': 700, 'num_leaves': 31, 'reg_alpha': 0.0, 'reg_lambda': 1.0, 'subsample': 0.8}",-0.01040207874722248,-0.009889927803701183,-0.010379212113290898,-0.009949923048972898,-0.010371117255515639,-0.010198451793740617,0.0002284316879961608,5
0.5858613014221191,0.053939917223747455,0.005090141296386718,0.00014445432083285981,0.8,0.1,20,10,700,31,0.5,0.0,0.8,"{'colsample_bytree': 0.8, 'learning_rate': 0.1, 'max_depth': 20, 'min_child_samples': 10, 'n_estimators': 700, 'num_leaves': 31, 'reg_alpha': 0.5, 'reg_lambda': 0.0, 'subsample': 0.8}",-0.01059017798856667,-0.009422301683112604,-0.01094403462276116,-0.009833190256045263,-0.010563880743706257,-0.010270717058838391,0.0005572423398424351,43
0.5238271236419678,0.025421524885023073,0.005104875564575196,0.00027813677228454573,0.8,0.1,20,10,700,31,0.5,0.5,0.8,"{'colsample_bytree': 0.8, 'learning_rate': 0.1, 'max_depth': 20, 'min_child_samples': 10, 'n_estimators': 700, 'num_leaves': 31, 'reg_alpha': 0.5, 'reg_lambda': 0.5, 'subsample': 0.8}",-0.010965551456181877,-0.009388836332833397,-0.010853393276586227,-0.010064170357929707,-0.010633920343616243,-0.01038117435342949,0.0005854219205748044,172
0.5189569473266602,0.020180908590394207,0.0051692485809326175,0.00030567770898110323,0.8,0.1,20,10,700,31,0.5,1.0,0.8,"{'colsample_bytree': 0.8, 'learning_rate': 0.1, 'max_depth': 20, 'min_child_samples': 10, 'n_estimators': 700, 'num_leaves': 31, 'reg_alpha': 0.5, 'reg_lambda': 1.0, 'subsample': 0.8}",-0.010653547812116122,-0.00964085593243964,-0.010950621279106043,-0.009901285334180079,-0.01042249754993824,-0.010313761581556025,0.00048079249888571357,85
0.3567253589630127,0.021008695566857565,0.004065465927124023,0.00020685794983451282,0.8,0.1,20,10,700,31,1.0,0.0,0.8,"{'colsample_bytree': 0.8, 'learning_rate': 0.1, 'max_depth': 20, 'min_child_samples': 10, 'n_estimators': 700, 'num_leaves': 31, 'reg_alpha': 1.0, 'reg_lambda': 0.0, 'subsample': 0.8}",-0.010890825371762178,-0.009835286769879622,-0.011020161434450977,-0.009795154671315273,-0.01052238653746294,-0.010412762956974197,0.0005146673981221352,225
0.377914571762085,0.030419670632955097,0.004240560531616211,0.00019234002130696898,0.8,0.1,20,10,700,31,1.0,0.5,0.8,"{'colsample_bytree': 0.8, 'learning_rate': 0.1, 'max_depth': 20, 'min_child_samples': 10, 'n_estimators': 700, 'num_leaves': 31, 'reg_alpha': 1.0, 'reg_lambda': 0.5, 'subsample': 0.8}",-0.010732490992491352,-0.009685627061612979,-0.010829874273313951,-0.009972575081018337,-0.01051869911851897,-0.010347853305391118,0.00044471473988508405,128
0.3593625068664551,0.008003596158709263,0.004246330261230469,0.00020694609610899265,0.8,0.1,20,10,700,31,1.0,1.0,0.8,"{'colsample_bytree': 0.8, 'learning_rate': 0.1, 'max_depth': 20, 'min_child_samples': 10, 'n_estimators': 700, 'num_leaves': 31, 'reg_alpha': 1.0, 'reg_lambda': 1.0, 'subsample': 0.8}",-0.010499133926456733,-0.009694119276303132,-0.010876032541370853,-0.010152752198487125,-0.01071063606549485,-0.010386534801622539,0.00042223732535338096,179
1.7301501750946044,0.10314480324836708,0.020087337493896483,0.001090591198983745,0.8,0.1,20,10,700,50,0.0,0.0,0.8,"{'colsample_bytree': 0.8, 'learning_rate': 0.1, 'max_depth': 20, 'min_child_samples': 10, 'n_estimators': 700, 'num_leaves': 50, 'reg_alpha': 0.0, 'reg_lambda': 0.0, 'subsample': 0.8}",-0.010508691347796598,-0.009774795445340151,-0.01098238355145256,-0.009811603039742942,-0.010090975309927213,-0.010233689738851892,0.00045722573688591255,23
1.727578592300415,0.10749669063963621,0.01897263526916504,0.0007067325279685474,0.8,0.1,20,10,700,50,0.0,0.5,0.8,"{'colsample_bytree': 0.8, 'learning_rate': 0.1, 'max_depth': 20, 'min_child_samples': 10, 'n_estimators': 700, 'num_leaves': 50, 'reg_alpha': 0.0, 'reg_lambda': 0.5, 'subsample': 0.8}",-0.01098102138800627,-0.009370719550152855,-0.010635949159400868,-0.009964371168351385,-0.010218431313137483,-0.01023409851580977,0.0005545807891209655,24
1.7938141345977783,0.07692278003637552,0.019689512252807618,0.0013377219534128236,0.8,0.1,20,10,700,50,0.0,1.0,0.8,"{'colsample_bytree': 0.8, 'learning_rate': 0.1, 'max_depth': 20, 'min_child_samples': 10, 'n_estimators': 700, 'num_leaves': 50, 'reg_alpha': 0.0, 'reg_lambda': 1.0, 'subsample': 0.8}",-0.010686482140723819,-0.009795392067798754,-0.010440137107130272,-0.00969838866994291,-0.010364943825747073,-0.010197068762268566,0.00038387907303858717,3
0.5165863513946534,0.0538418096957122,0.004664182662963867,0.00022651471525453773,0.8,0.1,20,10,700,50,0.5,0.0,0.8,"{'colsample_bytree': 0.8, 'learning_rate': 0.1, 'max_depth': 20, 'min_child_samples': 10, 'n_estimators': 700, 'num_leaves': 50, 'reg_alpha': 0.5, 'reg_lambda': 0.0, 'subsample': 0.8}",-0.010590037770315405,-0.00975023786314951,-0.01071234924097248,-0.010080816210961515,-0.01073880683098265,-0.010374449583276314,0.0003922426488536781,159
0.5822430610656738,0.10545004685979646,0.004709768295288086,0.00019573665268674727,0.8,0.1,20,10,700,50,0.5,0.5,0.8,"{'colsample_bytree': 0.8, 'learning_rate': 0.1, 'max_depth': 20, 'min_child_samples': 10, 'n_estimators': 700, 'num_leaves': 50, 'reg_alpha': 0.5, 'reg_lambda': 0.5, 'subsample': 0.8}",-0.010588573128307693,-0.009578392437336835,-0.010828372474408472,-0.01012780518634156,-0.01066431895695646,-0.010357492436670203,0.00045365666565450426,141
0.5201679229736328,0.020884096296902924,0.004690790176391601,0.0004632919891719277,0.8,0.1,20,10,700,50,0.5,1.0,0.8,"{'colsample_bytree': 0.8, 'learning_rate': 0.1, 'max_depth': 20, 'min_child_samples': 10, 'n_estimators': 700, 'num_leaves': 50, 'reg_alpha': 0.5, 'reg_lambda': 1.0, 'subsample': 0.8}",-0.010733700046970851,-0.009425235207765344,-0.010871667517792075,-0.010145630311478955,-0.010461435338000832,-0.010327533684401612,0.0005150172372999377,95
0.3499873638153076,0.011224655778139034,0.0039632320404052734,0.00016280557178675255,0.8,0.1,20,10,700,50,1.0,0.0,0.8,"{'colsample_bytree': 0.8, 'learning_rate': 0.1, 'max_depth': 20, 'min_child_samples': 10, 'n_estimators': 700, 'num_leaves': 50, 'reg_alpha': 1.0, 'reg_lambda': 0.0, 'subsample': 0.8}",-0.010770661904845378,-0.009655694936891024,-0.010826661670454752,-0.0102577281218201,-0.010721762499318199,-0.010446501826665892,0.00044415779844116386,251
0.37578597068786623,0.010442545386797,0.004048538208007812,0.00018884397444608207,0.8,0.1,20,10,700,50,1.0,0.5,0.8,"{'colsample_bytree': 0.8, 'learning_rate': 0.1, 'max_depth': 20, 'min_child_samples': 10, 'n_estimators': 700, 'num_leaves': 50, 'reg_alpha': 1.0, 'reg_lambda': 0.5, 'subsample': 0.8}",-0.010511068568075968,-0.009478259958612928,-0.011088720273806587,-0.010314970835415636,-0.010604648662096075,-0.010399533659601438,0.0005263813242552776,204
0.35457072257995603,0.009099549893626326,0.0038277626037597655,8.616704731125754e-05,0.8,0.1,20,10,700,50,1.0,1.0,0.8,"{'colsample_bytree': 0.8, 'learning_rate': 0.1, 'max_depth': 20, 'min_child_samples': 10, 'n_estimators': 700, 'num_leaves': 50, 'reg_alpha': 1.0, 'reg_lambda': 1.0, 'subsample': 0.8}",-0.010705619469306238,-0.009412596296249251,-0.010773332085372496,-0.010204770343575987,-0.010801197543921967,-0.010379503147685189,0.0005300414443023638,167
2.659007215499878,0.20698153883332274,0.02945742607116699,0.0020974649612129615,0.8,0.1,20,10,700,100,0.0,0.0,0.8,"{'colsample_bytree': 0.8, 'learning_rate': 0.1, 'max_depth': 20, 'min_child_samples': 10, 'n_estimators': 700, 'num_leaves': 100, 'reg_alpha': 0.0, 'reg_lambda': 0.0, 'subsample': 0.8}",-0.010919201353119683,-0.009648627081493387,-0.010806119666348828,-0.009861078073897125,-0.010466780336445679,-0.010340361302260941,0.0005052082888417241,118
2.8519949913024902,0.22303936550797143,0.02907848358154297,0.0026989448740485,0.8,0.1,20,10,700,100,0.0,0.5,0.8,"{'colsample_bytree': 0.8, 'learning_rate': 0.1, 'max_depth': 20, 'min_child_samples': 10, 'n_estimators': 700, 'num_leaves': 100, 'reg_alpha': 0.0, 'reg_lambda': 0.5, 'subsample': 0.8}",-0.010638023232752094,-0.009797754652714827,-0.011133263539506284,-0.009975153470419829,-0.010445171227437322,-0.01039787322456607,0.00047739759815932417,201
2.835507106781006,0.3158972139096104,0.03179378509521484,0.006942794133527107,0.8,0.1,20,10,700,100,0.0,1.0,0.8,"{'colsample_bytree': 0.8, 'learning_rate': 0.1, 'max_depth': 20, 'min_child_samples': 10, 'n_estimators': 700, 'num_leaves': 100, 'reg_alpha': 0.0, 'reg_lambda': 1.0, 'subsample': 0.8}",-0.010744966594986536,-0.009940889074913434,-0.01110027881786224,-0.010315128304259234,-0.010345532129386971,-0.010489358984281685,0.0003975977940695202,304
0.5317580699920654,0.023011682246914425,0.004575967788696289,0.00024336079386386283,0.8,0.1,20,10,700,100,0.5,0.0,0.8,"{'colsample_bytree': 0.8, 'learning_rate': 0.1, 'max_depth': 20, 'min_child_samples': 10, 'n_estimators': 700, 'num_leaves': 100, 'reg_alpha': 0.5, 'reg_lambda': 0.0, 'subsample': 0.8}",-0.010473859367516093,-0.009420539647967019,-0.010516984134067014,-0.010285271428581433,-0.010443032382217731,-0.010227937392069859,0.00041121035998095354,15
0.5912825584411621,0.09606861384044309,0.005096817016601562,0.0004907545068190899,0.8,0.1,20,10,700,100,0.5,0.5,0.8,"{'colsample_bytree': 0.8, 'learning_rate': 0.1, 'max_depth': 20, 'min_child_samples': 10, 'n_estimators': 700, 'num_leaves': 100, 'reg_alpha': 0.5, 'reg_lambda': 0.5, 'subsample': 0.8}",-0.010399911351108938,-0.009526872252053021,-0.010479125474914856,-0.01014111258735097,-0.010599248994739113,-0.010229254132033381,0.00038198560445869517,17
0.5208997249603271,0.015278070431002207,0.004443073272705078,8.278895572306974e-05,0.8,0.1,20,10,700,100,0.5,1.0,0.8,"{'colsample_bytree': 0.8, 'learning_rate': 0.1, 'max_depth': 20, 'min_child_samples': 10, 'n_estimators': 700, 'num_leaves': 100, 'reg_alpha': 0.5, 'reg_lambda': 1.0, 'subsample': 0.8}",-0.010509015796394914,-0.009452274507901422,-0.010567335498128659,-0.01008190148190783,-0.010580854927253467,-0.01023827644231726,0.0004338644598368368,27
0.4286485195159912,0.046716335283300964,0.004302263259887695,0.0004072529077316179,0.8,0.1,20,10,700,100,1.0,0.0,0.8,"{'colsample_bytree': 0.8, 'learning_rate': 0.1, 'max_depth': 20, 'min_child_samples': 10, 'n_estimators': 700, 'num_leaves': 100, 'reg_alpha': 1.0, 'reg_lambda': 0.0, 'subsample': 0.8}",-0.010577208256569891,-0.009296364048892052,-0.01082972113661222,-0.01026457542660194,-0.011054896157015081,-0.010404553005138237,0.0006133841335248263,215
0.37156028747558595,0.016827808053528372,0.0042417049407958984,0.0003576477363154047,0.8,0.1,20,10,700,100,1.0,0.5,0.8,"{'colsample_bytree': 0.8, 'learning_rate': 0.1, 'max_depth': 20, 'min_child_samples': 10, 'n_estimators': 700, 'num_leaves': 100, 'reg_alpha': 1.0, 'reg_lambda': 0.5, 'subsample': 0.8}",-0.010735331449248224,-0.009508159066295508,-0.010923541995802368,-0.010174771534223276,-0.010682586505823738,-0.010404878110278622,0.0005123256129698955,217
0.3973092555999756,0.0303701169850375,0.004233121871948242,0.0006807112730487472,0.8,0.1,20,10,700,100,1.0,1.0,0.8,"{'colsample_bytree': 0.8, 'learning_rate': 0.1, 'max_depth': 20, 'min_child_samples': 10, 'n_estimators': 700, 'num_leaves': 100, 'reg_alpha': 1.0, 'reg_lambda': 1.0, 'subsample': 0.8}",-0.010709310511101697,-0.00967120714756782,-0.01068321098254619,-0.010275901462581892,-0.011026434989666998,-0.010473213018692919,0.000466484938107708,293
0.718923282623291,0.03263993563251006,0.008577919006347657,0.0003849402332589099,0.8,0.1,20,20,500,31,0.0,0.0,0.8,"{'colsample_bytree': 0.8, 'learning_rate': 0.1, 'max_depth': 20, 'min_child_samples': 20, 'n_estimators': 500, 'num_leaves': 31, 'reg_alpha': 0.0, 'reg_lambda': 0.0, 'subsample': 0.8}",-0.01087593412558221,-0.009578719265142059,-0.010568974804109902,-0.009935612574211761,-0.010796650891156778,-0.010351178332040542,0.0005080625268882675,140
0.7340631008148193,0.017000604767314163,0.008436250686645507,0.00010743781382672341,0.8,0.1,20,20,500,31,0.0,0.5,0.8,"{'colsample_bytree': 0.8, 'learning_rate': 0.1, 'max_depth': 20, 'min_child_samples': 20, 'n_estimators': 500, 'num_leaves': 31, 'reg_alpha': 0.0, 'reg_lambda': 0.5, 'subsample': 0.8}",-0.01069876896157556,-0.009743770295565493,-0.01060095484178649,-0.009954123751508037,-0.01062949359871103,-0.010325422289829323,0.0003959663956367183,93
0.8118256092071533,0.0810559721958157,0.009303140640258788,0.0008603621406441386,0.8,0.1,20,20,500,31,0.0,1.0,0.8,"{'colsample_bytree': 0.8, 'learning_rate': 0.1, 'max_depth': 20, 'min_child_samples': 20, 'n_estimators': 500, 'num_leaves': 31, 'reg_alpha': 0.0, 'reg_lambda': 1.0, 'subsample': 0.8}",-0.0108823558609142,-0.009925166868731619,-0.01085441969248337,-0.009839243959536233,-0.010392301552356936,-0.010378697586804472,0.0004420109896819413,166
0.46947331428527833,0.008581629825069994,0.005122041702270508,0.00022783085809063044,0.8,0.1,20,20,500,31,0.5,0.0,0.8,"{'colsample_bytree': 0.8, 'learning_rate': 0.1, 'max_depth': 20, 'min_child_samples': 20, 'n_estimators': 500, 'num_leaves': 31, 'reg_alpha': 0.5, 'reg_lambda': 0.0, 'subsample': 0.8}",-0.01051775977843469,-0.00950276607173367,-0.01099982762835375,-0.010083902738567348,-0.01034640370690788,-0.010290131984799469,0.000494191138869085,63
0.5539216995239258,0.04338078788028931,0.005460357666015625,0.00032316438718794395,0.8,0.1,20,20,500,31,0.5,0.5,0.8,"{'colsample_bytree': 0.8, 'learning_rate': 0.1, 'max_depth': 20, 'min_child_samples': 20, 'n_estimators': 500, 'num_leaves': 31, 'reg_alpha': 0.5, 'reg_lambda': 0.5, 'subsample': 0.8}",-0.010577034953066196,-0.009588225299672315,-0.010668314219944257,-0.00997863525489054,-0.01051618790744907,-0.010265679527004476,0.0004154876629343872,37
0.5575035572052002,0.03895222535977307,0.005489730834960937,0.0002506229340252167,0.8,0.1,20,20,500,31,0.5,1.0,0.8,"{'colsample_bytree': 0.8, 'learning_rate': 0.1, 'max_depth': 20, 'min_child_samples': 20, 'n_estimators': 500, 'num_leaves': 31, 'reg_alpha': 0.5, 'reg_lambda': 1.0, 'subsample': 0.8}",-0.011034564874574873,-0.009343043601725488,-0.01073199729624341,-0.010342318242501935,-0.010663248639221905,-0.010423034530853522,0.0005830995962530979,237
0.3218944549560547,0.025307917164281407,0.004262065887451172,0.000599783030368104,0.8,0.1,20,20,500,31,1.0,0.0,0.8,"{'colsample_bytree': 0.8, 'learning_rate': 0.1, 'max_depth': 20, 'min_child_samples': 20, 'n_estimators': 500, 'num_leaves': 31, 'reg_alpha': 1.0, 'reg_lambda': 0.0, 'subsample': 0.8}",-0.011017305106551521,-0.009431961019191644,-0.01103809192551032,-0.010201605622948012,-0.010564716291642816,-0.010450735993168862,0.0005964809215565551,265
0.3086689949035645,0.01182194722475195,0.004054117202758789,0.0001541644399030924,0.8,0.1,20,20,500,31,1.0,0.5,0.8,"{'colsample_bytree': 0.8, 'learning_rate': 0.1, 'max_depth': 20, 'min_child_samples': 20, 'n_estimators': 500, 'num_leaves': 31, 'reg_alpha': 1.0, 'reg_lambda': 0.5, 'subsample': 0.8}",-0.010921893178976055,-0.009613290389179909,-0.011079811557412268,-0.00996712927143328,-0.01081842612815338,-0.01048011010503098,0.0005803098488464009,299
0.30756278038024903,0.009014333485765538,0.004071855545043945,9.964534447404469e-05,0.8,0.1,20,20,500,31,1.0,1.0,0.8,"{'colsample_bytree': 0.8, 'learning_rate': 0.1, 'max_depth': 20, 'min_child_samples': 20, 'n_estimators': 500, 'num_leaves': 31, 'reg_alpha': 1.0, 'reg_lambda': 1.0, 'subsample': 0.8}",-0.010725255528685975,-0.009389769041124277,-0.011042388195042392,-0.010139147692675338,-0.010976947766259649,-0.010454701644757525,0.0006204791122792584,269
1.1551849365234375,0.12351390298196087,0.014342117309570312,0.001283721558463574,0.8,0.1,20,20,500,50,0.0,0.0,0.8,"{'colsample_bytree': 0.8, 'learning_rate': 0.1, 'max_depth': 20, 'min_child_samples': 20, 'n_estimators': 500, 'num_leaves': 50, 'reg_alpha': 0.0, 'reg_lambda': 0.0, 'subsample': 0.8}",-0.010795679695406414,-0.00953814827640037,-0.010770188354695877,-0.010116780258753302,-0.010435007201282955,-0.010331160757307783,0.00046778947232325123,103
1.1146986484527588,0.024639385837648364,0.014458322525024414,0.0018444273105714642,0.8,0.1,20,20,500,50,0.0,0.5,0.8,"{'colsample_bytree': 0.8, 'learning_rate': 0.1, 'max_depth': 20, 'min_child_samples': 20, 'n_estimators': 500, 'num_leaves': 50, 'reg_alpha': 0.0, 'reg_lambda': 0.5, 'subsample': 0.8}",-0.010762734895552914,-0.009681847421479168,-0.0105437645315701,-0.009980466975800684,-0.010421239951851473,-0.010278010755250868,0.00039243857756383535,51
1.14939341545105,0.07582415734824306,0.013667869567871093,0.0007981348926406873,0.8,0.1,20,20,500,50,0.0,1.0,0.8,"{'colsample_bytree': 0.8, 'learning_rate': 0.1, 'max_depth': 20, 'min_child_samples': 20, 'n_estimators': 500, 'num_leaves': 50, 'reg_alpha': 0.0, 'reg_lambda': 1.0, 'subsample': 0.8}",-0.01111097639865994,-0.00966253015267768,-0.010425000980959349,-0.010074349438999632,-0.010452056594656199,-0.01034498271319056,0.0004782463657776579,123
0.44684700965881347,0.016004771196265557,0.004846096038818359,0.000433259631649671,0.8,0.1,20,20,500,50,0.5,0.0,0.8,"{'colsample_bytree': 0.8, 'learning_rate': 0.1, 'max_depth': 20, 'min_child_samples': 20, 'n_estimators': 500, 'num_leaves': 50, 'reg_alpha': 0.5, 'reg_lambda': 0.0, 'subsample': 0.8}",-0.010682438278787287,-0.009565390212840832,-0.01082489086089337,-0.010136982050434605,-0.010600764757670673,-0.010362093232125353,0.0004602558932332196,147
0.46451587677001954,0.022326503374647394,0.004982852935791015,0.00034546223892070624,0.8,0.1,20,20,500,50,0.5,0.5,0.8,"{'colsample_bytree': 0.8, 'learning_rate': 0.1, 'max_depth': 20, 'min_child_samples': 20, 'n_estimators': 500, 'num_leaves': 50, 'reg_alpha': 0.5, 'reg_lambda': 0.5, 'subsample': 0.8}",-0.010546491560302325,-0.009598979746989011,-0.011016226608512666,-0.0101565630605352,-0.010679759139155065,-0.010399604023098854,0.0004858712569108943,206
0.44515128135681153,0.01023982320985971,0.0046275615692138675,7.35173421346547e-05,0.8,0.1,20,20,500,50,0.5,1.0,0.8,"{'colsample_bytree': 0.8, 'learning_rate': 0.1, 'max_depth': 20, 'min_child_samples': 20, 'n_estimators': 500, 'num_leaves': 50, 'reg_alpha': 0.5, 'reg_lambda': 1.0, 'subsample': 0.8}",-0.010611783916884414,-0.009410467552117779,-0.01076271722697817,-0.009892368597023091,-0.010595351935586151,-0.010254537845717922,0.0005187767357916239,33
0.35943012237548827,0.042185645498141175,0.004379129409790039,0.00042835356025686176,0.8,0.1,20,20,500,50,1.0,0.0,0.8,"{'colsample_bytree': 0.8, 'learning_rate': 0.1, 'max_depth': 20, 'min_child_samples': 20, 'n_estimators': 500, 'num_leaves': 50, 'reg_alpha': 1.0, 'reg_lambda': 0.0, 'subsample': 0.8}",-0.010695731313675351,-0.009263286086842857,-0.010932159545312682,-0.010036005311648694,-0.010506638033414785,-0.010286764058178874,0.0005903424807073477,57
0.2998058795928955,0.007153663476612466,0.003813314437866211,8.139910577867588e-05,0.8,0.1,20,20,500,50,1.0,0.5,0.8,"{'colsample_bytree': 0.8, 'learning_rate': 0.1, 'max_depth': 20, 'min_child_samples': 20, 'n_estimators': 500, 'num_leaves': 50, 'reg_alpha': 1.0, 'reg_lambda': 0.5, 'subsample': 0.8}",-0.010767730581962856,-0.009657684953408817,-0.01093440878666775,-0.010037979311830172,-0.010853245613193297,-0.010450209849412579,0.0005090649428561866,261
0.3162879943847656,0.016189899295133273,0.00424661636352539,0.00042707119814798213,0.8,0.1,20,20,500,50,1.0,1.0,0.8,"{'colsample_bytree': 0.8, 'learning_rate': 0.1, 'max_depth': 20, 'min_child_samples': 20, 'n_estimators': 500, 'num_leaves': 50, 'reg_alpha': 1.0, 'reg_lambda': 1.0, 'subsample': 0.8}",-0.010833399760699221,-0.009483580724468546,-0.011026992907090473,-0.010417234562944638,-0.010764995894809814,-0.010505240770002538,0.0005475254663877788,315
1.5512052536010743,0.08032968654829352,0.017941951751708984,0.0010671358748882648,0.8,0.1,20,20,500,100,0.0,0.0,0.8,"{'colsample_bytree': 0.8, 'learning_rate': 0.1, 'max_depth': 20, 'min_child_samples': 20, 'n_estimators': 500, 'num_leaves': 100, 'reg_alpha': 0.0, 'reg_lambda': 0.0, 'subsample': 0.8}",-0.011008995181831776,-0.009445560182104207,-0.010843940108507552,-0.010083308838584146,-0.010257716515427786,-0.010327904165291094,0.0005609745363579408,97
1.4575610160827637,0.036828642792649594,0.01757502555847168,0.0011771412090130229,0.8,0.1,20,20,500,100,0.0,0.5,0.8,"{'colsample_bytree': 0.8, 'learning_rate': 0.1, 'max_depth': 20, 'min_child_samples': 20, 'n_estimators': 500, 'num_leaves': 100, 'reg_alpha': 0.0, 'reg_lambda': 0.5, 'subsample': 0.8}",-0.010720674941091751,-0.009751589023785076,-0.010878468667361703,-0.01019356541682996,-0.010433914855770955,-0.01039564258096789,0.00039896666443063096,195
1.5701847553253174,0.15452566736378956,0.01729159355163574,0.0009619831340880815,0.8,0.1,20,20,500,100,0.0,1.0,0.8,"{'colsample_bytree': 0.8, 'learning_rate': 0.1, 'max_depth': 20, 'min_child_samples': 20, 'n_estimators': 500, 'num_leaves': 100, 'reg_alpha': 0.0, 'reg_lambda': 1.0, 'subsample': 0.8}",-0.010967237892565804,-0.010040607349538651,-0.010904328604877018,-0.010100764457413394,-0.01027957019753599,-0.010458501700386171,0.00039804578836952437,279
0.43617095947265627,0.011533258388389952,0.004624223709106446,0.0001279526210898788,0.8,0.1,20,20,500,100,0.5,0.0,0.8,"{'colsample_bytree': 0.8, 'learning_rate': 0.1, 'max_depth': 20, 'min_child_samples': 20, 'n_estimators': 500, 'num_leaves': 100, 'reg_alpha': 0.5, 'reg_lambda': 0.0, 'subsample': 0.8}",-0.010407813268694876,-0.009403873443419159,-0.010465820540042475,-0.010112611010812626,-0.010689549043569491,-0.010215933461307725,0.00044580043377999515,11
0.4943204402923584,0.03630331444143982,0.004939889907836914,0.000342219839535748,0.8,0.1,20,20,500,100,0.5,0.5,0.8,"{'colsample_bytree': 0.8, 'learning_rate': 0.1, 'max_depth': 20, 'min_child_samples': 20, 'n_estimators': 500, 'num_leaves': 100, 'reg_alpha': 0.5, 'reg_lambda': 0.5, 'subsample': 0.8}",-0.010444175540255694,-0.009359715720117897,-0.010999321354134062,-0.010069198222608077,-0.010666291150990638,-0.010307740397621274,0.0005623362995066145,75
0.45168313980102537,0.01826883958258873,0.004776620864868164,0.00027302808777171424,0.8,0.1,20,20,500,100,0.5,1.0,0.8,"{'colsample_bytree': 0.8, 'learning_rate': 0.1, 'max_depth': 20, 'min_child_samples': 20, 'n_estimators': 500, 'num_leaves': 100, 'reg_alpha': 0.5, 'reg_lambda': 1.0, 'subsample': 0.8}",-0.010372599091350278,-0.009235395432406127,-0.011059178863015827,-0.010171512188128706,-0.010629476935677284,-0.010293632502115645,0.0006066081936889505,68
0.36105003356933596,0.04267243050860668,0.004818439483642578,0.0010017149720489779,0.8,0.1,20,20,500,100,1.0,0.0,0.8,"{'colsample_bytree': 0.8, 'learning_rate': 0.1, 'max_depth': 20, 'min_child_samples': 20, 'n_estimators': 500, 'num_leaves': 100, 'reg_alpha': 1.0, 'reg_lambda': 0.0, 'subsample': 0.8}",-0.010770741580436808,-0.009412696093669543,-0.010720913286105,-0.00999809601732253,-0.01048921646376472,-0.01027833268825972,0.0005119912841225002,52
0.34520535469055175,0.05060796177386331,0.004291677474975586,0.0005641735386348195,0.8,0.1,20,20,500,100,1.0,0.5,0.8,"{'colsample_bytree': 0.8, 'learning_rate': 0.1, 'max_depth': 20, 'min_child_samples': 20, 'n_estimators': 500, 'num_leaves': 100, 'reg_alpha': 1.0, 'reg_lambda': 0.5, 'subsample': 0.8}",-0.010655056504086572,-0.009319414056985595,-0.010877864031161411,-0.010072165851938058,-0.010822079675534819,-0.010349316023941292,0.0005888728193395426,135
0.31088781356811523,0.011978307997434334,0.003972625732421875,7.65960790592429e-05,0.8,0.1,20,20,500,100,1.0,1.0,0.8,"{'colsample_bytree': 0.8, 'learning_rate': 0.1, 'max_depth': 20, 'min_child_samples': 20, 'n_estimators': 500, 'num_leaves': 100, 'reg_alpha': 1.0, 'reg_lambda': 1.0, 'subsample': 0.8}",-0.010763948561053038,-0.009332219199009192,-0.010966791545223037,-0.010077788362247068,-0.010972683534904831,-0.010422686240487433,0.0006360944101170388,233
0.9911452293395996,0.04648607690415839,0.014162540435791016,0.0011816526237604689,0.8,0.1,20,20,700,31,0.0,0.0,0.8,"{'colsample_bytree': 0.8, 'learning_rate': 0.1, 'max_depth': 20, 'min_child_samples': 20, 'n_estimators': 700, 'num_leaves': 31, 'reg_alpha': 0.0, 'reg_lambda': 0.0, 'subsample': 0.8}",-0.010861552580804758,-0.009579290573072876,-0.010561751665424637,-0.009924922677146798,-0.010794965152449862,-0.010344496529779786,0.0005057768495826795,121
1.0106478691101075,0.021614193180458378,0.015042543411254883,0.0021888456668204253,0.8,0.1,20,20,700,31,0.0,0.5,0.8,"{'colsample_bytree': 0.8, 'learning_rate': 0.1, 'max_depth': 20, 'min_child_samples': 20, 'n_estimators': 700, 'num_leaves': 31, 'reg_alpha': 0.0, 'reg_lambda': 0.5, 'subsample': 0.8}",-0.010696299244762213,-0.009748182465884377,-0.010597672926245598,-0.009960772017639983,-0.010633026828148219,-0.010327190696536079,0.0003930523313168592,94
1.098283576965332,0.10112385645423935,0.01554560661315918,0.001359653434437689,0.8,0.1,20,20,700,31,0.0,1.0,0.8,"{'colsample_bytree': 0.8, 'learning_rate': 0.1, 'max_depth': 20, 'min_child_samples': 20, 'n_estimators': 700, 'num_leaves': 31, 'reg_alpha': 0.0, 'reg_lambda': 1.0, 'subsample': 0.8}",-0.010885626733153988,-0.009924219130889039,-0.010844253305427695,-0.009826152611024127,-0.010393330304468899,-0.010374716416992748,0.0004440069304805301,163
0.494635009765625,0.018639548723024327,0.0050350666046142575,0.00015309046888339239,0.8,0.1,20,20,700,31,0.5,0.0,0.8,"{'colsample_bytree': 0.8, 'learning_rate': 0.1, 'max_depth': 20, 'min_child_samples': 20, 'n_estimators': 700, 'num_leaves': 31, 'reg_alpha': 0.5, 'reg_lambda': 0.0, 'subsample': 0.8}",-0.01051775977843469,-0.00950276607173367,-0.01099982762835375,-0.010083902738567348,-0.01034640370690788,-0.010290131984799469,0.000494191138869085,63
0.5220770835876465,0.05399868732954426,0.006131172180175781,0.0017120268454593032,0.8,0.1,20,20,700,31,0.5,0.5,0.8,"{'colsample_bytree': 0.8, 'learning_rate': 0.1, 'max_depth': 20, 'min_child_samples': 20, 'n_estimators': 700, 'num_leaves': 31, 'reg_alpha': 0.5, 'reg_lambda': 0.5, 'subsample': 0.8}",-0.010577034953066196,-0.009588225299672315,-0.010668314219944257,-0.00997863525489054,-0.01051618790744907,-0.010265679527004476,0.0004154876629343872,37
0.507008695602417,0.014475938796183951,0.005564260482788086,0.0006646201298747943,0.8,0.1,20,20,700,31,0.5,1.0,0.8,"{'colsample_bytree': 0.8, 'learning_rate': 0.1, 'max_depth': 20, 'min_child_samples': 20, 'n_estimators': 700, 'num_leaves': 31, 'reg_alpha': 0.5, 'reg_lambda': 1.0, 'subsample': 0.8}",-0.011034564874574873,-0.009343043601725488,-0.01073199729624341,-0.010342318242501935,-0.010663248639221905,-0.010423034530853522,0.0005830995962530979,237
0.32198233604431153,0.014447325905060402,0.0039614677429199215,0.00019990396815778157,0.8,0.1,20,20,700,31,1.0,0.0,0.8,"{'colsample_bytree': 0.8, 'learning_rate': 0.1, 'max_depth': 20, 'min_child_samples': 20, 'n_estimators': 700, 'num_leaves': 31, 'reg_alpha': 1.0, 'reg_lambda': 0.0, 'subsample': 0.8}",-0.011017305106551521,-0.009431961019191644,-0.01103809192551032,-0.010201605622948012,-0.010564716291642816,-0.010450735993168862,0.0005964809215565551,265
0.3740370750427246,0.03895066373846387,0.004891872406005859,0.001034962886474298,0.8,0.1,20,20,700,31,1.0,0.5,0.8,"{'colsample_bytree': 0.8, 'learning_rate': 0.1, 'max_depth': 20, 'min_child_samples': 20, 'n_estimators': 700, 'num_leaves': 31, 'reg_alpha': 1.0, 'reg_lambda': 0.5, 'subsample': 0.8}",-0.010921893178976055,-0.009613290389179909,-0.011079811557412268,-0.00996712927143328,-0.01081842612815338,-0.01048011010503098,0.0005803098488464009,299
0.3377105712890625,0.013555992635786725,0.0041141510009765625,0.0001322982955308637,0.8,0.1,20,20,700,31,1.0,1.0,0.8,"{'colsample_bytree': 0.8, 'learning_rate': 0.1, 'max_depth': 20, 'min_child_samples': 20, 'n_estimators': 700, 'num_leaves': 31, 'reg_alpha': 1.0, 'reg_lambda': 1.0, 'subsample': 0.8}",-0.010725255528685975,-0.009389769041124277,-0.011042388195042392,-0.010139147692675338,-0.010976947766259649,-0.010454701644757525,0.0006204791122792584,269
1.5459064960479736,0.11388254060414568,0.021580076217651366,0.0018671574021239452,0.8,0.1,20,20,700,50,0.0,0.0,0.8,"{'colsample_bytree': 0.8, 'learning_rate': 0.1, 'max_depth': 20, 'min_child_samples': 20, 'n_estimators': 700, 'num_leaves': 50, 'reg_alpha': 0.0, 'reg_lambda': 0.0, 'subsample': 0.8}",-0.010795130591955639,-0.009540768541284087,-0.010771513358868062,-0.010116960124801434,-0.010435090224395921,-0.010331892568261027,0.0004670286594362067,104
1.5979178905487061,0.08440096792839172,0.021951675415039062,0.0016778248607871517,0.8,0.1,20,20,700,50,0.0,0.5,0.8,"{'colsample_bytree': 0.8, 'learning_rate': 0.1, 'max_depth': 20, 'min_child_samples': 20, 'n_estimators': 700, 'num_leaves': 50, 'reg_alpha': 0.0, 'reg_lambda': 0.5, 'subsample': 0.8}",-0.010763349584868085,-0.00968316048268176,-0.010543378224273873,-0.009979545211675305,-0.010422588019335544,-0.010278404304566913,0.00039237839173740746,56
1.5918442249298095,0.041759933224058736,0.020823144912719728,0.00039645508825519074,0.8,0.1,20,20,700,50,0.0,1.0,0.8,"{'colsample_bytree': 0.8, 'learning_rate': 0.1, 'max_depth': 20, 'min_child_samples': 20, 'n_estimators': 700, 'num_leaves': 50, 'reg_alpha': 0.0, 'reg_lambda': 1.0, 'subsample': 0.8}",-0.01111160026740589,-0.009662561977195276,-0.010424909819658853,-0.010073207732287813,-0.010451351104419906,-0.010344726180193548,0.00047853201011998107,122
0.46871280670166016,0.012051613210809258,0.004837465286254883,0.0004115498447695955,0.8,0.1,20,20,700,50,0.5,0.0,0.8,"{'colsample_bytree': 0.8, 'learning_rate': 0.1, 'max_depth': 20, 'min_child_samples': 20, 'n_estimators': 700, 'num_leaves': 50, 'reg_alpha': 0.5, 'reg_lambda': 0.0, 'subsample': 0.8}",-0.010682438278787287,-0.009565390212840832,-0.01082489086089337,-0.010136982050434605,-0.010600764757670673,-0.010362093232125353,0.0004602558932332196,147
0.5743324756622314,0.08093763653842995,0.005114936828613281,0.0004662965579813893,0.8,0.1,20,20,700,50,0.5,0.5,0.8,"{'colsample_bytree': 0.8, 'learning_rate': 0.1, 'max_depth': 20, 'min_child_samples': 20, 'n_estimators': 700, 'num_leaves': 50, 'reg_alpha': 0.5, 'reg_lambda': 0.5, 'subsample': 0.8}",-0.010546491560302325,-0.009598979746989011,-0.011016226608512666,-0.0101565630605352,-0.010679759139155065,-0.010399604023098854,0.0004858712569108943,206
0.46971826553344725,0.017133124898221785,0.004674196243286133,9.103082370362826e-05,0.8,0.1,20,20,700,50,0.5,1.0,0.8,"{'colsample_bytree': 0.8, 'learning_rate': 0.1, 'max_depth': 20, 'min_child_samples': 20, 'n_estimators': 700, 'num_leaves': 50, 'reg_alpha': 0.5, 'reg_lambda': 1.0, 'subsample': 0.8}",-0.010611783916884414,-0.009410467552117779,-0.01076271722697817,-0.009892368597023091,-0.010595351935586151,-0.010254537845717922,0.0005187767357916239,33
0.3379209995269775,0.013059813029590054,0.00411520004272461,0.0002445704059812186,0.8,0.1,20,20,700,50,1.0,0.0,0.8,"{'colsample_bytree': 0.8, 'learning_rate': 0.1, 'max_depth': 20, 'min_child_samples': 20, 'n_estimators': 700, 'num_leaves': 50, 'reg_alpha': 1.0, 'reg_lambda': 0.0, 'subsample': 0.8}",-0.010695731313675351,-0.009263286086842857,-0.010932159545312682,-0.010036005311648694,-0.010506638033414785,-0.010286764058178874,0.0005903424807073477,57
0.324873685836792,0.012042914184809583,0.003922557830810547,8.92731109594667e-05,0.8,0.1,20,20,700,50,1.0,0.5,0.8,"{'colsample_bytree': 0.8, 'learning_rate': 0.1, 'max_depth': 20, 'min_child_samples': 20, 'n_estimators': 700, 'num_leaves': 50, 'reg_alpha': 1.0, 'reg_lambda': 0.5, 'subsample': 0.8}",-0.010767730581962856,-0.009657684953408817,-0.01093440878666775,-0.010037979311830172,-0.010853245613193297,-0.010450209849412579,0.0005090649428561866,261
0.3422050476074219,0.03034696631748945,0.004404735565185547,0.0005912265139831829,0.8,0.1,20,20,700,50,1.0,1.0,0.8,"{'colsample_bytree': 0.8, 'learning_rate': 0.1, 'max_depth': 20, 'min_child_samples': 20, 'n_estimators': 700, 'num_leaves': 50, 'reg_alpha': 1.0, 'reg_lambda': 1.0, 'subsample': 0.8}",-0.010833399760699221,-0.009483580724468546,-0.011026992907090473,-0.010417234562944638,-0.010764995894809814,-0.010505240770002538,0.0005475254663877788,315
2.042961931228638,0.1705373949039152,0.026570749282836915,0.0012851617161809964,0.8,0.1,20,20,700,100,0.0,0.0,0.8,"{'colsample_bytree': 0.8, 'learning_rate': 0.1, 'max_depth': 20, 'min_child_samples': 20, 'n_estimators': 700, 'num_leaves': 100, 'reg_alpha': 0.0, 'reg_lambda': 0.0, 'subsample': 0.8}",-0.011010253668834532,-0.009445106898767031,-0.010841953836575826,-0.010084591816361782,-0.01025970001473737,-0.010328321247055306,0.0005608976303791162,102
1.9934882640838623,0.09595156140094624,0.02604842185974121,0.0008648083999284077,0.8,0.1,20,20,700,100,0.0,0.5,0.8,"{'colsample_bytree': 0.8, 'learning_rate': 0.1, 'max_depth': 20, 'min_child_samples': 20, 'n_estimators': 700, 'num_leaves': 100, 'reg_alpha': 0.0, 'reg_lambda': 0.5, 'subsample': 0.8}",-0.01072011293310966,-0.009752775558064173,-0.010876749282508383,-0.010196245364504681,-0.010436591515774942,-0.01039649493079237,0.00039785804240137116,198
2.056439447402954,0.08720727361499549,0.026288461685180665,0.001188636713455155,0.8,0.1,20,20,700,100,0.0,1.0,0.8,"{'colsample_bytree': 0.8, 'learning_rate': 0.1, 'max_depth': 20, 'min_child_samples': 20, 'n_estimators': 700, 'num_leaves': 100, 'reg_alpha': 0.0, 'reg_lambda': 1.0, 'subsample': 0.8}",-0.010968388465220637,-0.010039345608523825,-0.010903540403244028,-0.010101105112955212,-0.010280186562578534,-0.010458513230504448,0.0003983125400370948,280
0.4780306339263916,0.02717316097396205,0.00487360954284668,0.0003184642772385203,0.8,0.1,20,20,700,100,0.5,0.0,0.8,"{'colsample_bytree': 0.8, 'learning_rate': 0.1, 'max_depth': 20, 'min_child_samples': 20, 'n_estimators': 700, 'num_leaves': 100, 'reg_alpha': 0.5, 'reg_lambda': 0.0, 'subsample': 0.8}",-0.010407813268694876,-0.009403873443419159,-0.010465820540042475,-0.010112611010812626,-0.010689549043569491,-0.010215933461307725,0.00044580043377999515,11
0.5205113887786865,0.07514915980750708,0.006251478195190429,0.0012111858550331008,0.8,0.1,20,20,700,100,0.5,0.5,0.8,"{'colsample_bytree': 0.8, 'learning_rate': 0.1, 'max_depth': 20, 'min_child_samples': 20, 'n_estimators': 700, 'num_leaves': 100, 'reg_alpha': 0.5, 'reg_lambda': 0.5, 'subsample': 0.8}",-0.010444175540255694,-0.009359715720117897,-0.010999321354134062,-0.010069198222608077,-0.010666291150990638,-0.010307740397621274,0.0005623362995066145,75
0.5372437000274658,0.026795416504428897,0.00507044792175293,0.00018572687949309997,0.8,0.1,20,20,700,100,0.5,1.0,0.8,"{'colsample_bytree': 0.8, 'learning_rate': 0.1, 'max_depth': 20, 'min_child_samples': 20, 'n_estimators': 700, 'num_leaves': 100, 'reg_alpha': 0.5, 'reg_lambda': 1.0, 'subsample': 0.8}",-0.010372599091350278,-0.009235395432406127,-0.011059178863015827,-0.010171512188128706,-0.010629476935677284,-0.010293632502115645,0.0006066081936889505,68
0.36528849601745605,0.007963910599039196,0.004132127761840821,6.006210256809375e-05,0.8,0.1,20,20,700,100,1.0,0.0,0.8,"{'colsample_bytree': 0.8, 'learning_rate': 0.1, 'max_depth': 20, 'min_child_samples': 20, 'n_estimators': 700, 'num_leaves': 100, 'reg_alpha': 1.0, 'reg_lambda': 0.0, 'subsample': 0.8}",-0.010770741580436808,-0.009412696093669543,-0.010720913286105,-0.00999809601732253,-0.01048921646376472,-0.01027833268825972,0.0005119912841225002,52
0.3601376056671143,0.029861705565478413,0.004190254211425781,0.00014173260831524764,0.8,0.1,20,20,700,100,1.0,0.5,0.8,"{'colsample_bytree': 0.8, 'learning_rate': 0.1, 'max_depth': 20, 'min_child_samples': 20, 'n_estimators': 700, 'num_leaves': 100, 'reg_alpha': 1.0, 'reg_lambda': 0.5, 'subsample': 0.8}",-0.010655056504086572,-0.009319414056985595,-0.010877864031161411,-0.010072165851938058,-0.010822079675534819,-0.010349316023941292,0.0005888728193395426,135
0.35763115882873536,0.023685829507842888,0.004265928268432617,0.0003074748860453551,0.8,0.1,20,20,700,100,1.0,1.0,0.8,"{'colsample_bytree': 0.8, 'learning_rate': 0.1, 'max_depth': 20, 'min_child_samples': 20, 'n_estimators': 700, 'num_leaves': 100, 'reg_alpha': 1.0, 'reg_lambda': 1.0, 'subsample': 0.8}",-0.010763948561053038,-0.009332219199009192,-0.010966791545223037,-0.010077788362247068,-0.010972683534904831,-0.010422686240487433,0.0006360944101170388,233
0.7391103744506836,0.03640419052830727,0.009916877746582032,0.0005237579779822881,0.8,0.1,20,30,500,31,0.0,0.0,0.8,"{'colsample_bytree': 0.8, 'learning_rate': 0.1, 'max_depth': 20, 'min_child_samples': 30, 'n_estimators': 500, 'num_leaves': 31, 'reg_alpha': 0.0, 'reg_lambda': 0.0, 'subsample': 0.8}",-0.01073523768063586,-0.01014994062432373,-0.011082512070090061,-0.009924586269840155,-0.010257950295940082,-0.010430045388165977,0.00042009985151107243,244
0.7860181331634521,0.09281449766556316,0.010055017471313477,0.0011478261143823393,0.8,0.1,20,30,500,31,0.0,0.5,0.8,"{'colsample_bytree': 0.8, 'learning_rate': 0.1, 'max_depth': 20, 'min_child_samples': 30, 'n_estimators': 500, 'num_leaves': 31, 'reg_alpha': 0.0, 'reg_lambda': 0.5, 'subsample': 0.8}",-0.011034732376095015,-0.010039529716228514,-0.010683850773117433,-0.010097021817013047,-0.010570630842556585,-0.010485153105002119,0.0003736443987229086,303
0.7295470714569092,0.016732200652447408,0.010524225234985352,0.0006546844708967699,0.8,0.1,20,30,500,31,0.0,1.0,0.8,"{'colsample_bytree': 0.8, 'learning_rate': 0.1, 'max_depth': 20, 'min_child_samples': 30, 'n_estimators': 500, 'num_leaves': 31, 'reg_alpha': 0.0, 'reg_lambda': 1.0, 'subsample': 0.8}",-0.011009637270040321,-0.009479232307247565,-0.01087647546860116,-0.010014575750716433,-0.010553494915543816,-0.010386683142429859,0.0005688102433630112,183
0.45827746391296387,0.026800310822952443,0.005380582809448242,0.0004968005091792996,0.8,0.1,20,30,500,31,0.5,0.0,0.8,"{'colsample_bytree': 0.8, 'learning_rate': 0.1, 'max_depth': 20, 'min_child_samples': 30, 'n_estimators': 500, 'num_leaves': 31, 'reg_alpha': 0.5, 'reg_lambda': 0.0, 'subsample': 0.8}",-0.010776220411972022,-0.00967514671296106,-0.010768724366414404,-0.010172135368491347,-0.010554359987477816,-0.01038931736946333,0.0004190681203704399,184
0.5087070465087891,0.03655497977598741,0.005554294586181641,0.00020145811829369971,0.8,0.1,20,30,500,31,0.5,0.5,0.8,"{'colsample_bytree': 0.8, 'learning_rate': 0.1, 'max_depth': 20, 'min_child_samples': 30, 'n_estimators': 500, 'num_leaves': 31, 'reg_alpha': 0.5, 'reg_lambda': 0.5, 'subsample': 0.8}",-0.01084370198887025,-0.00940924399087639,-0.010752293720800173,-0.01009111652730574,-0.01047358686431623,-0.010313988618433755,0.0005227645794745621,89
0.4538947582244873,0.01928150868870562,0.005141496658325195,9.329608717274803e-05,0.8,0.1,20,30,500,31,0.5,1.0,0.8,"{'colsample_bytree': 0.8, 'learning_rate': 0.1, 'max_depth': 20, 'min_child_samples': 30, 'n_estimators': 500, 'num_leaves': 31, 'reg_alpha': 0.5, 'reg_lambda': 1.0, 'subsample': 0.8}",-0.010841019640155887,-0.009549095034709664,-0.010795760192872764,-0.009899551616362745,-0.010481266065034111,-0.010313338509827035,0.0005088546750965225,81
0.30137133598327637,0.013693646146163951,0.004073476791381836,0.00022188589246047456,0.8,0.1,20,30,500,31,1.0,0.0,0.8,"{'colsample_bytree': 0.8, 'learning_rate': 0.1, 'max_depth': 20, 'min_child_samples': 30, 'n_estimators': 500, 'num_leaves': 31, 'reg_alpha': 1.0, 'reg_lambda': 0.0, 'subsample': 0.8}",-0.010815124868364777,-0.00942658691499699,-0.011162403756728006,-0.010137589650088095,-0.0107053813548082,-0.010449417308997214,0.0006084451972241504,257
0.3530736446380615,0.04433344447579478,0.004785966873168945,0.0006471816780447786,0.8,0.1,20,30,500,31,1.0,0.5,0.8,"{'colsample_bytree': 0.8, 'learning_rate': 0.1, 'max_depth': 20, 'min_child_samples': 30, 'n_estimators': 500, 'num_leaves': 31, 'reg_alpha': 1.0, 'reg_lambda': 0.5, 'subsample': 0.8}",-0.010936559165807968,-0.009420813297708596,-0.011008439729851622,-0.00994255490841718,-0.010703815613664201,-0.010402436543089914,0.000619424167501882,210
0.2985346794128418,0.013670845515849609,0.003970623016357422,5.807751308148594e-05,0.8,0.1,20,30,500,31,1.0,1.0,0.8,"{'colsample_bytree': 0.8, 'learning_rate': 0.1, 'max_depth': 20, 'min_child_samples': 30, 'n_estimators': 500, 'num_leaves': 31, 'reg_alpha': 1.0, 'reg_lambda': 1.0, 'subsample': 0.8}",-0.010622252318951954,-0.009542632632128463,-0.010988800375136946,-0.009990907708656077,-0.010698753164709255,-0.010368669239916539,0.0005259016356992392,151
1.0314700126647949,0.024164505642136812,0.014381027221679688,0.0007092374585736031,0.8,0.1,20,30,500,50,0.0,0.0,0.8,"{'colsample_bytree': 0.8, 'learning_rate': 0.1, 'max_depth': 20, 'min_child_samples': 30, 'n_estimators': 500, 'num_leaves': 50, 'reg_alpha': 0.0, 'reg_lambda': 0.0, 'subsample': 0.8}",-0.010837636557409453,-0.009940455703474366,-0.010734845245692941,-0.009973405308953747,-0.010360184559521554,-0.010369305475010412,0.00037247431745591846,155
1.155425500869751,0.09037598258079192,0.015035724639892578,0.0015681022752805874,0.8,0.1,20,30,500,50,0.0,0.5,0.8,"{'colsample_bytree': 0.8, 'learning_rate': 0.1, 'max_depth': 20, 'min_child_samples': 30, 'n_estimators': 500, 'num_leaves': 50, 'reg_alpha': 0.0, 'reg_lambda': 0.5, 'subsample': 0.8}",-0.0105214999424733,-0.009926181012944239,-0.010829745657528563,-0.010087703127423554,-0.010496072363046983,-0.010372240420683328,0.0003246087685271261,157
1.119365119934082,0.09985721146328784,0.014229583740234374,0.0004900830940152786,0.8,0.1,20,30,500,50,0.0,1.0,0.8,"{'colsample_bytree': 0.8, 'learning_rate': 0.1, 'max_depth': 20, 'min_child_samples': 30, 'n_estimators': 500, 'num_leaves': 50, 'reg_alpha': 0.0, 'reg_lambda': 1.0, 'subsample': 0.8}",-0.010831450177522788,-0.00938902642193976,-0.010713951490669628,-0.010401939336711692,-0.010619857896535922,-0.010391245064675958,0.0005205267295629481,188
0.44826292991638184,0.022798391458835634,0.004934930801391601,0.0001607844837264686,0.8,0.1,20,30,500,50,0.5,0.0,0.8,"{'colsample_bytree': 0.8, 'learning_rate': 0.1, 'max_depth': 20, 'min_child_samples': 30, 'n_estimators': 500, 'num_leaves': 50, 'reg_alpha': 0.5, 'reg_lambda': 0.0, 'subsample': 0.8}",-0.010765889103356394,-0.009548218605489815,-0.010928257276008763,-0.010058569359656452,-0.010383617327251283,-0.010336910334352542,0.0004970722028476577,107
0.4364768505096436,0.01970821630740623,0.005389165878295898,0.0006299890787042953,0.8,0.1,20,30,500,50,0.5,0.5,0.8,"{'colsample_bytree': 0.8, 'learning_rate': 0.1, 'max_depth': 20, 'min_child_samples': 30, 'n_estimators': 500, 'num_leaves': 50, 'reg_alpha': 0.5, 'reg_lambda': 0.5, 'subsample': 0.8}",-0.010749799399604002,-0.0094925016089715,-0.010723320298554842,-0.01012939591913831,-0.010593949887236333,-0.010337793422700997,0.0004779003664325715,111
0.44202170372009275,0.008761590878301766,0.005089664459228515,0.00013902797180222098,0.8,0.1,20,30,500,50,0.5,1.0,0.8,"{'colsample_bytree': 0.8, 'learning_rate': 0.1, 'max_depth': 20, 'min_child_samples': 30, 'n_estimators': 500, 'num_leaves': 50, 'reg_alpha': 0.5, 'reg_lambda': 1.0, 'subsample': 0.8}",-0.010902013253549364,-0.009451654395748002,-0.010882682689505044,-0.01008732283031755,-0.010411705580474407,-0.010347075749918873,0.00054189637799357,124
0.2999504566192627,0.014439175963125942,0.004359769821166992,0.00029877599631312465,0.8,0.1,20,30,500,50,1.0,0.0,0.8,"{'colsample_bytree': 0.8, 'learning_rate': 0.1, 'max_depth': 20, 'min_child_samples': 30, 'n_estimators': 500, 'num_leaves': 50, 'reg_alpha': 1.0, 'reg_lambda': 0.0, 'subsample': 0.8}",-0.01092624269777599,-0.009448644324380374,-0.010995568230101631,-0.010332448650712223,-0.010608513912974297,-0.010462283563188905,0.0005595275758494015,282
0.30281891822814944,0.021357888357876904,0.004330682754516602,0.00026170469703538864,0.8,0.1,20,30,500,50,1.0,0.5,0.8,"{'colsample_bytree': 0.8, 'learning_rate': 0.1, 'max_depth': 20, 'min_child_samples': 30, 'n_estimators': 500, 'num_leaves': 50, 'reg_alpha': 1.0, 'reg_lambda': 0.5, 'subsample': 0.8}",-0.010858445736895296,-0.00956482692570089,-0.011150493793073197,-0.010083681448957833,-0.010664027332272496,-0.010464295047379942,0.0005692145612131676,287
0.35941028594970703,0.04580561281646503,0.005776214599609375,0.0023069099502997766,0.8,0.1,20,30,500,50,1.0,1.0,0.8,"{'colsample_bytree': 0.8, 'learning_rate': 0.1, 'max_depth': 20, 'min_child_samples': 30, 'n_estimators': 500, 'num_leaves': 50, 'reg_alpha': 1.0, 'reg_lambda': 1.0, 'subsample': 0.8}",-0.010937228024068282,-0.00972230031604443,-0.011082382974034627,-0.01015780324409641,-0.01064945883411846,-0.010509834678472442,0.0005047985796819113,319
1.1208566665649413,0.0401651736559671,0.015757274627685548,0.0012542035801506746,0.8,0.1,20,30,500,100,0.0,0.0,0.8,"{'colsample_bytree': 0.8, 'learning_rate': 0.1, 'max_depth': 20, 'min_child_samples': 30, 'n_estimators': 500, 'num_leaves': 100, 'reg_alpha': 0.0, 'reg_lambda': 0.0, 'subsample': 0.8}",-0.01070432162300711,-0.009811570891940855,-0.010892899521054236,-0.010191148142578644,-0.010432989217848262,-0.010406585879285822,0.00038113014079424663,220
1.1374009609222413,0.04798528326713104,0.015415668487548828,0.0008244551007138535,0.8,0.1,20,30,500,100,0.0,0.5,0.8,"{'colsample_bytree': 0.8, 'learning_rate': 0.1, 'max_depth': 20, 'min_child_samples': 30, 'n_estimators': 500, 'num_leaves': 100, 'reg_alpha': 0.0, 'reg_lambda': 0.5, 'subsample': 0.8}",-0.011028308597926473,-0.009723190505621754,-0.010674212054816262,-0.010467522718614383,-0.01058567459661542,-0.010495781694718858,0.0004292315796995175,309
1.255237054824829,0.14626420531483803,0.01667675971984863,0.0021975400872475386,0.8,0.1,20,30,500,100,0.0,1.0,0.8,"{'colsample_bytree': 0.8, 'learning_rate': 0.1, 'max_depth': 20, 'min_child_samples': 30, 'n_estimators': 500, 'num_leaves': 100, 'reg_alpha': 0.0, 'reg_lambda': 1.0, 'subsample': 0.8}",-0.010858476882377717,-0.009803230170691754,-0.010719895182412446,-0.010465145199284442,-0.01046123017115503,-0.010461595521184279,0.00036268200900451244,281
0.4473683834075928,0.022104291842738707,0.005442285537719726,0.0007260225956297902,0.8,0.1,20,30,500,100,0.5,0.0,0.8,"{'colsample_bytree': 0.8, 'learning_rate': 0.1, 'max_depth': 20, 'min_child_samples': 30, 'n_estimators': 500, 'num_leaves': 100, 'reg_alpha': 0.5, 'reg_lambda': 0.0, 'subsample': 0.8}",-0.010819192333908057,-0.009403098744557248,-0.01115075091271749,-0.010066969068921284,-0.010525510134664863,-0.010393104238953788,0.0006098501285092066,191
0.4345860004425049,0.01810880859303185,0.004893159866333008,0.00012076936330973933,0.8,0.1,20,30,500,100,0.5,0.5,0.8,"{'colsample_bytree': 0.8, 'learning_rate': 0.1, 'max_depth': 20, 'min_child_samples': 30, 'n_estimators': 500, 'num_leaves': 100, 'reg_alpha': 0.5, 'reg_lambda': 0.5, 'subsample': 0.8}",-0.010566927912205783,-0.009506172204727709,-0.010865593860457101,-0.01016296500525021,-0.01053841560085591,-0.010328014916699341,0.0004675480519855422,98
0.44429497718811034,0.02630809924990705,0.005002641677856445,0.00015071755268573277,0.8,0.1,20,30,500,100,0.5,1.0,0.8,"{'colsample_bytree': 0.8, 'learning_rate': 0.1, 'max_depth': 20, 'min_child_samples': 30, 'n_estimators': 500, 'num_leaves': 100, 'reg_alpha': 0.5, 'reg_lambda': 1.0, 'subsample': 0.8}",-0.010940991813680462,-0.00941021327794285,-0.011090676257063585,-0.010264331831488145,-0.010362093013337044,-0.010413661238702417,0.000594692060493846,229
0.3168067455291748,0.02858915626387326,0.004048967361450195,9.623084229619296e-05,0.8,0.1,20,30,500,100,1.0,0.0,0.8,"{'colsample_bytree': 0.8, 'learning_rate': 0.1, 'max_depth': 20, 'min_child_samples': 30, 'n_estimators': 500, 'num_leaves': 100, 'reg_alpha': 1.0, 'reg_lambda': 0.0, 'subsample': 0.8}",-0.01092624269777599,-0.009448644324380374,-0.010995568230101631,-0.010248300527991867,-0.010608513912974297,-0.010445453938644832,0.0005644237759383237,247
0.30343923568725584,0.024604142419928983,0.004231882095336914,0.00021435548185215958,0.8,0.1,20,30,500,100,1.0,0.5,0.8,"{'colsample_bytree': 0.8, 'learning_rate': 0.1, 'max_depth': 20, 'min_child_samples': 30, 'n_estimators': 500, 'num_leaves': 100, 'reg_alpha': 1.0, 'reg_lambda': 0.5, 'subsample': 0.8}",-0.010883505957248431,-0.009496745024260542,-0.011150493793073197,-0.010080061357171346,-0.010664027332272496,-0.010454966692805202,0.0005949542799419915,273
0.3118626117706299,0.015470209564361001,0.004273653030395508,0.00021494478871047368,0.8,0.1,20,30,500,100,1.0,1.0,0.8,"{'colsample_bytree': 0.8, 'learning_rate': 0.1, 'max_depth': 20, 'min_child_samples': 30, 'n_estimators': 500, 'num_leaves': 100, 'reg_alpha': 1.0, 'reg_lambda': 1.0, 'subsample': 0.8}",-0.01096748529760334,-0.0097379399795559,-0.011082382974034627,-0.01010914355056844,-0.0106125031655243,-0.01050189099345732,0.0005106575670082485,311
1.1880882263183594,0.11207338546562293,0.017022037506103517,0.0006493718668946993,0.8,0.1,20,30,700,31,0.0,0.0,0.8,"{'colsample_bytree': 0.8, 'learning_rate': 0.1, 'max_depth': 20, 'min_child_samples': 30, 'n_estimators': 700, 'num_leaves': 31, 'reg_alpha': 0.0, 'reg_lambda': 0.0, 'subsample': 0.8}",-0.010728747603587366,-0.010156547293298521,-0.011090383999364765,-0.009934035524853885,-0.010267080049292478,-0.010435358894079403,0.0004177352324823207,246
1.0673038005828857,0.07690755129581756,0.01601753234863281,0.001065166071879984,0.8,0.1,20,30,700,31,0.0,0.5,0.8,"{'colsample_bytree': 0.8, 'learning_rate': 0.1, 'max_depth': 20, 'min_child_samples': 30, 'n_estimators': 700, 'num_leaves': 31, 'reg_alpha': 0.0, 'reg_lambda': 0.5, 'subsample': 0.8}",-0.01103742301099011,-0.010053388874786172,-0.010686064385797082,-0.010119671379508793,-0.010578596675971549,-0.010495028865410741,0.0003670445972116959,308
1.0762635231018067,0.08495577367652317,0.016186618804931642,0.0008234007369027422,0.8,0.1,20,30,700,31,0.0,1.0,0.8,"{'colsample_bytree': 0.8, 'learning_rate': 0.1, 'max_depth': 20, 'min_child_samples': 30, 'n_estimators': 700, 'num_leaves': 31, 'reg_alpha': 0.0, 'reg_lambda': 1.0, 'subsample': 0.8}",-0.011012996817014883,-0.00948797174717164,-0.010878282953009766,-0.01000617634018727,-0.01057547891619753,-0.010392181354716219,0.0005695435863487634,190
0.47060298919677734,0.0096226686169596,0.005096912384033203,9.124363437079687e-05,0.8,0.1,20,30,700,31,0.5,0.0,0.8,"{'colsample_bytree': 0.8, 'learning_rate': 0.1, 'max_depth': 20, 'min_child_samples': 30, 'n_estimators': 700, 'num_leaves': 31, 'reg_alpha': 0.5, 'reg_lambda': 0.0, 'subsample': 0.8}",-0.010776220411972022,-0.00967514671296106,-0.010768724366414404,-0.010172135368491347,-0.010554359987477816,-0.01038931736946333,0.0004190681203704399,184
0.4749919891357422,0.01797185363144035,0.005154085159301758,0.00021412916131973938,0.8,0.1,20,30,700,31,0.5,0.5,0.8,"{'colsample_bytree': 0.8, 'learning_rate': 0.1, 'max_depth': 20, 'min_child_samples': 30, 'n_estimators': 700, 'num_leaves': 31, 'reg_alpha': 0.5, 'reg_lambda': 0.5, 'subsample': 0.8}",-0.01084370198887025,-0.00940924399087639,-0.010752293720800173,-0.01009111652730574,-0.01047358686431623,-0.010313988618433755,0.0005227645794745621,89
0.47122888565063475,0.01930291474941019,0.005098581314086914,9.643375777594933e-05,0.8,0.1,20,30,700,31,0.5,1.0,0.8,"{'colsample_bytree': 0.8, 'learning_rate': 0.1, 'max_depth': 20, 'min_child_samples': 30, 'n_estimators': 700, 'num_leaves': 31, 'reg_alpha': 0.5, 'reg_lambda': 1.0, 'subsample': 0.8}",-0.010841019640155887,-0.009549095034709664,-0.010795760192872764,-0.009899551616362745,-0.010481266065034111,-0.010313338509827035,0.0005088546750965225,81
0.3394471645355225,0.027626022914843985,0.004118776321411133,0.0001522449723039769,0.8,0.1,20,30,700,31,1.0,0.0,0.8,"{'colsample_bytree': 0.8, 'learning_rate': 0.1, 'max_depth': 20, 'min_child_samples': 30, 'n_estimators': 700, 'num_leaves': 31, 'reg_alpha': 1.0, 'reg_lambda': 0.0, 'subsample': 0.8}",-0.010815124868364777,-0.00942658691499699,-0.011162403756728006,-0.010137589650088095,-0.0107053813548082,-0.010449417308997214,0.0006084451972241504,257
0.3285285472869873,0.020630054788817867,0.004239225387573242,0.00019929127081373397,0.8,0.1,20,30,700,31,1.0,0.5,0.8,"{'colsample_bytree': 0.8, 'learning_rate': 0.1, 'max_depth': 20, 'min_child_samples': 30, 'n_estimators': 700, 'num_leaves': 31, 'reg_alpha': 1.0, 'reg_lambda': 0.5, 'subsample': 0.8}",-0.010936559165807968,-0.009420813297708596,-0.011008439729851622,-0.00994255490841718,-0.010703815613664201,-0.010402436543089914,0.000619424167501882,210
0.3241790771484375,0.019778742806426157,0.004123067855834961,0.0002541865709319582,0.8,0.1,20,30,700,31,1.0,1.0,0.8,"{'colsample_bytree': 0.8, 'learning_rate': 0.1, 'max_depth': 20, 'min_child_samples': 30, 'n_estimators': 700, 'num_leaves': 31, 'reg_alpha': 1.0, 'reg_lambda': 1.0, 'subsample': 0.8}",-0.010622252318951954,-0.009542632632128463,-0.010988800375136946,-0.009990907708656077,-0.010698753164709255,-0.010368669239916539,0.0005259016356992392,151
1.5411344528198243,0.1443645663437461,0.02556900978088379,0.0038577208586312224,0.8,0.1,20,30,700,50,0.0,0.0,0.8,"{'colsample_bytree': 0.8, 'learning_rate': 0.1, 'max_depth': 20, 'min_child_samples': 30, 'n_estimators': 700, 'num_leaves': 50, 'reg_alpha': 0.0, 'reg_lambda': 0.0, 'subsample': 0.8}",-0.010839933805300298,-0.009940298892221706,-0.010737809023402104,-0.009972906267541362,-0.01035977075842284,-0.01037014374937766,0.0003737786156290054,156
1.6008042812347412,0.1287546069098487,0.024327611923217772,0.00209821592043069,0.8,0.1,20,30,700,50,0.0,0.5,0.8,"{'colsample_bytree': 0.8, 'learning_rate': 0.1, 'max_depth': 20, 'min_child_samples': 30, 'n_estimators': 700, 'num_leaves': 50, 'reg_alpha': 0.0, 'reg_lambda': 0.5, 'subsample': 0.8}",-0.01052248167767202,-0.009928152688746479,-0.010830217612163861,-0.010089751110255174,-0.010498039879209489,-0.010373728593609405,0.0003240815014323134,158
1.6401824951171875,0.12963901685922335,0.02271404266357422,0.0010251774408410886,0.8,0.1,20,30,700,50,0.0,1.0,0.8,"{'colsample_bytree': 0.8, 'learning_rate': 0.1, 'max_depth': 20, 'min_child_samples': 30, 'n_estimators': 700, 'num_leaves': 50, 'reg_alpha': 0.0, 'reg_lambda': 1.0, 'subsample': 0.8}",-0.010831749910114435,-0.009387329628263722,-0.010713875319171543,-0.01040356956718995,-0.010621945992916425,-0.010391694083531213,0.0005214124676301864,189
0.48507866859436033,0.05167370082669222,0.005084180831909179,0.00031804293519408324,0.8,0.1,20,30,700,50,0.5,0.0,0.8,"{'colsample_bytree': 0.8, 'learning_rate': 0.1, 'max_depth': 20, 'min_child_samples': 30, 'n_estimators': 700, 'num_leaves': 50, 'reg_alpha': 0.5, 'reg_lambda': 0.0, 'subsample': 0.8}",-0.010765889103356394,-0.009548218605489815,-0.010928257276008763,-0.010058569359656452,-0.010383617327251283,-0.010336910334352542,0.0004970722028476577,107
0.44801578521728513,0.010285113495076612,0.00493769645690918,0.00016079776206406567,0.8,0.1,20,30,700,50,0.5,0.5,0.8,"{'colsample_bytree': 0.8, 'learning_rate': 0.1, 'max_depth': 20, 'min_child_samples': 30, 'n_estimators': 700, 'num_leaves': 50, 'reg_alpha': 0.5, 'reg_lambda': 0.5, 'subsample': 0.8}",-0.010749799399604002,-0.0094925016089715,-0.010723320298554842,-0.01012939591913831,-0.010593949887236333,-0.010337793422700997,0.0004779003664325715,111
0.4775273323059082,0.04199749033829489,0.005271816253662109,0.0005144577426754529,0.8,0.1,20,30,700,50,0.5,1.0,0.8,"{'colsample_bytree': 0.8, 'learning_rate': 0.1, 'max_depth': 20, 'min_child_samples': 30, 'n_estimators': 700, 'num_leaves': 50, 'reg_alpha': 0.5, 'reg_lambda': 1.0, 'subsample': 0.8}",-0.010902013253549364,-0.009451654395748002,-0.010882682689505044,-0.01008732283031755,-0.010411705580474407,-0.010347075749918873,0.00054189637799357,124
0.3359642505645752,0.03506973740124077,0.004261636734008789,0.00033271073439942864,0.8,0.1,20,30,700,50,1.0,0.0,0.8,"{'colsample_bytree': 0.8, 'learning_rate': 0.1, 'max_depth': 20, 'min_child_samples': 30, 'n_estimators': 700, 'num_leaves': 50, 'reg_alpha': 1.0, 'reg_lambda': 0.0, 'subsample': 0.8}",-0.01092624269777599,-0.009448644324380374,-0.010995568230101631,-0.010332448650712223,-0.010608513912974297,-0.010462283563188905,0.0005595275758494015,282
0.32837462425231934,0.03276283453396421,0.004220819473266602,9.46060543931139e-05,0.8,0.1,20,30,700,50,1.0,0.5,0.8,"{'colsample_bytree': 0.8, 'learning_rate': 0.1, 'max_depth': 20, 'min_child_samples': 30, 'n_estimators': 700, 'num_leaves': 50, 'reg_alpha': 1.0, 'reg_lambda': 0.5, 'subsample': 0.8}",-0.010858445736895296,-0.00956482692570089,-0.011150493793073197,-0.010083681448957833,-0.010664027332272496,-0.010464295047379942,0.0005692145612131676,287
0.33300075531005857,0.013428982572527233,0.004312658309936523,0.00024268554907939564,0.8,0.1,20,30,700,50,1.0,1.0,0.8,"{'colsample_bytree': 0.8, 'learning_rate': 0.1, 'max_depth': 20, 'min_child_samples': 30, 'n_estimators': 700, 'num_leaves': 50, 'reg_alpha': 1.0, 'reg_lambda': 1.0, 'subsample': 0.8}",-0.010937228024068282,-0.00972230031604443,-0.011082382974034627,-0.01015780324409641,-0.01064945883411846,-0.010509834678472442,0.0005047985796819113,319
1.5335378646850586,0.10048345283450132,0.0227907657623291,0.0005582852659915137,0.8,0.1,20,30,700,100,0.0,0.0,0.8,"{'colsample_bytree': 0.8, 'learning_rate': 0.1, 'max_depth': 20, 'min_child_samples': 30, 'n_estimators': 700, 'num_leaves': 100, 'reg_alpha': 0.0, 'reg_lambda': 0.0, 'subsample': 0.8}",-0.010705236574959738,-0.009806133867784098,-0.010892899666772723,-0.01019228525413937,-0.010434243969306735,-0.010406159866592534,0.0003828641473135154,219
1.6299546718597413,0.13202988948130814,0.024152708053588868,0.001208922449511266,0.8,0.1,20,30,700,100,0.0,0.5,0.8,"{'colsample_bytree': 0.8, 'learning_rate': 0.1, 'max_depth': 20, 'min_child_samples': 30, 'n_estimators': 700, 'num_leaves': 100, 'reg_alpha': 0.0, 'reg_lambda': 0.5, 'subsample': 0.8}",-0.011029178338536843,-0.00972359027095588,-0.010675136711393338,-0.010468221423812324,-0.010587171989695108,-0.0104966597468787,0.0004294339754248607,310
1.685431671142578,0.1422723707548161,0.024125432968139647,0.001181735665494486,0.8,0.1,20,30,700,100,0.0,1.0,0.8,"{'colsample_bytree': 0.8, 'learning_rate': 0.1, 'max_depth': 20, 'min_child_samples': 30, 'n_estimators': 700, 'num_leaves': 100, 'reg_alpha': 0.0, 'reg_lambda': 1.0, 'subsample': 0.8}",-0.010859405673222652,-0.00980496915281218,-0.010721426468571094,-0.010465870251321214,-0.01046343154145978,-0.010463020617477385,0.00036247336887479826,286
0.5066740036010742,0.0459977740125862,0.006237554550170899,0.0015717551832710374,0.8,0.1,20,30,700,100,0.5,0.0,0.8,"{'colsample_bytree': 0.8, 'learning_rate': 0.1, 'max_depth': 20, 'min_child_samples': 30, 'n_estimators': 700, 'num_leaves': 100, 'reg_alpha': 0.5, 'reg_lambda': 0.0, 'subsample': 0.8}",-0.010819192333908057,-0.009403098744557248,-0.01115075091271749,-0.010066969068921284,-0.010525510134664863,-0.010393104238953788,0.0006098501285092066,191
0.4559640407562256,0.01953085280516038,0.005018091201782227,0.0002174980514950951,0.8,0.1,20,30,700,100,0.5,0.5,0.8,"{'colsample_bytree': 0.8, 'learning_rate': 0.1, 'max_depth': 20, 'min_child_samples': 30, 'n_estimators': 700, 'num_leaves': 100, 'reg_alpha': 0.5, 'reg_lambda': 0.5, 'subsample': 0.8}",-0.010566927912205783,-0.009506172204727709,-0.010865593860457101,-0.01016296500525021,-0.01053841560085591,-0.010328014916699341,0.0004675480519855422,98
0.46651716232299806,0.027163308607417447,0.005000400543212891,0.00023415770203731782,0.8,0.1,20,30,700,100,0.5,1.0,0.8,"{'colsample_bytree': 0.8, 'learning_rate': 0.1, 'max_depth': 20, 'min_child_samples': 30, 'n_estimators': 700, 'num_leaves': 100, 'reg_alpha': 0.5, 'reg_lambda': 1.0, 'subsample': 0.8}",-0.010940991813680462,-0.00941021327794285,-0.011090676257063585,-0.010264331831488145,-0.010362093013337044,-0.010413661238702417,0.000594692060493846,229
0.31737289428710935,0.010375807924469219,0.004109907150268555,0.00017335292742019106,0.8,0.1,20,30,700,100,1.0,0.0,0.8,"{'colsample_bytree': 0.8, 'learning_rate': 0.1, 'max_depth': 20, 'min_child_samples': 30, 'n_estimators': 700, 'num_leaves': 100, 'reg_alpha': 1.0, 'reg_lambda': 0.0, 'subsample': 0.8}",-0.01092624269777599,-0.009448644324380374,-0.010995568230101631,-0.010248300527991867,-0.010608513912974297,-0.010445453938644832,0.0005644237759383237,247
0.3298475742340088,0.03141952816632148,0.004303169250488281,0.0004595842121195638,0.8,0.1,20,30,700,100,1.0,0.5,0.8,"{'colsample_bytree': 0.8, 'learning_rate': 0.1, 'max_depth': 20, 'min_child_samples': 30, 'n_estimators': 700, 'num_leaves': 100, 'reg_alpha': 1.0, 'reg_lambda': 0.5, 'subsample': 0.8}",-0.010883505957248431,-0.009496745024260542,-0.011150493793073197,-0.010080061357171346,-0.010664027332272496,-0.010454966692805202,0.0005949542799419915,273
0.3280041694641113,0.022189741346098416,0.004037904739379883,4.573696149059639e-05,0.8,0.1,20,30,700,100,1.0,1.0,0.8,"{'colsample_bytree': 0.8, 'learning_rate': 0.1, 'max_depth': 20, 'min_child_samples': 30, 'n_estimators': 700, 'num_leaves': 100, 'reg_alpha': 1.0, 'reg_lambda': 1.0, 'subsample': 0.8}",-0.01096748529760334,-0.0097379399795559,-0.011082382974034627,-0.01010914355056844,-0.0106125031655243,-0.01050189099345732,0.0005106575670082485,311
