mean_fit_time,std_fit_time,mean_score_time,std_score_time,param_colsample_bytree,param_learning_rate,param_max_depth,param_min_child_samples,param_n_estimators,param_num_leaves,param_reg_alpha,param_reg_lambda,param_subsample,params,split0_test_score,split1_test_score,split2_test_score,split3_test_score,split4_test_score,mean_test_score,std_test_score,rank_test_score
0.8109034061431885,0.02722631839068389,0.007895946502685547,0.0008381041737901148,0.8,0.1,-1,10,500,31,0.0,0.0,0.8,"{'colsample_bytree': 0.8, 'learning_rate': 0.1, 'max_depth': -1, 'min_child_samples': 10, 'n_estimators': 500, 'num_leaves': 31, 'reg_alpha': 0.0, 'reg_lambda': 0.0, 'subsample': 0.8}",-0.009854920280420785,-0.009777255995794784,-0.010206866249792794,-0.008912768633356617,-0.009827939646768034,-0.009715950161226604,0.0004293511190104143,85
0.8661725521087646,0.01146964940363609,0.007827377319335938,0.00024761890551019717,0.8,0.1,-1,10,500,31,0.0,0.5,0.8,"{'colsample_bytree': 0.8, 'learning_rate': 0.1, 'max_depth': -1, 'min_child_samples': 10, 'n_estimators': 500, 'num_leaves': 31, 'reg_alpha': 0.0, 'reg_lambda': 0.5, 'subsample': 0.8}",-0.010004534380611028,-0.00940545310914061,-0.009632272790877623,-0.009129003468903548,-0.009958548909061877,-0.009625962531718938,0.00033153065562584194,39
0.8649718761444092,0.013877827321425376,0.008197975158691407,0.0006552792691245408,0.8,0.1,-1,10,500,31,0.0,1.0,0.8,"{'colsample_bytree': 0.8, 'learning_rate': 0.1, 'max_depth': -1, 'min_child_samples': 10, 'n_estimators': 500, 'num_leaves': 31, 'reg_alpha': 0.0, 'reg_lambda': 1.0, 'subsample': 0.8}",-0.010136231155358864,-0.009695319901871311,-0.009690197279653713,-0.009177571157578288,-0.009832512092014115,-0.009706366317295257,0.00031006590186440644,75
0.4802216053009033,0.008182975035332949,0.0047016143798828125,0.0001177018219195579,0.8,0.1,-1,10,500,31,0.5,0.0,0.8,"{'colsample_bytree': 0.8, 'learning_rate': 0.1, 'max_depth': -1, 'min_child_samples': 10, 'n_estimators': 500, 'num_leaves': 31, 'reg_alpha': 0.5, 'reg_lambda': 0.0, 'subsample': 0.8}",-0.010310773811550827,-0.009560271638231654,-0.010022418461827678,-0.009792965561248448,-0.009490898503088957,-0.009835465595189514,0.00030236855745085345,165
0.47846283912658694,0.014571947118298947,0.004611825942993164,0.00010790579409974068,0.8,0.1,-1,10,500,31,0.5,0.5,0.8,"{'colsample_bytree': 0.8, 'learning_rate': 0.1, 'max_depth': -1, 'min_child_samples': 10, 'n_estimators': 500, 'num_leaves': 31, 'reg_alpha': 0.5, 'reg_lambda': 0.5, 'subsample': 0.8}",-0.010455517613080067,-0.009693156416427436,-0.009735396477102512,-0.009335655665233486,-0.009621687400523422,-0.009768282714473385,0.0003708567434833964,115
0.46842031478881835,0.006618339110631766,0.004611587524414063,0.00011985248615259194,0.8,0.1,-1,10,500,31,0.5,1.0,0.8,"{'colsample_bytree': 0.8, 'learning_rate': 0.1, 'max_depth': -1, 'min_child_samples': 10, 'n_estimators': 500, 'num_leaves': 31, 'reg_alpha': 0.5, 'reg_lambda': 1.0, 'subsample': 0.8}",-0.010624284173706543,-0.009544968864703067,-0.009795872837625405,-0.009862166812202899,-0.009415658349035301,-0.009848590207454645,0.00042054262289725226,177
0.2851531982421875,0.01752162022816497,0.0038799762725830076,0.0004533460513979372,0.8,0.1,-1,10,500,31,1.0,0.0,0.8,"{'colsample_bytree': 0.8, 'learning_rate': 0.1, 'max_depth': -1, 'min_child_samples': 10, 'n_estimators': 500, 'num_leaves': 31, 'reg_alpha': 1.0, 'reg_lambda': 0.0, 'subsample': 0.8}",-0.010481296972517935,-0.009603392274261503,-0.010032719449357963,-0.010035137323439624,-0.009710244188068914,-0.009972558041529187,0.0003070644176258317,257
0.2876028060913086,0.01337075294261927,0.003932809829711914,0.0002402697982030481,0.8,0.1,-1,10,500,31,1.0,0.5,0.8,"{'colsample_bytree': 0.8, 'learning_rate': 0.1, 'max_depth': -1, 'min_child_samples': 10, 'n_estimators': 500, 'num_leaves': 31, 'reg_alpha': 1.0, 'reg_lambda': 0.5, 'subsample': 0.8}",-0.01069385204888058,-0.009606026644166649,-0.010178494664379112,-0.009791174826127305,-0.009568514451509101,-0.009967612527012549,0.0004226225279894749,249
0.31186938285827637,0.02856930872810614,0.0037146568298339843,0.0001312111344807818,0.8,0.1,-1,10,500,31,1.0,1.0,0.8,"{'colsample_bytree': 0.8, 'learning_rate': 0.1, 'max_depth': -1, 'min_child_samples': 10, 'n_estimators': 500, 'num_leaves': 31, 'reg_alpha': 1.0, 'reg_lambda': 1.0, 'subsample': 0.8}",-0.010506617442001825,-0.00959487873662227,-0.010232613714662536,-0.009828827792583705,-0.00980788573787342,-0.00999416468474875,0.0003289167586530504,265
1.253378677368164,0.09135610524067697,0.012657546997070312,0.0015137026909486056,0.8,0.1,-1,10,500,50,0.0,0.0,0.8,"{'colsample_bytree': 0.8, 'learning_rate': 0.1, 'max_depth': -1, 'min_child_samples': 10, 'n_estimators': 500, 'num_leaves': 50, 'reg_alpha': 0.0, 'reg_lambda': 0.0, 'subsample': 0.8}",-0.010081163841895033,-0.009706714159131016,-0.009632173452036586,-0.009262665742987307,-0.009554101100753207,-0.009647363659360631,0.0002640553783918832,50
1.308266019821167,0.019630076549463252,0.011517333984375,0.0002579167360877831,0.8,0.1,-1,10,500,50,0.0,0.5,0.8,"{'colsample_bytree': 0.8, 'learning_rate': 0.1, 'max_depth': -1, 'min_child_samples': 10, 'n_estimators': 500, 'num_leaves': 50, 'reg_alpha': 0.0, 'reg_lambda': 0.5, 'subsample': 0.8}",-0.010157785749084824,-0.009666096297075051,-0.009843361488088247,-0.008932394158635313,-0.009832008234681406,-0.009686329185512968,0.0004091406152611226,68
1.3289467334747314,0.02259363659334528,0.011928939819335937,0.0005347464283235195,0.8,0.1,-1,10,500,50,0.0,1.0,0.8,"{'colsample_bytree': 0.8, 'learning_rate': 0.1, 'max_depth': -1, 'min_child_samples': 10, 'n_estimators': 500, 'num_leaves': 50, 'reg_alpha': 0.0, 'reg_lambda': 1.0, 'subsample': 0.8}",-0.009798179950683905,-0.009638228334752724,-0.009720109260896576,-0.008677426470338867,-0.009788295621552827,-0.00952444792764498,0.0004273685794547464,6
0.48712878227233886,0.013750243742704116,0.004638290405273438,0.00033865438918446165,0.8,0.1,-1,10,500,50,0.5,0.0,0.8,"{'colsample_bytree': 0.8, 'learning_rate': 0.1, 'max_depth': -1, 'min_child_samples': 10, 'n_estimators': 500, 'num_leaves': 50, 'reg_alpha': 0.5, 'reg_lambda': 0.0, 'subsample': 0.8}",-0.010359735584424658,-0.009562656109633843,-0.01005050392322723,-0.009388523634830937,-0.009690452284056017,-0.009810374307234537,0.0003501895578757009,149
0.5121356964111328,0.028325477017002474,0.004746341705322265,0.0002650474626889645,0.8,0.1,-1,10,500,50,0.5,0.5,0.8,"{'colsample_bytree': 0.8, 'learning_rate': 0.1, 'max_depth': -1, 'min_child_samples': 10, 'n_estimators': 500, 'num_leaves': 50, 'reg_alpha': 0.5, 'reg_lambda': 0.5, 'subsample': 0.8}",-0.010431558614312315,-0.009427499285341817,-0.009643522403225002,-0.009275269086472648,-0.00977541019400588,-0.009710651916671531,0.00039953475298730944,77
0.43528132438659667,0.023846036448713765,0.004181098937988281,0.00015135831443963672,0.8,0.1,-1,10,500,50,0.5,1.0,0.8,"{'colsample_bytree': 0.8, 'learning_rate': 0.1, 'max_depth': -1, 'min_child_samples': 10, 'n_estimators': 500, 'num_leaves': 50, 'reg_alpha': 0.5, 'reg_lambda': 1.0, 'subsample': 0.8}",-0.010157430717022842,-0.009725509245302119,-0.00984866101308832,-0.009540863074687213,-0.009496846582537083,-0.009753862126527516,0.0002383627101452325,111
0.333144474029541,0.036489002556096786,0.004121065139770508,0.0004478496881525747,0.8,0.1,-1,10,500,50,1.0,0.0,0.8,"{'colsample_bytree': 0.8, 'learning_rate': 0.1, 'max_depth': -1, 'min_child_samples': 10, 'n_estimators': 500, 'num_leaves': 50, 'reg_alpha': 1.0, 'reg_lambda': 0.0, 'subsample': 0.8}",-0.01030375326712807,-0.009587107280440883,-0.01012034641944002,-0.009801737452276374,-0.009683262234800028,-0.009899241330817075,0.00027059157728358745,201
0.36351795196533204,0.01051925774614128,0.003871583938598633,8.285923437915111e-05,0.8,0.1,-1,10,500,50,1.0,0.5,0.8,"{'colsample_bytree': 0.8, 'learning_rate': 0.1, 'max_depth': -1, 'min_child_samples': 10, 'n_estimators': 500, 'num_leaves': 50, 'reg_alpha': 1.0, 'reg_lambda': 0.5, 'subsample': 0.8}",-0.010280503984119152,-0.009750322899611067,-0.010009596472713912,-0.009897325006721996,-0.009695761470374391,-0.009926701966708104,0.00020849626403606514,213
0.3792865753173828,0.02199963972018324,0.004315090179443359,0.00026295121858067503,0.8,0.1,-1,10,500,50,1.0,1.0,0.8,"{'colsample_bytree': 0.8, 'learning_rate': 0.1, 'max_depth': -1, 'min_child_samples': 10, 'n_estimators': 500, 'num_leaves': 50, 'reg_alpha': 1.0, 'reg_lambda': 1.0, 'subsample': 0.8}",-0.01060193360200773,-0.009806553947962456,-0.010066090517319184,-0.009798745604670443,-0.009875123668934237,-0.01002968946817881,0.00030192830269805366,281
2.831651496887207,0.016178695419656518,0.022131872177124024,0.0006253067557823193,0.8,0.1,-1,10,500,100,0.0,0.0,0.8,"{'colsample_bytree': 0.8, 'learning_rate': 0.1, 'max_depth': -1, 'min_child_samples': 10, 'n_estimators': 500, 'num_leaves': 100, 'reg_alpha': 0.0, 'reg_lambda': 0.0, 'subsample': 0.8}",-0.010043160282519318,-0.0093611575398475,-0.009915130531177206,-0.008805940661439957,-0.00943639910628101,-0.009512357624252999,0.0004408250364717277,3
2.6352198123931885,0.20845984564210518,0.021672677993774415,0.0014629432197496457,0.8,0.1,-1,10,500,100,0.0,0.5,0.8,"{'colsample_bytree': 0.8, 'learning_rate': 0.1, 'max_depth': -1, 'min_child_samples': 10, 'n_estimators': 500, 'num_leaves': 100, 'reg_alpha': 0.0, 'reg_lambda': 0.5, 'subsample': 0.8}",-0.010329016886794625,-0.009772230381546688,-0.009647865406647171,-0.008783689688413185,-0.009473408820829485,-0.00960124223684623,0.0004991593249450076,26
2.572168970108032,0.227342547777993,0.02195448875427246,0.0021684295120212487,0.8,0.1,-1,10,500,100,0.0,1.0,0.8,"{'colsample_bytree': 0.8, 'learning_rate': 0.1, 'max_depth': -1, 'min_child_samples': 10, 'n_estimators': 500, 'num_leaves': 100, 'reg_alpha': 0.0, 'reg_lambda': 1.0, 'subsample': 0.8}",-0.010268250697735596,-0.009270789949663908,-0.009840896853238417,-0.008986994442683423,-0.00995498226225596,-0.009664382841115461,0.00046776746676814704,58
0.4392500400543213,0.016163455735484923,0.004386615753173828,0.0005312758913898201,0.8,0.1,-1,10,500,100,0.5,0.0,0.8,"{'colsample_bytree': 0.8, 'learning_rate': 0.1, 'max_depth': -1, 'min_child_samples': 10, 'n_estimators': 500, 'num_leaves': 100, 'reg_alpha': 0.5, 'reg_lambda': 0.0, 'subsample': 0.8}",-0.010443008911456293,-0.009639347163114577,-0.00974690829748251,-0.009520024758432938,-0.009708981276503261,-0.009811654081397916,0.00032498614707064373,153
0.4502562046051025,0.03669811892722712,0.004192733764648437,0.00037543502255398323,0.8,0.1,-1,10,500,100,0.5,0.5,0.8,"{'colsample_bytree': 0.8, 'learning_rate': 0.1, 'max_depth': -1, 'min_child_samples': 10, 'n_estimators': 500, 'num_leaves': 100, 'reg_alpha': 0.5, 'reg_lambda': 0.5, 'subsample': 0.8}",-0.010347527533372411,-0.00952347413594662,-0.009673638491750647,-0.00974064853517838,-0.009348958431578543,-0.009726849425565318,0.0003383566887703973,100
0.4315188884735107,0.008116364154064887,0.004218339920043945,0.0002092857245591664,0.8,0.1,-1,10,500,100,0.5,1.0,0.8,"{'colsample_bytree': 0.8, 'learning_rate': 0.1, 'max_depth': -1, 'min_child_samples': 10, 'n_estimators': 500, 'num_leaves': 100, 'reg_alpha': 0.5, 'reg_lambda': 1.0, 'subsample': 0.8}",-0.010462243493009189,-0.009597678118259172,-0.00993336341606669,-0.0097083037002035,-0.009648764894290422,-0.009870070724365795,0.00031749555119363766,193
0.3144315242767334,0.013902231035963669,0.003708219528198242,6.661939020108572e-05,0.8,0.1,-1,10,500,100,1.0,0.0,0.8,"{'colsample_bytree': 0.8, 'learning_rate': 0.1, 'max_depth': -1, 'min_child_samples': 10, 'n_estimators': 500, 'num_leaves': 100, 'reg_alpha': 1.0, 'reg_lambda': 0.0, 'subsample': 0.8}",-0.010500493772855496,-0.009732386923260292,-0.010075087561437891,-0.010056445498538695,-0.009828972834612804,-0.010038677318141034,0.00026559579375609756,285
0.30336880683898926,0.013318291542463664,0.003987598419189453,0.0005020318238359692,0.8,0.1,-1,10,500,100,1.0,0.5,0.8,"{'colsample_bytree': 0.8, 'learning_rate': 0.1, 'max_depth': -1, 'min_child_samples': 10, 'n_estimators': 500, 'num_leaves': 100, 'reg_alpha': 1.0, 'reg_lambda': 0.5, 'subsample': 0.8}",-0.010779115593284178,-0.009601896594479714,-0.00999766374091274,-0.0100010815143556,-0.009590112573676939,-0.009993974003341833,0.0004320509682998873,261
0.3287216663360596,0.058004760583078185,0.0036252498626708984,7.405583497680168e-05,0.8,0.1,-1,10,500,100,1.0,1.0,0.8,"{'colsample_bytree': 0.8, 'learning_rate': 0.1, 'max_depth': -1, 'min_child_samples': 10, 'n_estimators': 500, 'num_leaves': 100, 'reg_alpha': 1.0, 'reg_lambda': 1.0, 'subsample': 0.8}",-0.010537924111191997,-0.009954938460416911,-0.010285309699539367,-0.009936053363496788,-0.009597280372347342,-0.01006230120139848,0.00032238473560044405,301
1.0306929111480714,0.049888958032182074,0.012100028991699218,0.0014397597213414923,0.8,0.1,-1,10,700,31,0.0,0.0,0.8,"{'colsample_bytree': 0.8, 'learning_rate': 0.1, 'max_depth': -1, 'min_child_samples': 10, 'n_estimators': 700, 'num_leaves': 31, 'reg_alpha': 0.0, 'reg_lambda': 0.0, 'subsample': 0.8}",-0.00984997439034934,-0.009777169624557736,-0.01020572569889073,-0.008905663361720762,-0.00983625642107265,-0.009714957899318245,0.0004318851154345958,83
1.107468843460083,0.08463495844857044,0.011449003219604492,0.0004792753730037351,0.8,0.1,-1,10,700,31,0.0,0.5,0.8,"{'colsample_bytree': 0.8, 'learning_rate': 0.1, 'max_depth': -1, 'min_child_samples': 10, 'n_estimators': 700, 'num_leaves': 31, 'reg_alpha': 0.0, 'reg_lambda': 0.5, 'subsample': 0.8}",-0.009998616178899248,-0.009407271497541735,-0.009628463390166339,-0.009122400792474786,-0.009960554601906957,-0.009623461292197814,0.00033232446829772975,37
1.172381830215454,0.07212668600204533,0.012645721435546875,0.0009882974035549698,0.8,0.1,-1,10,700,31,0.0,1.0,0.8,"{'colsample_bytree': 0.8, 'learning_rate': 0.1, 'max_depth': -1, 'min_child_samples': 10, 'n_estimators': 700, 'num_leaves': 31, 'reg_alpha': 0.0, 'reg_lambda': 1.0, 'subsample': 0.8}",-0.010130016999416801,-0.00969343737594098,-0.009684295249541914,-0.009172935728657291,-0.009838877455008624,-0.009703912561713122,0.00031055159956078747,73
0.5639935493469238,0.0136800828852685,0.005205678939819336,9.01052418610384e-05,0.8,0.1,-1,10,700,31,0.5,0.0,0.8,"{'colsample_bytree': 0.8, 'learning_rate': 0.1, 'max_depth': -1, 'min_child_samples': 10, 'n_estimators': 700, 'num_leaves': 31, 'reg_alpha': 0.5, 'reg_lambda': 0.0, 'subsample': 0.8}",-0.010310773811550827,-0.009560271638231654,-0.010022418461827678,-0.009792965561248448,-0.009490898503088957,-0.009835465595189514,0.00030236855745085345,165
0.5030509471893311,0.05139179358992802,0.004780340194702149,0.00037859904663684404,0.8,0.1,-1,10,700,31,0.5,0.5,0.8,"{'colsample_bytree': 0.8, 'learning_rate': 0.1, 'max_depth': -1, 'min_child_samples': 10, 'n_estimators': 700, 'num_leaves': 31, 'reg_alpha': 0.5, 'reg_lambda': 0.5, 'subsample': 0.8}",-0.010455517613080067,-0.009693156416427436,-0.009735396477102512,-0.009335655665233486,-0.009621687400523422,-0.009768282714473385,0.0003708567434833964,115
0.44810938835144043,0.03169824437541138,0.004295158386230469,0.00018954810248978193,0.8,0.1,-1,10,700,31,0.5,1.0,0.8,"{'colsample_bytree': 0.8, 'learning_rate': 0.1, 'max_depth': -1, 'min_child_samples': 10, 'n_estimators': 700, 'num_leaves': 31, 'reg_alpha': 0.5, 'reg_lambda': 1.0, 'subsample': 0.8}",-0.010624284173706543,-0.009544968864703067,-0.009795872837625405,-0.009862166812202899,-0.009415658349035301,-0.009848590207454645,0.00042054262289725226,177
0.2955197334289551,0.010872290295941814,0.0035892486572265624,0.00016855297172701933,0.8,0.1,-1,10,700,31,1.0,0.0,0.8,"{'colsample_bytree': 0.8, 'learning_rate': 0.1, 'max_depth': -1, 'min_child_samples': 10, 'n_estimators': 700, 'num_leaves': 31, 'reg_alpha': 1.0, 'reg_lambda': 0.0, 'subsample': 0.8}",-0.010481296972517935,-0.009603392274261503,-0.010032719449357963,-0.010035137323439624,-0.009710244188068914,-0.009972558041529187,0.0003070644176258317,257
0.32120141983032224,0.022250361233834656,0.003955221176147461,0.00047072613639040394,0.8,0.1,-1,10,700,31,1.0,0.5,0.8,"{'colsample_bytree': 0.8, 'learning_rate': 0.1, 'max_depth': -1, 'min_child_samples': 10, 'n_estimators': 700, 'num_leaves': 31, 'reg_alpha': 1.0, 'reg_lambda': 0.5, 'subsample': 0.8}",-0.01069385204888058,-0.009606026644166649,-0.010178494664379112,-0.009791174826127305,-0.009568514451509101,-0.009967612527012549,0.0004226225279894749,249
0.2904991626739502,0.005911781083091225,0.0037146091461181642,0.00026658990245482015,0.8,0.1,-1,10,700,31,1.0,1.0,0.8,"{'colsample_bytree': 0.8, 'learning_rate': 0.1, 'max_depth': -1, 'min_child_samples': 10, 'n_estimators': 700, 'num_leaves': 31, 'reg_alpha': 1.0, 'reg_lambda': 1.0, 'subsample': 0.8}",-0.010506617442001825,-0.00959487873662227,-0.010232613714662536,-0.009828827792583705,-0.00980788573787342,-0.00999416468474875,0.0003289167586530504,265
1.5824855804443358,0.06209265542630249,0.017653989791870116,0.0008481413060174943,0.8,0.1,-1,10,700,50,0.0,0.0,0.8,"{'colsample_bytree': 0.8, 'learning_rate': 0.1, 'max_depth': -1, 'min_child_samples': 10, 'n_estimators': 700, 'num_leaves': 50, 'reg_alpha': 0.0, 'reg_lambda': 0.0, 'subsample': 0.8}",-0.010080955885597398,-0.009706558711366782,-0.009632438171384863,-0.009262416213566745,-0.009554379374913276,-0.009647349671365813,0.0002640301707098586,49
1.7916568279266358,0.1562657862012919,0.017487335205078124,0.0008560660887658939,0.8,0.1,-1,10,700,50,0.0,0.5,0.8,"{'colsample_bytree': 0.8, 'learning_rate': 0.1, 'max_depth': -1, 'min_child_samples': 10, 'n_estimators': 700, 'num_leaves': 50, 'reg_alpha': 0.0, 'reg_lambda': 0.5, 'subsample': 0.8}",-0.010157059261174545,-0.009666272331376144,-0.009843541978537568,-0.008932071366786469,-0.009831643726804859,-0.009686117732935918,0.0004090784504910477,66
1.9076231479644776,0.19979085761884222,0.018610525131225585,0.0014123024532393283,0.8,0.1,-1,10,700,50,0.0,1.0,0.8,"{'colsample_bytree': 0.8, 'learning_rate': 0.1, 'max_depth': -1, 'min_child_samples': 10, 'n_estimators': 700, 'num_leaves': 50, 'reg_alpha': 0.0, 'reg_lambda': 1.0, 'subsample': 0.8}",-0.009798100312606448,-0.009638645061444732,-0.009720269172480787,-0.008676813088297843,-0.009787460524630406,-0.009524257631892043,0.0004275354579629437,5
0.5761328220367432,0.039342130568600586,0.004858541488647461,0.00012557625837902105,0.8,0.1,-1,10,700,50,0.5,0.0,0.8,"{'colsample_bytree': 0.8, 'learning_rate': 0.1, 'max_depth': -1, 'min_child_samples': 10, 'n_estimators': 700, 'num_leaves': 50, 'reg_alpha': 0.5, 'reg_lambda': 0.0, 'subsample': 0.8}",-0.010359735584424658,-0.009562656109633843,-0.01005050392322723,-0.009388523634830937,-0.009690452284056017,-0.009810374307234537,0.0003501895578757009,149
0.564185905456543,0.033591911338544604,0.004962730407714844,4.3167170133180346e-05,0.8,0.1,-1,10,700,50,0.5,0.5,0.8,"{'colsample_bytree': 0.8, 'learning_rate': 0.1, 'max_depth': -1, 'min_child_samples': 10, 'n_estimators': 700, 'num_leaves': 50, 'reg_alpha': 0.5, 'reg_lambda': 0.5, 'subsample': 0.8}",-0.010431558614312315,-0.009427499285341817,-0.009643522403225002,-0.009275269086472648,-0.00977541019400588,-0.009710651916671531,0.00039953475298730944,77
0.5663778781890869,0.011676953521011486,0.004822778701782227,1.8198320066151304e-05,0.8,0.1,-1,10,700,50,0.5,1.0,0.8,"{'colsample_bytree': 0.8, 'learning_rate': 0.1, 'max_depth': -1, 'min_child_samples': 10, 'n_estimators': 700, 'num_leaves': 50, 'reg_alpha': 0.5, 'reg_lambda': 1.0, 'subsample': 0.8}",-0.010157430717022842,-0.009725509245302119,-0.00984866101308832,-0.009540863074687213,-0.009496846582537083,-0.009753862126527516,0.0002383627101452325,111
0.400727367401123,0.01885322907204115,0.004410505294799805,0.0002599423000850726,0.8,0.1,-1,10,700,50,1.0,0.0,0.8,"{'colsample_bytree': 0.8, 'learning_rate': 0.1, 'max_depth': -1, 'min_child_samples': 10, 'n_estimators': 700, 'num_leaves': 50, 'reg_alpha': 1.0, 'reg_lambda': 0.0, 'subsample': 0.8}",-0.01030375326712807,-0.009587107280440883,-0.01012034641944002,-0.009801737452276374,-0.009683262234800028,-0.009899241330817075,0.00027059157728358745,201
0.41081900596618653,0.010374271161292746,0.004364395141601562,0.00012665710502298954,0.8,0.1,-1,10,700,50,1.0,0.5,0.8,"{'colsample_bytree': 0.8, 'learning_rate': 0.1, 'max_depth': -1, 'min_child_samples': 10, 'n_estimators': 700, 'num_leaves': 50, 'reg_alpha': 1.0, 'reg_lambda': 0.5, 'subsample': 0.8}",-0.010280503984119152,-0.009750322899611067,-0.010009596472713912,-0.009897325006721996,-0.009695761470374391,-0.009926701966708104,0.00020849626403606514,213
0.4053741455078125,0.003030918590965474,0.004326009750366211,4.2186912807378274e-05,0.8,0.1,-1,10,700,50,1.0,1.0,0.8,"{'colsample_bytree': 0.8, 'learning_rate': 0.1, 'max_depth': -1, 'min_child_samples': 10, 'n_estimators': 700, 'num_leaves': 50, 'reg_alpha': 1.0, 'reg_lambda': 1.0, 'subsample': 0.8}",-0.01060193360200773,-0.009806553947962456,-0.010066090517319184,-0.009798745604670443,-0.009875123668934237,-0.01002968946817881,0.00030192830269805366,281
3.914894199371338,0.04820815185370559,0.031005191802978515,0.0016212512493059149,0.8,0.1,-1,10,700,100,0.0,0.0,0.8,"{'colsample_bytree': 0.8, 'learning_rate': 0.1, 'max_depth': -1, 'min_child_samples': 10, 'n_estimators': 700, 'num_leaves': 100, 'reg_alpha': 0.0, 'reg_lambda': 0.0, 'subsample': 0.8}",-0.010043977825159246,-0.00936113941263602,-0.009914986678290397,-0.008805281445838887,-0.009436459477266538,-0.009512368967838218,0.00044120616288637326,4
3.791387510299683,0.20818929221199073,0.02963113784790039,0.001311658923434745,0.8,0.1,-1,10,700,100,0.0,0.5,0.8,"{'colsample_bytree': 0.8, 'learning_rate': 0.1, 'max_depth': -1, 'min_child_samples': 10, 'n_estimators': 700, 'num_leaves': 100, 'reg_alpha': 0.0, 'reg_lambda': 0.5, 'subsample': 0.8}",-0.010329096326500153,-0.009771994255470793,-0.009647968838923464,-0.008783405458853545,-0.00947337132192865,-0.009601167240335322,0.0004992632854975259,25
3.6937423229217528,0.10879142233075279,0.029763507843017577,0.0005628248658354194,0.8,0.1,-1,10,700,100,0.0,1.0,0.8,"{'colsample_bytree': 0.8, 'learning_rate': 0.1, 'max_depth': -1, 'min_child_samples': 10, 'n_estimators': 700, 'num_leaves': 100, 'reg_alpha': 0.0, 'reg_lambda': 1.0, 'subsample': 0.8}",-0.010268190737093553,-0.009270338063294173,-0.009840692205818872,-0.008986771711784617,-0.009955127521713271,-0.009664224047940897,0.0004678951677605619,57
0.5087000370025635,0.009306011978210273,0.00440669059753418,8.588352166749396e-05,0.8,0.1,-1,10,700,100,0.5,0.0,0.8,"{'colsample_bytree': 0.8, 'learning_rate': 0.1, 'max_depth': -1, 'min_child_samples': 10, 'n_estimators': 700, 'num_leaves': 100, 'reg_alpha': 0.5, 'reg_lambda': 0.0, 'subsample': 0.8}",-0.010443008911456293,-0.009639347163114577,-0.00974690829748251,-0.009520024758432938,-0.009708981276503261,-0.009811654081397916,0.00032498614707064373,153
0.5252349853515625,0.028697521655439002,0.004494667053222656,0.00022235530748259034,0.8,0.1,-1,10,700,100,0.5,0.5,0.8,"{'colsample_bytree': 0.8, 'learning_rate': 0.1, 'max_depth': -1, 'min_child_samples': 10, 'n_estimators': 700, 'num_leaves': 100, 'reg_alpha': 0.5, 'reg_lambda': 0.5, 'subsample': 0.8}",-0.010347527533372411,-0.00952347413594662,-0.009673638491750647,-0.00974064853517838,-0.009348958431578543,-0.009726849425565318,0.0003383566887703973,100
0.5376587867736816,0.018558783456527467,0.004831123352050781,0.00010753205491548869,0.8,0.1,-1,10,700,100,0.5,1.0,0.8,"{'colsample_bytree': 0.8, 'learning_rate': 0.1, 'max_depth': -1, 'min_child_samples': 10, 'n_estimators': 700, 'num_leaves': 100, 'reg_alpha': 0.5, 'reg_lambda': 1.0, 'subsample': 0.8}",-0.010462243493009189,-0.009597678118259172,-0.00993336341606669,-0.0097083037002035,-0.009648764894290422,-0.009870070724365795,0.00031749555119363766,193
0.39089555740356446,0.003989277073663454,0.004370403289794922,3.350621759387317e-05,0.8,0.1,-1,10,700,100,1.0,0.0,0.8,"{'colsample_bytree': 0.8, 'learning_rate': 0.1, 'max_depth': -1, 'min_child_samples': 10, 'n_estimators': 700, 'num_leaves': 100, 'reg_alpha': 1.0, 'reg_lambda': 0.0, 'subsample': 0.8}",-0.010500493772855496,-0.009732386923260292,-0.010075087561437891,-0.010056445498538695,-0.009828972834612804,-0.010038677318141034,0.00026559579375609756,285
0.38486342430114745,0.007739092082020246,0.004354715347290039,3.7279396173276774e-05,0.8,0.1,-1,10,700,100,1.0,0.5,0.8,"{'colsample_bytree': 0.8, 'learning_rate': 0.1, 'max_depth': -1, 'min_child_samples': 10, 'n_estimators': 700, 'num_leaves': 100, 'reg_alpha': 1.0, 'reg_lambda': 0.5, 'subsample': 0.8}",-0.010779115593284178,-0.009601896594479714,-0.00999766374091274,-0.0100010815143556,-0.009590112573676939,-0.009993974003341833,0.0004320509682998873,261
0.3823425769805908,0.005646393780133618,0.00431370735168457,4.168549600529369e-05,0.8,0.1,-1,10,700,100,1.0,1.0,0.8,"{'colsample_bytree': 0.8, 'learning_rate': 0.1, 'max_depth': -1, 'min_child_samples': 10, 'n_estimators': 700, 'num_leaves': 100, 'reg_alpha': 1.0, 'reg_lambda': 1.0, 'subsample': 0.8}",-0.010537924111191997,-0.009954938460416911,-0.010285309699539367,-0.009936053363496788,-0.009597280372347342,-0.01006230120139848,0.00032238473560044405,301
0.8949835300445557,0.018837384711578822,0.009326744079589843,0.00019796573284313772,0.8,0.1,-1,20,500,31,0.0,0.0,0.8,"{'colsample_bytree': 0.8, 'learning_rate': 0.1, 'max_depth': -1, 'min_child_samples': 20, 'n_estimators': 500, 'num_leaves': 31, 'reg_alpha': 0.0, 'reg_lambda': 0.0, 'subsample': 0.8}",-0.010278724400772477,-0.0093721820487586,-0.009821320553498502,-0.008939232529640165,-0.010194003463361731,-0.009721092599206295,0.0005055071305078605,91
0.8424949645996094,0.0033953054392471906,0.009341287612915038,0.00018175837836781724,0.8,0.1,-1,20,500,31,0.0,0.5,0.8,"{'colsample_bytree': 0.8, 'learning_rate': 0.1, 'max_depth': -1, 'min_child_samples': 20, 'n_estimators': 500, 'num_leaves': 31, 'reg_alpha': 0.0, 'reg_lambda': 0.5, 'subsample': 0.8}",-0.010119086017020485,-0.009746096345362072,-0.009961895472398362,-0.009060948178928992,-0.009856308871358162,-0.009748866977013614,0.0003653017895515385,110
0.8476833820343017,0.0053234306627712395,0.009505224227905274,0.00045884249639493096,0.8,0.1,-1,20,500,31,0.0,1.0,0.8,"{'colsample_bytree': 0.8, 'learning_rate': 0.1, 'max_depth': -1, 'min_child_samples': 20, 'n_estimators': 500, 'num_leaves': 31, 'reg_alpha': 0.0, 'reg_lambda': 1.0, 'subsample': 0.8}",-0.00996616526318446,-0.009503758890797982,-0.009856716652705724,-0.008876017552152586,-0.009910045948604274,-0.009622540861489004,0.0004066894180313858,36
0.4887547492980957,0.032526160457090905,0.005203390121459961,0.0002143096639491246,0.8,0.1,-1,20,500,31,0.5,0.0,0.8,"{'colsample_bytree': 0.8, 'learning_rate': 0.1, 'max_depth': -1, 'min_child_samples': 20, 'n_estimators': 500, 'num_leaves': 31, 'reg_alpha': 0.5, 'reg_lambda': 0.0, 'subsample': 0.8}",-0.010105438511065773,-0.009635305860575327,-0.010112216077295521,-0.00951247870644112,-0.00952667244850916,-0.00977842232077738,0.00027310956994411247,124
0.48976702690124513,0.01298878964921843,0.0047778129577636715,0.00014796600466893424,0.8,0.1,-1,20,500,31,0.5,0.5,0.8,"{'colsample_bytree': 0.8, 'learning_rate': 0.1, 'max_depth': -1, 'min_child_samples': 20, 'n_estimators': 500, 'num_leaves': 31, 'reg_alpha': 0.5, 'reg_lambda': 0.5, 'subsample': 0.8}",-0.01038153265323549,-0.009740687518155548,-0.009808280050954134,-0.009294294105632895,-0.009725449964395247,-0.009790048858474662,0.0003471506272048139,143
0.5121345043182373,0.042421492450467654,0.005555200576782227,0.0005954894973284424,0.8,0.1,-1,20,500,31,0.5,1.0,0.8,"{'colsample_bytree': 0.8, 'learning_rate': 0.1, 'max_depth': -1, 'min_child_samples': 20, 'n_estimators': 500, 'num_leaves': 31, 'reg_alpha': 0.5, 'reg_lambda': 1.0, 'subsample': 0.8}",-0.010341949666481429,-0.009559453029390017,-0.009801107426566527,-0.009223812309783678,-0.009700758794954321,-0.009725416245435194,0.0003648563830806295,95
0.32618179321289065,0.007524626185214995,0.0041429996490478516,0.00024526502919229706,0.8,0.1,-1,20,500,31,1.0,0.0,0.8,"{'colsample_bytree': 0.8, 'learning_rate': 0.1, 'max_depth': -1, 'min_child_samples': 20, 'n_estimators': 500, 'num_leaves': 31, 'reg_alpha': 1.0, 'reg_lambda': 0.0, 'subsample': 0.8}",-0.010547232382160609,-0.009869027979865302,-0.010256785150516826,-0.010048593916547546,-0.009625331296858093,-0.010069394145189675,0.0003166120125881919,305
0.32049145698547366,0.010047734002314363,0.003946447372436523,0.0001705006990629854,0.8,0.1,-1,20,500,31,1.0,0.5,0.8,"{'colsample_bytree': 0.8, 'learning_rate': 0.1, 'max_depth': -1, 'min_child_samples': 20, 'n_estimators': 500, 'num_leaves': 31, 'reg_alpha': 1.0, 'reg_lambda': 0.5, 'subsample': 0.8}",-0.010577432945356253,-0.00990779188583384,-0.009945719285386206,-0.00967841694835924,-0.00970124238649667,-0.00996212069028644,0.0003256916022518146,245
0.3331896781921387,0.01978484219844241,0.004397439956665039,0.0004388459177992203,0.8,0.1,-1,20,500,31,1.0,1.0,0.8,"{'colsample_bytree': 0.8, 'learning_rate': 0.1, 'max_depth': -1, 'min_child_samples': 20, 'n_estimators': 500, 'num_leaves': 31, 'reg_alpha': 1.0, 'reg_lambda': 1.0, 'subsample': 0.8}",-0.010518692012965443,-0.00992881618302274,-0.010369091941956895,-0.009943658465256673,-0.009674223116604127,-0.010086896343961173,0.0003104472499650704,317
1.3165789604187013,0.029236869512810675,0.014313364028930664,0.0008185690960054939,0.8,0.1,-1,20,500,50,0.0,0.0,0.8,"{'colsample_bytree': 0.8, 'learning_rate': 0.1, 'max_depth': -1, 'min_child_samples': 20, 'n_estimators': 500, 'num_leaves': 50, 'reg_alpha': 0.0, 'reg_lambda': 0.0, 'subsample': 0.8}",-0.009898212081549125,-0.009472682459315923,-0.009931317505970204,-0.009248149648610636,-0.009612610787584918,-0.009632594496606162,0.0002582855734265097,44
1.317704963684082,0.04386792197914602,0.01478404998779297,0.0016256866054129594,0.8,0.1,-1,20,500,50,0.0,0.5,0.8,"{'colsample_bytree': 0.8, 'learning_rate': 0.1, 'max_depth': -1, 'min_child_samples': 20, 'n_estimators': 500, 'num_leaves': 50, 'reg_alpha': 0.0, 'reg_lambda': 0.5, 'subsample': 0.8}",-0.00979080657621985,-0.009860478573032214,-0.01007968093417189,-0.008910305523762721,-0.009407243352160189,-0.009609702991869373,0.0004115125491958239,30
1.3390185356140136,0.04570685141840241,0.014533805847167968,0.0005756740372236049,0.8,0.1,-1,20,500,50,0.0,1.0,0.8,"{'colsample_bytree': 0.8, 'learning_rate': 0.1, 'max_depth': -1, 'min_child_samples': 20, 'n_estimators': 500, 'num_leaves': 50, 'reg_alpha': 0.0, 'reg_lambda': 1.0, 'subsample': 0.8}",-0.0102077112139401,-0.00974879318019262,-0.010077014310732962,-0.00889728636814086,-0.009463006961089874,-0.009678762406819284,0.00046915902210979346,64
0.40362257957458497,0.016555859369729045,0.004333019256591797,0.00024135446141062173,0.8,0.1,-1,20,500,50,0.5,0.0,0.8,"{'colsample_bytree': 0.8, 'learning_rate': 0.1, 'max_depth': -1, 'min_child_samples': 20, 'n_estimators': 500, 'num_leaves': 50, 'reg_alpha': 0.5, 'reg_lambda': 0.0, 'subsample': 0.8}",-0.010535771435279782,-0.009687029299703921,-0.00996204357844895,-0.009487914340405036,-0.009523548302552769,-0.009839261391278092,0.00038639250022132166,169
0.4014933109283447,0.02062332119496704,0.004413700103759766,0.00017487651565291088,0.8,0.1,-1,20,500,50,0.5,0.5,0.8,"{'colsample_bytree': 0.8, 'learning_rate': 0.1, 'max_depth': -1, 'min_child_samples': 20, 'n_estimators': 500, 'num_leaves': 50, 'reg_alpha': 0.5, 'reg_lambda': 0.5, 'subsample': 0.8}",-0.010374966247506041,-0.009519502685466535,-0.010108011899053587,-0.009382555558749932,-0.009540247653639916,-0.0097850568088832,0.0003859406450107697,131
0.39993839263916015,0.01743831937346198,0.0043756961822509766,9.721796396046877e-05,0.8,0.1,-1,20,500,50,0.5,1.0,0.8,"{'colsample_bytree': 0.8, 'learning_rate': 0.1, 'max_depth': -1, 'min_child_samples': 20, 'n_estimators': 500, 'num_leaves': 50, 'reg_alpha': 0.5, 'reg_lambda': 1.0, 'subsample': 0.8}",-0.010617830620979221,-0.009662936068193314,-0.009736592792608764,-0.009358025822381478,-0.009733371423934462,-0.009821751345619448,0.0004216797020515757,158
0.26869821548461914,0.00828776841053564,0.0037476062774658204,0.00015214323283420567,0.8,0.1,-1,20,500,50,1.0,0.0,0.8,"{'colsample_bytree': 0.8, 'learning_rate': 0.1, 'max_depth': -1, 'min_child_samples': 20, 'n_estimators': 500, 'num_leaves': 50, 'reg_alpha': 1.0, 'reg_lambda': 0.0, 'subsample': 0.8}",-0.010921759916702235,-0.009761980826722907,-0.010047917497877451,-0.009853622975853972,-0.009841034220291093,-0.010085263087489532,0.000428704546130392,313
0.28053483963012693,0.006378897405293526,0.003867959976196289,0.00017032577903319712,0.8,0.1,-1,20,500,50,1.0,0.5,0.8,"{'colsample_bytree': 0.8, 'learning_rate': 0.1, 'max_depth': -1, 'min_child_samples': 20, 'n_estimators': 500, 'num_leaves': 50, 'reg_alpha': 1.0, 'reg_lambda': 0.5, 'subsample': 0.8}",-0.010610538999383357,-0.009642428213372075,-0.010038219145007677,-0.009911601415146099,-0.009658702704242066,-0.009972298095430255,0.00035285615531469174,253
0.27324566841125486,0.007510995280162382,0.003802633285522461,0.00034382312128015724,0.8,0.1,-1,20,500,50,1.0,1.0,0.8,"{'colsample_bytree': 0.8, 'learning_rate': 0.1, 'max_depth': -1, 'min_child_samples': 20, 'n_estimators': 500, 'num_leaves': 50, 'reg_alpha': 1.0, 'reg_lambda': 1.0, 'subsample': 0.8}",-0.010225463876463586,-0.009829325015245383,-0.010059309738645855,-0.009988495640280409,-0.010248885461393176,-0.01007029594640568,0.0001554672170519015,309
1.9211601734161377,0.12027874945279246,0.018732023239135743,0.0004286367007428184,0.8,0.1,-1,20,500,100,0.0,0.0,0.8,"{'colsample_bytree': 0.8, 'learning_rate': 0.1, 'max_depth': -1, 'min_child_samples': 20, 'n_estimators': 500, 'num_leaves': 100, 'reg_alpha': 0.0, 'reg_lambda': 0.0, 'subsample': 0.8}",-0.010018870616692524,-0.009450575876993082,-0.009914931640513151,-0.008811994565133457,-0.00950886403564592,-0.009541047346995627,0.00042634337174576875,9
2.060551118850708,0.0540185500212597,0.01849985122680664,0.0007297894954805632,0.8,0.1,-1,20,500,100,0.0,0.5,0.8,"{'colsample_bytree': 0.8, 'learning_rate': 0.1, 'max_depth': -1, 'min_child_samples': 20, 'n_estimators': 500, 'num_leaves': 100, 'reg_alpha': 0.0, 'reg_lambda': 0.5, 'subsample': 0.8}",-0.009790919273412918,-0.00951501640854851,-0.009710934832390654,-0.008951214216737263,-0.009474005652706032,-0.009488418076759075,0.0002934361453390537,1
2.0389864921569822,0.1116693119519313,0.018373584747314452,0.0012345880507950051,0.8,0.1,-1,20,500,100,0.0,1.0,0.8,"{'colsample_bytree': 0.8, 'learning_rate': 0.1, 'max_depth': -1, 'min_child_samples': 20, 'n_estimators': 500, 'num_leaves': 100, 'reg_alpha': 0.0, 'reg_lambda': 1.0, 'subsample': 0.8}",-0.009976749343520615,-0.009721257305930068,-0.009667965173053029,-0.009087000010651176,-0.009419746172275704,-0.00957454360108612,0.0003012251507047847,14
0.4779184818267822,0.01763402611219923,0.004822587966918946,0.00034593537117063835,0.8,0.1,-1,20,500,100,0.5,0.0,0.8,"{'colsample_bytree': 0.8, 'learning_rate': 0.1, 'max_depth': -1, 'min_child_samples': 20, 'n_estimators': 500, 'num_leaves': 100, 'reg_alpha': 0.5, 'reg_lambda': 0.0, 'subsample': 0.8}",-0.01039376176961502,-0.009674844836502331,-0.010121378258144931,-0.00932003766397796,-0.009708374404102367,-0.009843679386468521,0.0003743582478393544,173
0.45296740531921387,0.04075215675717457,0.004599618911743164,0.00021464121167311497,0.8,0.1,-1,20,500,100,0.5,0.5,0.8,"{'colsample_bytree': 0.8, 'learning_rate': 0.1, 'max_depth': -1, 'min_child_samples': 20, 'n_estimators': 500, 'num_leaves': 100, 'reg_alpha': 0.5, 'reg_lambda': 0.5, 'subsample': 0.8}",-0.010367663011912574,-0.009636362229912236,-0.009713399068793123,-0.009582025910844515,-0.009642009193324391,-0.009788291882957368,0.00029267959774900693,139
0.3981520652770996,0.005633549881796162,0.00437779426574707,0.0001672860965802194,0.8,0.1,-1,20,500,100,0.5,1.0,0.8,"{'colsample_bytree': 0.8, 'learning_rate': 0.1, 'max_depth': -1, 'min_child_samples': 20, 'n_estimators': 500, 'num_leaves': 100, 'reg_alpha': 0.5, 'reg_lambda': 1.0, 'subsample': 0.8}",-0.010599736666634023,-0.009604742971085356,-0.009770221301597168,-0.009658262425521218,-0.009942959354626352,-0.009915184543892824,0.0003613254310212226,209
0.27833757400512693,0.013626368259064273,0.0037471771240234373,0.00016450352591138219,0.8,0.1,-1,20,500,100,1.0,0.0,0.8,"{'colsample_bytree': 0.8, 'learning_rate': 0.1, 'max_depth': -1, 'min_child_samples': 20, 'n_estimators': 500, 'num_leaves': 100, 'reg_alpha': 1.0, 'reg_lambda': 0.0, 'subsample': 0.8}",-0.010583924318435077,-0.009938817068869118,-0.01006374899572305,-0.009758968257849764,-0.009781725004766003,-0.010025436729128602,0.00030042637484145834,277
0.28837890625,0.009142382036105236,0.003904914855957031,0.0002872406881647234,0.8,0.1,-1,20,500,100,1.0,0.5,0.8,"{'colsample_bytree': 0.8, 'learning_rate': 0.1, 'max_depth': -1, 'min_child_samples': 20, 'n_estimators': 500, 'num_leaves': 100, 'reg_alpha': 1.0, 'reg_lambda': 0.5, 'subsample': 0.8}",-0.01061499745300458,-0.009777172313822684,-0.00989155437390462,-0.009913596311489708,-0.009869218524910899,-0.010013307795426498,0.0003044070969171293,273
0.3089915752410889,0.04483096301569413,0.004042816162109375,0.0004086859819153809,0.8,0.1,-1,20,500,100,1.0,1.0,0.8,"{'colsample_bytree': 0.8, 'learning_rate': 0.1, 'max_depth': -1, 'min_child_samples': 20, 'n_estimators': 500, 'num_leaves': 100, 'reg_alpha': 1.0, 'reg_lambda': 1.0, 'subsample': 0.8}",-0.010633116525096147,-0.009940312051702739,-0.010014218945966534,-0.01011881540219874,-0.009850331859323394,-0.01011135895685751,0.00027535973914769436,321
1.225588893890381,0.03411823336217593,0.014497804641723632,0.00015778385212303141,0.8,0.1,-1,20,700,31,0.0,0.0,0.8,"{'colsample_bytree': 0.8, 'learning_rate': 0.1, 'max_depth': -1, 'min_child_samples': 20, 'n_estimators': 700, 'num_leaves': 31, 'reg_alpha': 0.0, 'reg_lambda': 0.0, 'subsample': 0.8}",-0.010283244854130156,-0.00937482858980719,-0.009818134626510022,-0.008933287844223429,-0.010198770925534563,-0.009721653368041072,0.000508751888466923,92
1.1469586372375489,0.07370219580563972,0.014234828948974609,0.0007137207472080508,0.8,0.1,-1,20,700,31,0.0,0.5,0.8,"{'colsample_bytree': 0.8, 'learning_rate': 0.1, 'max_depth': -1, 'min_child_samples': 20, 'n_estimators': 700, 'num_leaves': 31, 'reg_alpha': 0.0, 'reg_lambda': 0.5, 'subsample': 0.8}",-0.010114532713177811,-0.009742756873663001,-0.009962675707132542,-0.009057818707652628,-0.009852998165630891,-0.009746156433451374,0.00036546332698101866,109
1.0214231491088868,0.018124380906203375,0.014795160293579102,0.002209305588158189,0.8,0.1,-1,20,700,31,0.0,1.0,0.8,"{'colsample_bytree': 0.8, 'learning_rate': 0.1, 'max_depth': -1, 'min_child_samples': 20, 'n_estimators': 700, 'num_leaves': 31, 'reg_alpha': 0.0, 'reg_lambda': 1.0, 'subsample': 0.8}",-0.00995778839911037,-0.009510176835819496,-0.009854619959092883,-0.008870390802324402,-0.009910563117399759,-0.009620707822749382,0.0004068284711119929,35
0.48305435180664064,0.024486972878974878,0.005036258697509765,0.00024058514383204656,0.8,0.1,-1,20,700,31,0.5,0.0,0.8,"{'colsample_bytree': 0.8, 'learning_rate': 0.1, 'max_depth': -1, 'min_child_samples': 20, 'n_estimators': 700, 'num_leaves': 31, 'reg_alpha': 0.5, 'reg_lambda': 0.0, 'subsample': 0.8}",-0.010105438511065773,-0.009635305860575327,-0.010112216077295521,-0.00951247870644112,-0.00952667244850916,-0.00977842232077738,0.00027310956994411247,124
0.48090395927429197,0.017133596208730728,0.0047743797302246095,0.0004401408291114803,0.8,0.1,-1,20,700,31,0.5,0.5,0.8,"{'colsample_bytree': 0.8, 'learning_rate': 0.1, 'max_depth': -1, 'min_child_samples': 20, 'n_estimators': 700, 'num_leaves': 31, 'reg_alpha': 0.5, 'reg_lambda': 0.5, 'subsample': 0.8}",-0.01038153265323549,-0.009740687518155548,-0.009808280050954134,-0.009294294105632895,-0.009725449964395247,-0.009790048858474662,0.0003471506272048139,143
0.5215790271759033,0.05159718256846644,0.005079030990600586,0.0003151213634625735,0.8,0.1,-1,20,700,31,0.5,1.0,0.8,"{'colsample_bytree': 0.8, 'learning_rate': 0.1, 'max_depth': -1, 'min_child_samples': 20, 'n_estimators': 700, 'num_leaves': 31, 'reg_alpha': 0.5, 'reg_lambda': 1.0, 'subsample': 0.8}",-0.010341949666481429,-0.009559453029390017,-0.009801107426566527,-0.009223812309783678,-0.009700758794954321,-0.009725416245435194,0.0003648563830806295,95
0.36675138473510743,0.009352687513765633,0.004468154907226562,0.00010116338277531183,0.8,0.1,-1,20,700,31,1.0,0.0,0.8,"{'colsample_bytree': 0.8, 'learning_rate': 0.1, 'max_depth': -1, 'min_child_samples': 20, 'n_estimators': 700, 'num_leaves': 31, 'reg_alpha': 1.0, 'reg_lambda': 0.0, 'subsample': 0.8}",-0.010547232382160609,-0.009869027979865302,-0.010256785150516826,-0.010048593916547546,-0.009625331296858093,-0.010069394145189675,0.0003166120125881919,305
0.29639244079589844,0.01696752761413075,0.003957176208496093,0.0004887389342114148,0.8,0.1,-1,20,700,31,1.0,0.5,0.8,"{'colsample_bytree': 0.8, 'learning_rate': 0.1, 'max_depth': -1, 'min_child_samples': 20, 'n_estimators': 700, 'num_leaves': 31, 'reg_alpha': 1.0, 'reg_lambda': 0.5, 'subsample': 0.8}",-0.010577432945356253,-0.00990779188583384,-0.009945719285386206,-0.00967841694835924,-0.00970124238649667,-0.00996212069028644,0.0003256916022518146,245
0.28276286125183103,0.01060071966550951,0.003617000579833984,7.33637483943289e-05,0.8,0.1,-1,20,700,31,1.0,1.0,0.8,"{'colsample_bytree': 0.8, 'learning_rate': 0.1, 'max_depth': -1, 'min_child_samples': 20, 'n_estimators': 700, 'num_leaves': 31, 'reg_alpha': 1.0, 'reg_lambda': 1.0, 'subsample': 0.8}",-0.010518692012965443,-0.00992881618302274,-0.010369091941956895,-0.009943658465256673,-0.009674223116604127,-0.010086896343961173,0.0003104472499650704,317
1.675701904296875,0.07178365458560194,0.019997930526733397,0.0014016450806863647,0.8,0.1,-1,20,700,50,0.0,0.0,0.8,"{'colsample_bytree': 0.8, 'learning_rate': 0.1, 'max_depth': -1, 'min_child_samples': 20, 'n_estimators': 700, 'num_leaves': 50, 'reg_alpha': 0.0, 'reg_lambda': 0.0, 'subsample': 0.8}",-0.009897581304282182,-0.009472526125327473,-0.009931396733668873,-0.009247554864672675,-0.00961223288566646,-0.009632258382723535,0.0002583765535402331,43
1.655229663848877,0.14851797252736346,0.02093615531921387,0.0017606472879285278,0.8,0.1,-1,20,700,50,0.0,0.5,0.8,"{'colsample_bytree': 0.8, 'learning_rate': 0.1, 'max_depth': -1, 'min_child_samples': 20, 'n_estimators': 700, 'num_leaves': 50, 'reg_alpha': 0.0, 'reg_lambda': 0.5, 'subsample': 0.8}",-0.00979067900154115,-0.009860499036809573,-0.010080166262343577,-0.008910243581390741,-0.009406196162090583,-0.009609556808835126,0.0004117390073641265,29
1.6561516761779784,0.1096227158345776,0.02024688720703125,0.0017384803066054907,0.8,0.1,-1,20,700,50,0.0,1.0,0.8,"{'colsample_bytree': 0.8, 'learning_rate': 0.1, 'max_depth': -1, 'min_child_samples': 20, 'n_estimators': 700, 'num_leaves': 50, 'reg_alpha': 0.0, 'reg_lambda': 1.0, 'subsample': 0.8}",-0.010206284036267334,-0.009748773457859764,-0.010076904059873281,-0.008897178130892877,-0.009463550885539037,-0.00967853811408646,0.0004688042492194161,63
0.4073031902313232,0.009001686552454787,0.004189109802246094,4.9505848293792884e-05,0.8,0.1,-1,20,700,50,0.5,0.0,0.8,"{'colsample_bytree': 0.8, 'learning_rate': 0.1, 'max_depth': -1, 'min_child_samples': 20, 'n_estimators': 700, 'num_leaves': 50, 'reg_alpha': 0.5, 'reg_lambda': 0.0, 'subsample': 0.8}",-0.010535771435279782,-0.009687029299703921,-0.00996204357844895,-0.009487914340405036,-0.009523548302552769,-0.009839261391278092,0.00038639250022132166,169
0.43493499755859377,0.017508059492220545,0.004717397689819336,0.0005608431558931647,0.8,0.1,-1,20,700,50,0.5,0.5,0.8,"{'colsample_bytree': 0.8, 'learning_rate': 0.1, 'max_depth': -1, 'min_child_samples': 20, 'n_estimators': 700, 'num_leaves': 50, 'reg_alpha': 0.5, 'reg_lambda': 0.5, 'subsample': 0.8}",-0.010374966247506041,-0.009519502685466535,-0.010108011899053587,-0.009382555558749932,-0.009540247653639916,-0.0097850568088832,0.0003859406450107697,131
0.4789095878601074,0.02861839141637209,0.004603433609008789,7.53376151473888e-05,0.8,0.1,-1,20,700,50,0.5,1.0,0.8,"{'colsample_bytree': 0.8, 'learning_rate': 0.1, 'max_depth': -1, 'min_child_samples': 20, 'n_estimators': 700, 'num_leaves': 50, 'reg_alpha': 0.5, 'reg_lambda': 1.0, 'subsample': 0.8}",-0.010617830620979221,-0.009662936068193314,-0.009736592792608764,-0.009358025822381478,-0.009733371423934462,-0.009821751345619448,0.0004216797020515757,158
0.34926090240478513,0.018810939994907006,0.00404205322265625,0.0002779283571974832,0.8,0.1,-1,20,700,50,1.0,0.0,0.8,"{'colsample_bytree': 0.8, 'learning_rate': 0.1, 'max_depth': -1, 'min_child_samples': 20, 'n_estimators': 700, 'num_leaves': 50, 'reg_alpha': 1.0, 'reg_lambda': 0.0, 'subsample': 0.8}",-0.010921759916702235,-0.009761980826722907,-0.010047917497877451,-0.009853622975853972,-0.009841034220291093,-0.010085263087489532,0.000428704546130392,313
0.3426027774810791,0.02838972209001413,0.003916263580322266,0.0001421267524098894,0.8,0.1,-1,20,700,50,1.0,0.5,0.8,"{'colsample_bytree': 0.8, 'learning_rate': 0.1, 'max_depth': -1, 'min_child_samples': 20, 'n_estimators': 700, 'num_leaves': 50, 'reg_alpha': 1.0, 'reg_lambda': 0.5, 'subsample': 0.8}",-0.010610538999383357,-0.009642428213372075,-0.010038219145007677,-0.009911601415146099,-0.009658702704242066,-0.009972298095430255,0.00035285615531469174,253
0.33891782760620115,0.02929247550562873,0.0039036750793457033,0.00012384401967958496,0.8,0.1,-1,20,700,50,1.0,1.0,0.8,"{'colsample_bytree': 0.8, 'learning_rate': 0.1, 'max_depth': -1, 'min_child_samples': 20, 'n_estimators': 700, 'num_leaves': 50, 'reg_alpha': 1.0, 'reg_lambda': 1.0, 'subsample': 0.8}",-0.010225463876463586,-0.009829325015245383,-0.010059309738645855,-0.009988495640280409,-0.010248885461393176,-0.01007029594640568,0.0001554672170519015,309
2.8522512435913088,0.043041815212814846,0.02671337127685547,0.0008431806719003711,0.8,0.1,-1,20,700,100,0.0,0.0,0.8,"{'colsample_bytree': 0.8, 'learning_rate': 0.1, 'max_depth': -1, 'min_child_samples': 20, 'n_estimators': 700, 'num_leaves': 100, 'reg_alpha': 0.0, 'reg_lambda': 0.0, 'subsample': 0.8}",-0.010019331018400253,-0.009452789538991563,-0.009917629816419549,-0.008810009467055652,-0.009510906234387809,-0.009542133215050964,0.00042747585670130947,10
2.84268479347229,0.029731616647256716,0.027194404602050783,0.0006785481660787297,0.8,0.1,-1,20,700,100,0.0,0.5,0.8,"{'colsample_bytree': 0.8, 'learning_rate': 0.1, 'max_depth': -1, 'min_child_samples': 20, 'n_estimators': 700, 'num_leaves': 100, 'reg_alpha': 0.0, 'reg_lambda': 0.5, 'subsample': 0.8}",-0.009794110436085,-0.009515117226749128,-0.009711025013417232,-0.00894948255432745,-0.009474776280282919,-0.009488902302172347,0.0002947374882797441,2
2.9353010654449463,0.07329675511017877,0.025867652893066407,0.000840852681612291,0.8,0.1,-1,20,700,100,0.0,1.0,0.8,"{'colsample_bytree': 0.8, 'learning_rate': 0.1, 'max_depth': -1, 'min_child_samples': 20, 'n_estimators': 700, 'num_leaves': 100, 'reg_alpha': 0.0, 'reg_lambda': 1.0, 'subsample': 0.8}",-0.009979530556873393,-0.009723673624918057,-0.009667284730558058,-0.009088686237768156,-0.009419627377331853,-0.009575760505489904,0.0003016302786699684,16
0.5150088310241699,0.003935161054163165,0.00491790771484375,0.00026121383253605983,0.8,0.1,-1,20,700,100,0.5,0.0,0.8,"{'colsample_bytree': 0.8, 'learning_rate': 0.1, 'max_depth': -1, 'min_child_samples': 20, 'n_estimators': 700, 'num_leaves': 100, 'reg_alpha': 0.5, 'reg_lambda': 0.0, 'subsample': 0.8}",-0.01039376176961502,-0.009674844836502331,-0.010121378258144931,-0.00932003766397796,-0.009708374404102367,-0.009843679386468521,0.0003743582478393544,173
0.4568208694458008,0.005730976858988728,0.00449681282043457,0.0001109082638628354,0.8,0.1,-1,20,700,100,0.5,0.5,0.8,"{'colsample_bytree': 0.8, 'learning_rate': 0.1, 'max_depth': -1, 'min_child_samples': 20, 'n_estimators': 700, 'num_leaves': 100, 'reg_alpha': 0.5, 'reg_lambda': 0.5, 'subsample': 0.8}",-0.010367663011912574,-0.009636362229912236,-0.009713399068793123,-0.009582025910844515,-0.009642009193324391,-0.009788291882957368,0.00029267959774900693,139
0.46985573768615724,0.01721064389402264,0.004622459411621094,0.00014373718110235749,0.8,0.1,-1,20,700,100,0.5,1.0,0.8,"{'colsample_bytree': 0.8, 'learning_rate': 0.1, 'max_depth': -1, 'min_child_samples': 20, 'n_estimators': 700, 'num_leaves': 100, 'reg_alpha': 0.5, 'reg_lambda': 1.0, 'subsample': 0.8}",-0.010599736666634023,-0.009604742971085356,-0.009770221301597168,-0.009658262425521218,-0.009942959354626352,-0.009915184543892824,0.0003613254310212226,209
0.34190893173217773,0.017562839840005194,0.003892803192138672,7.154092623930377e-05,0.8,0.1,-1,20,700,100,1.0,0.0,0.8,"{'colsample_bytree': 0.8, 'learning_rate': 0.1, 'max_depth': -1, 'min_child_samples': 20, 'n_estimators': 700, 'num_leaves': 100, 'reg_alpha': 1.0, 'reg_lambda': 0.0, 'subsample': 0.8}",-0.010583924318435077,-0.009938817068869118,-0.01006374899572305,-0.009758968257849764,-0.009781725004766003,-0.010025436729128602,0.00030042637484145834,277
0.35021586418151857,0.026567600960071745,0.003883981704711914,5.0938752947472145e-05,0.8,0.1,-1,20,700,100,1.0,0.5,0.8,"{'colsample_bytree': 0.8, 'learning_rate': 0.1, 'max_depth': -1, 'min_child_samples': 20, 'n_estimators': 700, 'num_leaves': 100, 'reg_alpha': 1.0, 'reg_lambda': 0.5, 'subsample': 0.8}",-0.01061499745300458,-0.009777172313822684,-0.00989155437390462,-0.009913596311489708,-0.009869218524910899,-0.010013307795426498,0.0003044070969171293,273
0.35229063034057617,0.009840041575725367,0.004214239120483398,0.00043385424978740345,0.8,0.1,-1,20,700,100,1.0,1.0,0.8,"{'colsample_bytree': 0.8, 'learning_rate': 0.1, 'max_depth': -1, 'min_child_samples': 20, 'n_estimators': 700, 'num_leaves': 100, 'reg_alpha': 1.0, 'reg_lambda': 1.0, 'subsample': 0.8}",-0.010633116525096147,-0.009940312051702739,-0.010014218945966534,-0.01011881540219874,-0.009850331859323394,-0.01011135895685751,0.00027535973914769436,321
0.8255952835083008,0.020450328718541057,0.010475492477416993,0.0008994422672701342,0.8,0.1,-1,30,500,31,0.0,0.0,0.8,"{'colsample_bytree': 0.8, 'learning_rate': 0.1, 'max_depth': -1, 'min_child_samples': 30, 'n_estimators': 500, 'num_leaves': 31, 'reg_alpha': 0.0, 'reg_lambda': 0.0, 'subsample': 0.8}",-0.010383817310308218,-0.009832422345455352,-0.009811406674106937,-0.009020994449046575,-0.009609390434992345,-0.009731606242781885,0.00043859254372848955,104
0.8457610130310058,0.028009169408060787,0.010439825057983399,0.0007314075117784754,0.8,0.1,-1,30,500,31,0.0,0.5,0.8,"{'colsample_bytree': 0.8, 'learning_rate': 0.1, 'max_depth': -1, 'min_child_samples': 30, 'n_estimators': 500, 'num_leaves': 31, 'reg_alpha': 0.0, 'reg_lambda': 0.5, 'subsample': 0.8}",-0.010005868134414581,-0.009738937119018605,-0.010359195380390292,-0.009428702239766417,-0.00958660698662857,-0.009823861972043694,0.00032843917976151256,163
0.8381569385528564,0.0043299308491783605,0.010120105743408204,0.00024200702035340454,0.8,0.1,-1,30,500,31,0.0,1.0,0.8,"{'colsample_bytree': 0.8, 'learning_rate': 0.1, 'max_depth': -1, 'min_child_samples': 30, 'n_estimators': 500, 'num_leaves': 31, 'reg_alpha': 0.0, 'reg_lambda': 1.0, 'subsample': 0.8}",-0.010052734195968655,-0.009650771773899601,-0.010011368438591838,-0.009053589913073232,-0.0096627168530987,-0.009686236234926406,0.00035835288841595635,67
0.4587763786315918,0.013504872757532052,0.005026912689208985,7.767011345778549e-05,0.8,0.1,-1,30,500,31,0.5,0.0,0.8,"{'colsample_bytree': 0.8, 'learning_rate': 0.1, 'max_depth': -1, 'min_child_samples': 30, 'n_estimators': 500, 'num_leaves': 31, 'reg_alpha': 0.5, 'reg_lambda': 0.0, 'subsample': 0.8}",-0.010594749093760781,-0.009620231602656454,-0.010175289017561085,-0.009346187630917631,-0.009720765842512235,-0.009891444637481638,0.000441632823699331,197
0.4519031047821045,0.020456348865430563,0.004981184005737304,0.000298219219609071,0.8,0.1,-1,30,500,31,0.5,0.5,0.8,"{'colsample_bytree': 0.8, 'learning_rate': 0.1, 'max_depth': -1, 'min_child_samples': 30, 'n_estimators': 500, 'num_leaves': 31, 'reg_alpha': 0.5, 'reg_lambda': 0.5, 'subsample': 0.8}",-0.01046304942103431,-0.009529760576652606,-0.01018884539177356,-0.009493381718654935,-0.009613746886246248,-0.009857756798872332,0.00039392648378261505,185
0.4728515148162842,0.02044642075084901,0.0054702281951904295,5.153182499985877e-05,0.8,0.1,-1,30,500,31,0.5,1.0,0.8,"{'colsample_bytree': 0.8, 'learning_rate': 0.1, 'max_depth': -1, 'min_child_samples': 30, 'n_estimators': 500, 'num_leaves': 31, 'reg_alpha': 0.5, 'reg_lambda': 1.0, 'subsample': 0.8}",-0.010410333010729406,-0.009697269758293941,-0.009906636780698435,-0.009754775214007019,-0.009982381440006571,-0.009950279240747074,0.000251722191899772,241
0.31751389503479005,0.008557532551065061,0.0040662288665771484,8.649673586745607e-05,0.8,0.1,-1,30,500,31,1.0,0.0,0.8,"{'colsample_bytree': 0.8, 'learning_rate': 0.1, 'max_depth': -1, 'min_child_samples': 30, 'n_estimators': 500, 'num_leaves': 31, 'reg_alpha': 1.0, 'reg_lambda': 0.0, 'subsample': 0.8}",-0.010763274152366184,-0.009874208685977196,-0.010099499160796572,-0.009697823951057241,-0.009588860199557117,-0.010004733229950862,0.0004167841772637617,269
0.30965747833251955,0.007003565743762788,0.00413355827331543,0.0004203429926582262,0.8,0.1,-1,30,500,31,1.0,0.5,0.8,"{'colsample_bytree': 0.8, 'learning_rate': 0.1, 'max_depth': -1, 'min_child_samples': 30, 'n_estimators': 500, 'num_leaves': 31, 'reg_alpha': 1.0, 'reg_lambda': 0.5, 'subsample': 0.8}",-0.010997749460339245,-0.009959298442135561,-0.010034153840562747,-0.00979808413983925,-0.009504735529768911,-0.010058804282529142,0.0005034072464881556,297
0.3027642250061035,0.028678596287522094,0.003910541534423828,0.0001233362146597898,0.8,0.1,-1,30,500,31,1.0,1.0,0.8,"{'colsample_bytree': 0.8, 'learning_rate': 0.1, 'max_depth': -1, 'min_child_samples': 30, 'n_estimators': 500, 'num_leaves': 31, 'reg_alpha': 1.0, 'reg_lambda': 1.0, 'subsample': 0.8}",-0.010689975776964846,-0.009809895525151945,-0.009804978355686313,-0.009860513365241956,-0.009560197776332529,-0.009945112159875518,0.00038679681181665244,229
1.07122745513916,0.03873909033254498,0.013704061508178711,0.00015336435172976168,0.8,0.1,-1,30,500,50,0.0,0.0,0.8,"{'colsample_bytree': 0.8, 'learning_rate': 0.1, 'max_depth': -1, 'min_child_samples': 30, 'n_estimators': 500, 'num_leaves': 50, 'reg_alpha': 0.0, 'reg_lambda': 0.0, 'subsample': 0.8}",-0.009923537972070209,-0.009487521481040753,-0.009874691008052458,-0.009365502908859789,-0.00979487281045742,-0.009689225236096126,0.00022178456696992748,69
1.2942922115325928,0.0671136338549139,0.01573491096496582,0.0016614818241547514,0.8,0.1,-1,30,500,50,0.0,0.5,0.8,"{'colsample_bytree': 0.8, 'learning_rate': 0.1, 'max_depth': -1, 'min_child_samples': 30, 'n_estimators': 500, 'num_leaves': 50, 'reg_alpha': 0.0, 'reg_lambda': 0.5, 'subsample': 0.8}",-0.01023046359922763,-0.009886164450330814,-0.009717055599170665,-0.009340807043044528,-0.009449904063845656,-0.009724878951123858,0.0003177459591238864,94
1.3344472885131835,0.04472796167996815,0.015259456634521485,0.0010208973801587242,0.8,0.1,-1,30,500,50,0.0,1.0,0.8,"{'colsample_bytree': 0.8, 'learning_rate': 0.1, 'max_depth': -1, 'min_child_samples': 30, 'n_estimators': 500, 'num_leaves': 50, 'reg_alpha': 0.0, 'reg_lambda': 1.0, 'subsample': 0.8}",-0.010179524611812367,-0.009353751907178102,-0.009590106998789708,-0.009528561371202726,-0.009548561880879347,-0.00964010135397245,0.00028152922946601117,46
0.4544694423675537,0.019262023472889706,0.004842996597290039,0.00024062126231161996,0.8,0.1,-1,30,500,50,0.5,0.0,0.8,"{'colsample_bytree': 0.8, 'learning_rate': 0.1, 'max_depth': -1, 'min_child_samples': 30, 'n_estimators': 500, 'num_leaves': 50, 'reg_alpha': 0.5, 'reg_lambda': 0.0, 'subsample': 0.8}",-0.010374581455174187,-0.009731113686988986,-0.00986369325513645,-0.00944535154849302,-0.009450357942563863,-0.009773019577671302,0.00034156445366563364,119
0.4611372470855713,0.03780728166967942,0.005043840408325196,0.00033629535482500273,0.8,0.1,-1,30,500,50,0.5,0.5,0.8,"{'colsample_bytree': 0.8, 'learning_rate': 0.1, 'max_depth': -1, 'min_child_samples': 30, 'n_estimators': 500, 'num_leaves': 50, 'reg_alpha': 0.5, 'reg_lambda': 0.5, 'subsample': 0.8}",-0.010631343200222021,-0.009649494633145081,-0.010018744419571233,-0.009483934947314634,-0.00988558246120417,-0.009933819932291428,0.0003947949105303753,217
0.45849242210388186,0.04084491697048339,0.005270767211914063,0.00012294119629249834,0.8,0.1,-1,30,500,50,0.5,1.0,0.8,"{'colsample_bytree': 0.8, 'learning_rate': 0.1, 'max_depth': -1, 'min_child_samples': 30, 'n_estimators': 500, 'num_leaves': 50, 'reg_alpha': 0.5, 'reg_lambda': 1.0, 'subsample': 0.8}",-0.010451198467746422,-0.009800532459113312,-0.009757144911132299,-0.00950002971530386,-0.009761982041825254,-0.009854177519024229,0.0003170639700616296,181
0.3232120037078857,0.0031743151177634522,0.004523468017578125,9.419548446927123e-05,0.8,0.1,-1,30,500,50,1.0,0.0,0.8,"{'colsample_bytree': 0.8, 'learning_rate': 0.1, 'max_depth': -1, 'min_child_samples': 30, 'n_estimators': 500, 'num_leaves': 50, 'reg_alpha': 1.0, 'reg_lambda': 0.0, 'subsample': 0.8}",-0.010573029347270427,-0.009638495463071932,-0.00999351831161312,-0.009847450723307715,-0.009678426193933774,-0.009946184007839394,0.00033802081735987777,233
0.3188086986541748,0.008895509982409969,0.004276561737060547,0.00028415683676434817,0.8,0.1,-1,30,500,50,1.0,0.5,0.8,"{'colsample_bytree': 0.8, 'learning_rate': 0.1, 'max_depth': -1, 'min_child_samples': 30, 'n_estimators': 500, 'num_leaves': 50, 'reg_alpha': 1.0, 'reg_lambda': 0.5, 'subsample': 0.8}",-0.010859364971854359,-0.009675316087184882,-0.009891444354941457,-0.009729878273336072,-0.00954158517508456,-0.009939517772480266,0.0004733986746611498,221
0.3185995578765869,0.011252228336395541,0.004165077209472656,0.000420619260018418,0.8,0.1,-1,30,500,50,1.0,1.0,0.8,"{'colsample_bytree': 0.8, 'learning_rate': 0.1, 'max_depth': -1, 'min_child_samples': 30, 'n_estimators': 500, 'num_leaves': 50, 'reg_alpha': 1.0, 'reg_lambda': 1.0, 'subsample': 0.8}",-0.010880050971800542,-0.009718820160317151,-0.010027811316954599,-0.009921907730064185,-0.009659708957847318,-0.01004165982739676,0.0004398963456227721,289
1.3942237377166748,0.11645866876405327,0.01616840362548828,0.0010826341212075029,0.8,0.1,-1,30,500,100,0.0,0.0,0.8,"{'colsample_bytree': 0.8, 'learning_rate': 0.1, 'max_depth': -1, 'min_child_samples': 30, 'n_estimators': 500, 'num_leaves': 100, 'reg_alpha': 0.0, 'reg_lambda': 0.0, 'subsample': 0.8}",-0.009968293098043415,-0.009611006611092852,-0.009802327050924813,-0.009166941948312307,-0.009690085046341236,-0.009647730750942924,0.00026868593408217837,52
1.3419540405273438,0.12905183610825544,0.01575632095336914,0.0008761492207962952,0.8,0.1,-1,30,500,100,0.0,0.5,0.8,"{'colsample_bytree': 0.8, 'learning_rate': 0.1, 'max_depth': -1, 'min_child_samples': 30, 'n_estimators': 500, 'num_leaves': 100, 'reg_alpha': 0.0, 'reg_lambda': 0.5, 'subsample': 0.8}",-0.010109308057626012,-0.009771125344206535,-0.010157335648833223,-0.009324721035054898,-0.00952477223603709,-0.009777452464351553,0.00032350964311527076,123
1.4571555137634278,0.010049796797171325,0.016162967681884764,0.0004884477560565306,0.8,0.1,-1,30,500,100,0.0,1.0,0.8,"{'colsample_bytree': 0.8, 'learning_rate': 0.1, 'max_depth': -1, 'min_child_samples': 30, 'n_estimators': 500, 'num_leaves': 100, 'reg_alpha': 0.0, 'reg_lambda': 1.0, 'subsample': 0.8}",-0.009723542986105768,-0.009784286094134474,-0.009784729550389774,-0.009234858689219218,-0.0097285976998195,-0.009651203003933748,0.00020981231988272537,55
0.4708354949951172,0.016553926738687573,0.005276393890380859,0.00013785686343964184,0.8,0.1,-1,30,500,100,0.5,0.0,0.8,"{'colsample_bytree': 0.8, 'learning_rate': 0.1, 'max_depth': -1, 'min_child_samples': 30, 'n_estimators': 500, 'num_leaves': 100, 'reg_alpha': 0.5, 'reg_lambda': 0.0, 'subsample': 0.8}",-0.010350452238661816,-0.009550887265298732,-0.009921282215721272,-0.009453306926138223,-0.009656254648237994,-0.009786436658811608,0.00032239825991601026,135
0.48030624389648435,0.010329901873499638,0.005290794372558594,8.06151566795319e-05,0.8,0.1,-1,30,500,100,0.5,0.5,0.8,"{'colsample_bytree': 0.8, 'learning_rate': 0.1, 'max_depth': -1, 'min_child_samples': 30, 'n_estimators': 500, 'num_leaves': 100, 'reg_alpha': 0.5, 'reg_lambda': 0.5, 'subsample': 0.8}",-0.010628870067023174,-0.009582897017737993,-0.010079647130757334,-0.009579724706656068,-0.009638871462732498,-0.009902002076981414,0.00040861309389004564,205
0.482088041305542,0.017838411482987697,0.005310487747192383,9.330381252042872e-05,0.8,0.1,-1,30,500,100,0.5,1.0,0.8,"{'colsample_bytree': 0.8, 'learning_rate': 0.1, 'max_depth': -1, 'min_child_samples': 30, 'n_estimators': 500, 'num_leaves': 100, 'reg_alpha': 0.5, 'reg_lambda': 1.0, 'subsample': 0.8}",-0.010610848378499314,-0.009792558079415311,-0.009677563395534524,-0.009521326661217914,-0.00970784220554771,-0.009862027744042956,0.0003845610174942245,189
0.3277482032775879,0.00461925306405677,0.004541158676147461,7.274728703310052e-05,0.8,0.1,-1,30,500,100,1.0,0.0,0.8,"{'colsample_bytree': 0.8, 'learning_rate': 0.1, 'max_depth': -1, 'min_child_samples': 30, 'n_estimators': 500, 'num_leaves': 100, 'reg_alpha': 1.0, 'reg_lambda': 0.0, 'subsample': 0.8}",-0.010573029347270427,-0.009638495463071932,-0.00999351831161312,-0.009847450723307715,-0.009678426193933774,-0.009946184007839394,0.00033802081735987777,233
0.3298765182495117,0.002395390572447605,0.004526615142822266,2.6841739239046515e-05,0.8,0.1,-1,30,500,100,1.0,0.5,0.8,"{'colsample_bytree': 0.8, 'learning_rate': 0.1, 'max_depth': -1, 'min_child_samples': 30, 'n_estimators': 500, 'num_leaves': 100, 'reg_alpha': 1.0, 'reg_lambda': 0.5, 'subsample': 0.8}",-0.010859364971854359,-0.009675316087184882,-0.009891444354941457,-0.009729878273336072,-0.00954158517508456,-0.009939517772480266,0.0004733986746611498,221
0.3350180149078369,0.003628527409397801,0.004540014266967774,5.4147877518767945e-05,0.8,0.1,-1,30,500,100,1.0,1.0,0.8,"{'colsample_bytree': 0.8, 'learning_rate': 0.1, 'max_depth': -1, 'min_child_samples': 30, 'n_estimators': 500, 'num_leaves': 100, 'reg_alpha': 1.0, 'reg_lambda': 1.0, 'subsample': 0.8}",-0.010880050971800542,-0.009718820160317151,-0.010027811316954599,-0.009921907730064185,-0.009659708957847318,-0.01004165982739676,0.0004398963456227721,289
1.2486480712890624,0.004253523188828547,0.015812444686889648,0.00024039415117746513,0.8,0.1,-1,30,700,31,0.0,0.0,0.8,"{'colsample_bytree': 0.8, 'learning_rate': 0.1, 'max_depth': -1, 'min_child_samples': 30, 'n_estimators': 700, 'num_leaves': 31, 'reg_alpha': 0.0, 'reg_lambda': 0.0, 'subsample': 0.8}",-0.010370629595920155,-0.009820452771711282,-0.009810061707106141,-0.009013268919304837,-0.009615196500422142,-0.009725921898892912,0.00043630218679956324,99
1.2543148040771483,0.02182081427353756,0.01563396453857422,0.0001662432830077489,0.8,0.1,-1,30,700,31,0.0,0.5,0.8,"{'colsample_bytree': 0.8, 'learning_rate': 0.1, 'max_depth': -1, 'min_child_samples': 30, 'n_estimators': 700, 'num_leaves': 31, 'reg_alpha': 0.0, 'reg_lambda': 0.5, 'subsample': 0.8}",-0.009988126446386235,-0.009735135935182552,-0.010365803687620996,-0.009419603945671123,-0.009585712579163828,-0.009818876518804948,0.0003312314483036604,157
1.2728099822998047,0.01653188936701927,0.016280364990234376,0.00115909149757003,0.8,0.1,-1,30,700,31,0.0,1.0,0.8,"{'colsample_bytree': 0.8, 'learning_rate': 0.1, 'max_depth': -1, 'min_child_samples': 30, 'n_estimators': 700, 'num_leaves': 31, 'reg_alpha': 0.0, 'reg_lambda': 1.0, 'subsample': 0.8}",-0.010048154123219464,-0.009655288404613093,-0.010005667663606353,-0.009048582064327786,-0.009662713283611525,-0.009684081107875645,0.000358081474347242,65
0.5342225551605224,0.013641656860589643,0.005598211288452148,9.227588777478083e-05,0.8,0.1,-1,30,700,31,0.5,0.0,0.8,"{'colsample_bytree': 0.8, 'learning_rate': 0.1, 'max_depth': -1, 'min_child_samples': 30, 'n_estimators': 700, 'num_leaves': 31, 'reg_alpha': 0.5, 'reg_lambda': 0.0, 'subsample': 0.8}",-0.010594749093760781,-0.009620231602656454,-0.010175289017561085,-0.009346187630917631,-0.009720765842512235,-0.009891444637481638,0.000441632823699331,197
0.5150278568267822,0.011029750552768208,0.005404758453369141,0.00011011195269295124,0.8,0.1,-1,30,700,31,0.5,0.5,0.8,"{'colsample_bytree': 0.8, 'learning_rate': 0.1, 'max_depth': -1, 'min_child_samples': 30, 'n_estimators': 700, 'num_leaves': 31, 'reg_alpha': 0.5, 'reg_lambda': 0.5, 'subsample': 0.8}",-0.01046304942103431,-0.009529760576652606,-0.01018884539177356,-0.009493381718654935,-0.009613746886246248,-0.009857756798872332,0.00039392648378261505,185
0.511309289932251,0.033672745013530576,0.005368661880493164,0.00033527215086380795,0.8,0.1,-1,30,700,31,0.5,1.0,0.8,"{'colsample_bytree': 0.8, 'learning_rate': 0.1, 'max_depth': -1, 'min_child_samples': 30, 'n_estimators': 700, 'num_leaves': 31, 'reg_alpha': 0.5, 'reg_lambda': 1.0, 'subsample': 0.8}",-0.010410333010729406,-0.009697269758293941,-0.009906636780698435,-0.009754775214007019,-0.009982381440006571,-0.009950279240747074,0.000251722191899772,241
0.3408687114715576,0.03790224133687893,0.004439401626586914,0.000437237402037778,0.8,0.1,-1,30,700,31,1.0,0.0,0.8,"{'colsample_bytree': 0.8, 'learning_rate': 0.1, 'max_depth': -1, 'min_child_samples': 30, 'n_estimators': 700, 'num_leaves': 31, 'reg_alpha': 1.0, 'reg_lambda': 0.0, 'subsample': 0.8}",-0.010763274152366184,-0.009874208685977196,-0.010099499160796572,-0.009697823951057241,-0.009588860199557117,-0.010004733229950862,0.0004167841772637617,269
0.35338716506958007,0.0092830517653439,0.004519033432006836,5.611816271648158e-05,0.8,0.1,-1,30,700,31,1.0,0.5,0.8,"{'colsample_bytree': 0.8, 'learning_rate': 0.1, 'max_depth': -1, 'min_child_samples': 30, 'n_estimators': 700, 'num_leaves': 31, 'reg_alpha': 1.0, 'reg_lambda': 0.5, 'subsample': 0.8}",-0.010997749460339245,-0.009959298442135561,-0.010034153840562747,-0.00979808413983925,-0.009504735529768911,-0.010058804282529142,0.0005034072464881556,297
0.35761280059814454,0.010859120635849292,0.004571151733398437,5.655988228619316e-05,0.8,0.1,-1,30,700,31,1.0,1.0,0.8,"{'colsample_bytree': 0.8, 'learning_rate': 0.1, 'max_depth': -1, 'min_child_samples': 30, 'n_estimators': 700, 'num_leaves': 31, 'reg_alpha': 1.0, 'reg_lambda': 1.0, 'subsample': 0.8}",-0.010689975776964846,-0.009809895525151945,-0.009804978355686313,-0.009860513365241956,-0.009560197776332529,-0.009945112159875518,0.00038679681181665244,229
1.7466031551361083,0.07377492950622107,0.023051071166992187,0.0007218283727059202,0.8,0.1,-1,30,700,50,0.0,0.0,0.8,"{'colsample_bytree': 0.8, 'learning_rate': 0.1, 'max_depth': -1, 'min_child_samples': 30, 'n_estimators': 700, 'num_leaves': 50, 'reg_alpha': 0.0, 'reg_lambda': 0.0, 'subsample': 0.8}",-0.009921387539100815,-0.009487567643832873,-0.009876033453290842,-0.009366044400090817,-0.009795583792030077,-0.009689323365669085,0.00022145896978885358,70
1.765610694885254,0.05106328093057651,0.02310786247253418,0.001241636216729744,0.8,0.1,-1,30,700,50,0.0,0.5,0.8,"{'colsample_bytree': 0.8, 'learning_rate': 0.1, 'max_depth': -1, 'min_child_samples': 30, 'n_estimators': 700, 'num_leaves': 50, 'reg_alpha': 0.0, 'reg_lambda': 0.5, 'subsample': 0.8}",-0.010227663856924071,-0.00988802075558586,-0.009716138008324398,-0.009340711881862843,-0.009450476013802429,-0.00972460210329992,0.000316974838066465,93
1.7419326305389404,0.02629813493170426,0.02318577766418457,0.0019074200104232427,0.8,0.1,-1,30,700,50,0.0,1.0,0.8,"{'colsample_bytree': 0.8, 'learning_rate': 0.1, 'max_depth': -1, 'min_child_samples': 30, 'n_estimators': 700, 'num_leaves': 50, 'reg_alpha': 0.0, 'reg_lambda': 1.0, 'subsample': 0.8}",-0.010174677132516529,-0.009352540874448792,-0.009589516673596287,-0.009531243268115408,-0.00954896099170313,-0.00963938778807603,0.00027970527520525674,45
0.44406790733337403,0.007136719242827139,0.00509185791015625,0.0004726580448553123,0.8,0.1,-1,30,700,50,0.5,0.0,0.8,"{'colsample_bytree': 0.8, 'learning_rate': 0.1, 'max_depth': -1, 'min_child_samples': 30, 'n_estimators': 700, 'num_leaves': 50, 'reg_alpha': 0.5, 'reg_lambda': 0.0, 'subsample': 0.8}",-0.010374581455174187,-0.009731113686988986,-0.00986369325513645,-0.00944535154849302,-0.009450357942563863,-0.009773019577671302,0.00034156445366563364,119
0.46477231979370115,0.012521498522822626,0.0052416324615478516,0.0005730083502782058,0.8,0.1,-1,30,700,50,0.5,0.5,0.8,"{'colsample_bytree': 0.8, 'learning_rate': 0.1, 'max_depth': -1, 'min_child_samples': 30, 'n_estimators': 700, 'num_leaves': 50, 'reg_alpha': 0.5, 'reg_lambda': 0.5, 'subsample': 0.8}",-0.010631343200222021,-0.009649494633145081,-0.010018744419571233,-0.009483934947314634,-0.00988558246120417,-0.009933819932291428,0.0003947949105303753,217
0.4486677646636963,0.01303954256005972,0.007664966583251953,0.00568523618149239,0.8,0.1,-1,30,700,50,0.5,1.0,0.8,"{'colsample_bytree': 0.8, 'learning_rate': 0.1, 'max_depth': -1, 'min_child_samples': 30, 'n_estimators': 700, 'num_leaves': 50, 'reg_alpha': 0.5, 'reg_lambda': 1.0, 'subsample': 0.8}",-0.010451198467746422,-0.009800532459113312,-0.009757144911132299,-0.00950002971530386,-0.009761982041825254,-0.009854177519024229,0.0003170639700616296,181
0.33334646224975584,0.004654372459102281,0.004598665237426758,5.947392434487283e-05,0.8,0.1,-1,30,700,50,1.0,0.0,0.8,"{'colsample_bytree': 0.8, 'learning_rate': 0.1, 'max_depth': -1, 'min_child_samples': 30, 'n_estimators': 700, 'num_leaves': 50, 'reg_alpha': 1.0, 'reg_lambda': 0.0, 'subsample': 0.8}",-0.010573029347270427,-0.009638495463071932,-0.00999351831161312,-0.009847450723307715,-0.009678426193933774,-0.009946184007839394,0.00033802081735987777,233
0.3312083721160889,0.004412766556189874,0.004502487182617187,3.745111946639431e-05,0.8,0.1,-1,30,700,50,1.0,0.5,0.8,"{'colsample_bytree': 0.8, 'learning_rate': 0.1, 'max_depth': -1, 'min_child_samples': 30, 'n_estimators': 700, 'num_leaves': 50, 'reg_alpha': 1.0, 'reg_lambda': 0.5, 'subsample': 0.8}",-0.010859364971854359,-0.009675316087184882,-0.009891444354941457,-0.009729878273336072,-0.00954158517508456,-0.009939517772480266,0.0004733986746611498,221
0.3538360118865967,0.013091121157380672,0.006682205200195313,0.002810566106812676,0.8,0.1,-1,30,700,50,1.0,1.0,0.8,"{'colsample_bytree': 0.8, 'learning_rate': 0.1, 'max_depth': -1, 'min_child_samples': 30, 'n_estimators': 700, 'num_leaves': 50, 'reg_alpha': 1.0, 'reg_lambda': 1.0, 'subsample': 0.8}",-0.010880050971800542,-0.009718820160317151,-0.010027811316954599,-0.009921907730064185,-0.009659708957847318,-0.01004165982739676,0.0004398963456227721,289
1.9390594482421875,0.05538964304650065,0.027663230895996094,0.007355095491441755,0.8,0.1,-1,30,700,100,0.0,0.0,0.8,"{'colsample_bytree': 0.8, 'learning_rate': 0.1, 'max_depth': -1, 'min_child_samples': 30, 'n_estimators': 700, 'num_leaves': 100, 'reg_alpha': 0.0, 'reg_lambda': 0.0, 'subsample': 0.8}",-0.009967008308324444,-0.009611129948234175,-0.009800609250925303,-0.00916767512776806,-0.009690436227966443,-0.009647371772643683,0.0002679276499153505,51
1.858368158340454,0.10418052532354909,0.022699308395385743,0.0014113164894545556,0.8,0.1,-1,30,700,100,0.0,0.5,0.8,"{'colsample_bytree': 0.8, 'learning_rate': 0.1, 'max_depth': -1, 'min_child_samples': 30, 'n_estimators': 700, 'num_leaves': 100, 'reg_alpha': 0.0, 'reg_lambda': 0.5, 'subsample': 0.8}",-0.010109507466015398,-0.009771593010900987,-0.010160110313975186,-0.009327660421061323,-0.009527815401367193,-0.009779337322664018,0.0003229042177400803,128
1.872140598297119,0.12687723269719078,0.023679018020629883,0.0013714539970116333,0.8,0.1,-1,30,700,100,0.0,1.0,0.8,"{'colsample_bytree': 0.8, 'learning_rate': 0.1, 'max_depth': -1, 'min_child_samples': 30, 'n_estimators': 700, 'num_leaves': 100, 'reg_alpha': 0.0, 'reg_lambda': 1.0, 'subsample': 0.8}",-0.009723268950710085,-0.009787411730157897,-0.009783062035632863,-0.009235520001937243,-0.009730374580212652,-0.009651927459730147,0.00020985280292781975,56
0.4663064956665039,0.014809484978737783,0.005216360092163086,0.00011659706982192454,0.8,0.1,-1,30,700,100,0.5,0.0,0.8,"{'colsample_bytree': 0.8, 'learning_rate': 0.1, 'max_depth': -1, 'min_child_samples': 30, 'n_estimators': 700, 'num_leaves': 100, 'reg_alpha': 0.5, 'reg_lambda': 0.0, 'subsample': 0.8}",-0.010350452238661816,-0.009550887265298732,-0.009921282215721272,-0.009453306926138223,-0.009656254648237994,-0.009786436658811608,0.00032239825991601026,135
0.4689652442932129,0.0032050341493852635,0.005270242691040039,9.36517161852606e-05,0.8,0.1,-1,30,700,100,0.5,0.5,0.8,"{'colsample_bytree': 0.8, 'learning_rate': 0.1, 'max_depth': -1, 'min_child_samples': 30, 'n_estimators': 700, 'num_leaves': 100, 'reg_alpha': 0.5, 'reg_lambda': 0.5, 'subsample': 0.8}",-0.010628870067023174,-0.009582897017737993,-0.010079647130757334,-0.009579724706656068,-0.009638871462732498,-0.009902002076981414,0.00040861309389004564,205
0.4805203914642334,0.017034144309340863,0.005282974243164063,0.00013770101109867832,0.8,0.1,-1,30,700,100,0.5,1.0,0.8,"{'colsample_bytree': 0.8, 'learning_rate': 0.1, 'max_depth': -1, 'min_child_samples': 30, 'n_estimators': 700, 'num_leaves': 100, 'reg_alpha': 0.5, 'reg_lambda': 1.0, 'subsample': 0.8}",-0.010610848378499314,-0.009792558079415311,-0.009677563395534524,-0.009521326661217914,-0.00970784220554771,-0.009862027744042956,0.0003845610174942245,189
0.33418822288513184,0.006798445028086761,0.0045201778411865234,5.170177115547657e-05,0.8,0.1,-1,30,700,100,1.0,0.0,0.8,"{'colsample_bytree': 0.8, 'learning_rate': 0.1, 'max_depth': -1, 'min_child_samples': 30, 'n_estimators': 700, 'num_leaves': 100, 'reg_alpha': 1.0, 'reg_lambda': 0.0, 'subsample': 0.8}",-0.010573029347270427,-0.009638495463071932,-0.00999351831161312,-0.009847450723307715,-0.009678426193933774,-0.009946184007839394,0.00033802081735987777,233
0.356365442276001,0.003993849210526143,0.004468202590942383,6.47484463331546e-05,0.8,0.1,-1,30,700,100,1.0,0.5,0.8,"{'colsample_bytree': 0.8, 'learning_rate': 0.1, 'max_depth': -1, 'min_child_samples': 30, 'n_estimators': 700, 'num_leaves': 100, 'reg_alpha': 1.0, 'reg_lambda': 0.5, 'subsample': 0.8}",-0.010859364971854359,-0.009675316087184882,-0.009891444354941457,-0.009729878273336072,-0.00954158517508456,-0.009939517772480266,0.0004733986746611498,221
0.32647137641906737,0.024540344191268076,0.004222488403320313,0.0004960486009250526,0.8,0.1,-1,30,700,100,1.0,1.0,0.8,"{'colsample_bytree': 0.8, 'learning_rate': 0.1, 'max_depth': -1, 'min_child_samples': 30, 'n_estimators': 700, 'num_leaves': 100, 'reg_alpha': 1.0, 'reg_lambda': 1.0, 'subsample': 0.8}",-0.010880050971800542,-0.009718820160317151,-0.010027811316954599,-0.009921907730064185,-0.009659708957847318,-0.01004165982739676,0.0004398963456227721,289
0.7208330631256104,0.018893414778026862,0.007361316680908203,0.0008520669025314239,0.8,0.1,20,10,500,31,0.0,0.0,0.8,"{'colsample_bytree': 0.8, 'learning_rate': 0.1, 'max_depth': 20, 'min_child_samples': 10, 'n_estimators': 500, 'num_leaves': 31, 'reg_alpha': 0.0, 'reg_lambda': 0.0, 'subsample': 0.8}",-0.009854920280420785,-0.009777255995794784,-0.010206866249792794,-0.008912768633356617,-0.009827939646768034,-0.009715950161226604,0.0004293511190104143,85
0.7900704383850098,0.0877015499586478,0.008391761779785156,0.000614311341067158,0.8,0.1,20,10,500,31,0.0,0.5,0.8,"{'colsample_bytree': 0.8, 'learning_rate': 0.1, 'max_depth': 20, 'min_child_samples': 10, 'n_estimators': 500, 'num_leaves': 31, 'reg_alpha': 0.0, 'reg_lambda': 0.5, 'subsample': 0.8}",-0.010004534380611028,-0.00940545310914061,-0.009632272790877623,-0.009129003468903548,-0.009958548909061877,-0.009625962531718938,0.00033153065562584194,39
0.9634719848632812,0.00439425240731378,0.008082723617553711,0.0001385628068175401,0.8,0.1,20,10,500,31,0.0,1.0,0.8,"{'colsample_bytree': 0.8, 'learning_rate': 0.1, 'max_depth': 20, 'min_child_samples': 10, 'n_estimators': 500, 'num_leaves': 31, 'reg_alpha': 0.0, 'reg_lambda': 1.0, 'subsample': 0.8}",-0.010136231155358864,-0.009695319901871311,-0.009690197279653713,-0.009177571157578288,-0.009832512092014115,-0.009706366317295257,0.00031006590186440644,75
0.5369470119476318,0.007572510395640419,0.005173587799072265,0.00011520977826092873,0.8,0.1,20,10,500,31,0.5,0.0,0.8,"{'colsample_bytree': 0.8, 'learning_rate': 0.1, 'max_depth': 20, 'min_child_samples': 10, 'n_estimators': 500, 'num_leaves': 31, 'reg_alpha': 0.5, 'reg_lambda': 0.0, 'subsample': 0.8}",-0.010310773811550827,-0.009560271638231654,-0.010022418461827678,-0.009792965561248448,-0.009490898503088957,-0.009835465595189514,0.00030236855745085345,165
0.506125020980835,0.016915713010550667,0.005166196823120117,0.00010994593091008196,0.8,0.1,20,10,500,31,0.5,0.5,0.8,"{'colsample_bytree': 0.8, 'learning_rate': 0.1, 'max_depth': 20, 'min_child_samples': 10, 'n_estimators': 500, 'num_leaves': 31, 'reg_alpha': 0.5, 'reg_lambda': 0.5, 'subsample': 0.8}",-0.010455517613080067,-0.009693156416427436,-0.009735396477102512,-0.009335655665233486,-0.009621687400523422,-0.009768282714473385,0.0003708567434833964,115
0.49394378662109373,0.00959035633727017,0.005081319808959961,4.638392861972212e-05,0.8,0.1,20,10,500,31,0.5,1.0,0.8,"{'colsample_bytree': 0.8, 'learning_rate': 0.1, 'max_depth': 20, 'min_child_samples': 10, 'n_estimators': 500, 'num_leaves': 31, 'reg_alpha': 0.5, 'reg_lambda': 1.0, 'subsample': 0.8}",-0.010624284173706543,-0.009544968864703067,-0.009795872837625405,-0.009862166812202899,-0.009415658349035301,-0.009848590207454645,0.00042054262289725226,177
0.3275339603424072,0.008140690961687772,0.004262876510620117,5.290903112797907e-05,0.8,0.1,20,10,500,31,1.0,0.0,0.8,"{'colsample_bytree': 0.8, 'learning_rate': 0.1, 'max_depth': 20, 'min_child_samples': 10, 'n_estimators': 500, 'num_leaves': 31, 'reg_alpha': 1.0, 'reg_lambda': 0.0, 'subsample': 0.8}",-0.010481296972517935,-0.009603392274261503,-0.010032719449357963,-0.010035137323439624,-0.009710244188068914,-0.009972558041529187,0.0003070644176258317,257
0.3410466194152832,0.008124517820999794,0.004416608810424804,7.121552980414069e-05,0.8,0.1,20,10,500,31,1.0,0.5,0.8,"{'colsample_bytree': 0.8, 'learning_rate': 0.1, 'max_depth': 20, 'min_child_samples': 10, 'n_estimators': 500, 'num_leaves': 31, 'reg_alpha': 1.0, 'reg_lambda': 0.5, 'subsample': 0.8}",-0.01069385204888058,-0.009606026644166649,-0.010178494664379112,-0.009791174826127305,-0.009568514451509101,-0.009967612527012549,0.0004226225279894749,249
0.35493946075439453,0.03689818478143801,0.004352664947509766,3.940348696733116e-05,0.8,0.1,20,10,500,31,1.0,1.0,0.8,"{'colsample_bytree': 0.8, 'learning_rate': 0.1, 'max_depth': 20, 'min_child_samples': 10, 'n_estimators': 500, 'num_leaves': 31, 'reg_alpha': 1.0, 'reg_lambda': 1.0, 'subsample': 0.8}",-0.010506617442001825,-0.00959487873662227,-0.010232613714662536,-0.009828827792583705,-0.00980788573787342,-0.00999416468474875,0.0003289167586530504,265
1.316676712036133,0.018587614811952896,0.0126373291015625,0.002129655641086793,0.8,0.1,20,10,500,50,0.0,0.0,0.8,"{'colsample_bytree': 0.8, 'learning_rate': 0.1, 'max_depth': 20, 'min_child_samples': 10, 'n_estimators': 500, 'num_leaves': 50, 'reg_alpha': 0.0, 'reg_lambda': 0.0, 'subsample': 0.8}",-0.010115153888068171,-0.009655939007499163,-0.009615195080943308,-0.009257074618670454,-0.009680805966099867,-0.009664833712256193,0.0002727100883830198,60
1.394014835357666,0.06864875474923694,0.01200728416442871,0.00030216818935832173,0.8,0.1,20,10,500,50,0.0,0.5,0.8,"{'colsample_bytree': 0.8, 'learning_rate': 0.1, 'max_depth': 20, 'min_child_samples': 10, 'n_estimators': 500, 'num_leaves': 50, 'reg_alpha': 0.0, 'reg_lambda': 0.5, 'subsample': 0.8}",-0.01021497615429211,-0.00967115378627211,-0.009641736395239258,-0.00882195773600312,-0.00975341494281667,-0.009620647802924653,0.00044983434923382494,34
1.3737436771392821,0.1035016897511166,0.012384128570556641,0.0002467439201650797,0.8,0.1,20,10,500,50,0.0,1.0,0.8,"{'colsample_bytree': 0.8, 'learning_rate': 0.1, 'max_depth': 20, 'min_child_samples': 10, 'n_estimators': 500, 'num_leaves': 50, 'reg_alpha': 0.0, 'reg_lambda': 1.0, 'subsample': 0.8}",-0.009785322720423798,-0.009611964117116002,-0.009849925104116784,-0.008956150437729583,-0.009716823193732509,-0.009584037114623734,0.0003236869034587033,20
0.5412664890289307,0.007066609788357679,0.004792213439941406,3.814697265625e-05,0.8,0.1,20,10,500,50,0.5,0.0,0.8,"{'colsample_bytree': 0.8, 'learning_rate': 0.1, 'max_depth': 20, 'min_child_samples': 10, 'n_estimators': 500, 'num_leaves': 50, 'reg_alpha': 0.5, 'reg_lambda': 0.0, 'subsample': 0.8}",-0.010359735584424658,-0.009562656109633843,-0.01005050392322723,-0.009388523634830937,-0.009690452284056017,-0.009810374307234537,0.0003501895578757009,149
0.5525274753570557,0.007418500024914807,0.004890632629394531,6.924677085422023e-05,0.8,0.1,20,10,500,50,0.5,0.5,0.8,"{'colsample_bytree': 0.8, 'learning_rate': 0.1, 'max_depth': 20, 'min_child_samples': 10, 'n_estimators': 500, 'num_leaves': 50, 'reg_alpha': 0.5, 'reg_lambda': 0.5, 'subsample': 0.8}",-0.010431558614312315,-0.009427499285341817,-0.009643522403225002,-0.009275269086472648,-0.00977541019400588,-0.009710651916671531,0.00039953475298730944,77
0.5462356567382812,0.018061734172503525,0.004846954345703125,5.127376548845767e-05,0.8,0.1,20,10,500,50,0.5,1.0,0.8,"{'colsample_bytree': 0.8, 'learning_rate': 0.1, 'max_depth': 20, 'min_child_samples': 10, 'n_estimators': 500, 'num_leaves': 50, 'reg_alpha': 0.5, 'reg_lambda': 1.0, 'subsample': 0.8}",-0.010157430717022842,-0.009725509245302119,-0.00984866101308832,-0.009540863074687213,-0.009496846582537083,-0.009753862126527516,0.0002383627101452325,111
0.3753485202789307,0.016598702083473665,0.004388570785522461,0.00026610038493945327,0.8,0.1,20,10,500,50,1.0,0.0,0.8,"{'colsample_bytree': 0.8, 'learning_rate': 0.1, 'max_depth': 20, 'min_child_samples': 10, 'n_estimators': 500, 'num_leaves': 50, 'reg_alpha': 1.0, 'reg_lambda': 0.0, 'subsample': 0.8}",-0.01030375326712807,-0.009587107280440883,-0.01012034641944002,-0.009801737452276374,-0.009683262234800028,-0.009899241330817075,0.00027059157728358745,201
0.3806461811065674,0.010544429051223703,0.004315900802612305,7.009285644382171e-05,0.8,0.1,20,10,500,50,1.0,0.5,0.8,"{'colsample_bytree': 0.8, 'learning_rate': 0.1, 'max_depth': 20, 'min_child_samples': 10, 'n_estimators': 500, 'num_leaves': 50, 'reg_alpha': 1.0, 'reg_lambda': 0.5, 'subsample': 0.8}",-0.010280503984119152,-0.009750322899611067,-0.010009596472713912,-0.009897325006721996,-0.009695761470374391,-0.009926701966708104,0.00020849626403606514,213
0.3793037891387939,0.005022500552450216,0.004318714141845703,2.599440494956938e-05,0.8,0.1,20,10,500,50,1.0,1.0,0.8,"{'colsample_bytree': 0.8, 'learning_rate': 0.1, 'max_depth': 20, 'min_child_samples': 10, 'n_estimators': 500, 'num_leaves': 50, 'reg_alpha': 1.0, 'reg_lambda': 1.0, 'subsample': 0.8}",-0.01060193360200773,-0.009806553947962456,-0.010066090517319184,-0.009798745604670443,-0.009875123668934237,-0.01002968946817881,0.00030192830269805366,281
2.371723175048828,0.171623959251287,0.019182872772216798,0.0003735388542518944,0.8,0.1,20,10,500,100,0.0,0.0,0.8,"{'colsample_bytree': 0.8, 'learning_rate': 0.1, 'max_depth': 20, 'min_child_samples': 10, 'n_estimators': 500, 'num_leaves': 100, 'reg_alpha': 0.0, 'reg_lambda': 0.0, 'subsample': 0.8}",-0.0100563275118035,-0.009471779788061208,-0.009908276725994194,-0.008862029386036628,-0.009604750397921654,-0.009580632761963437,0.00041532096127601506,18
2.193131160736084,0.16692750841974527,0.01928400993347168,0.0012045318414500366,0.8,0.1,20,10,500,100,0.0,0.5,0.8,"{'colsample_bytree': 0.8, 'learning_rate': 0.1, 'max_depth': 20, 'min_child_samples': 10, 'n_estimators': 500, 'num_leaves': 100, 'reg_alpha': 0.0, 'reg_lambda': 0.5, 'subsample': 0.8}",-0.010336300171910891,-0.00981960346021502,-0.009767587692216834,-0.009045683915094409,-0.009708431327748344,-0.0097355213134371,0.00041125242864224667,106
2.287752103805542,0.1932717172582303,0.018890523910522462,0.0011322713001647479,0.8,0.1,20,10,500,100,0.0,1.0,0.8,"{'colsample_bytree': 0.8, 'learning_rate': 0.1, 'max_depth': 20, 'min_child_samples': 10, 'n_estimators': 500, 'num_leaves': 100, 'reg_alpha': 0.0, 'reg_lambda': 1.0, 'subsample': 0.8}",-0.010165554329082815,-0.009282086013160953,-0.010003330482733693,-0.009029093269823683,-0.009999155268504723,-0.009695843872661173,0.00045231088065104957,71
0.5350858688354492,0.028062580842726195,0.004635286331176758,0.0004511706949764695,0.8,0.1,20,10,500,100,0.5,0.0,0.8,"{'colsample_bytree': 0.8, 'learning_rate': 0.1, 'max_depth': 20, 'min_child_samples': 10, 'n_estimators': 500, 'num_leaves': 100, 'reg_alpha': 0.5, 'reg_lambda': 0.0, 'subsample': 0.8}",-0.010443008911456293,-0.009639347163114577,-0.00974690829748251,-0.009520024758432938,-0.009708981276503261,-0.009811654081397916,0.00032498614707064373,153
0.48511128425598143,0.008723030594050421,0.004279899597167969,4.2464055718331586e-05,0.8,0.1,20,10,500,100,0.5,0.5,0.8,"{'colsample_bytree': 0.8, 'learning_rate': 0.1, 'max_depth': 20, 'min_child_samples': 10, 'n_estimators': 500, 'num_leaves': 100, 'reg_alpha': 0.5, 'reg_lambda': 0.5, 'subsample': 0.8}",-0.010347527533372411,-0.00952347413594662,-0.009673638491750647,-0.00974064853517838,-0.009348958431578543,-0.009726849425565318,0.0003383566887703973,100
0.5186354160308838,0.022939503577083104,0.004595279693603516,0.0002753421014213763,0.8,0.1,20,10,500,100,0.5,1.0,0.8,"{'colsample_bytree': 0.8, 'learning_rate': 0.1, 'max_depth': 20, 'min_child_samples': 10, 'n_estimators': 500, 'num_leaves': 100, 'reg_alpha': 0.5, 'reg_lambda': 1.0, 'subsample': 0.8}",-0.010462243493009189,-0.009597678118259172,-0.00993336341606669,-0.0097083037002035,-0.009648764894290422,-0.009870070724365795,0.00031749555119363766,193
0.3674186706542969,0.019777869942087252,0.0039046764373779296,0.00014428871793503844,0.8,0.1,20,10,500,100,1.0,0.0,0.8,"{'colsample_bytree': 0.8, 'learning_rate': 0.1, 'max_depth': 20, 'min_child_samples': 10, 'n_estimators': 500, 'num_leaves': 100, 'reg_alpha': 1.0, 'reg_lambda': 0.0, 'subsample': 0.8}",-0.010500493772855496,-0.009732386923260292,-0.010075087561437891,-0.010056445498538695,-0.009828972834612804,-0.010038677318141034,0.00026559579375609756,285
0.30765976905822756,0.010098679341557915,0.0036693096160888674,4.379312543320067e-05,0.8,0.1,20,10,500,100,1.0,0.5,0.8,"{'colsample_bytree': 0.8, 'learning_rate': 0.1, 'max_depth': 20, 'min_child_samples': 10, 'n_estimators': 500, 'num_leaves': 100, 'reg_alpha': 1.0, 'reg_lambda': 0.5, 'subsample': 0.8}",-0.010779115593284178,-0.009601896594479714,-0.00999766374091274,-0.0100010815143556,-0.009590112573676939,-0.009993974003341833,0.0004320509682998873,261
0.303240966796875,0.017447409411687223,0.0035693168640136717,2.9921446188390424e-05,0.8,0.1,20,10,500,100,1.0,1.0,0.8,"{'colsample_bytree': 0.8, 'learning_rate': 0.1, 'max_depth': 20, 'min_child_samples': 10, 'n_estimators': 500, 'num_leaves': 100, 'reg_alpha': 1.0, 'reg_lambda': 1.0, 'subsample': 0.8}",-0.010537924111191997,-0.009954938460416911,-0.010285309699539367,-0.009936053363496788,-0.009597280372347342,-0.01006230120139848,0.00032238473560044405,301
1.0485613346099854,0.07827449054064313,0.011054706573486329,0.0007169689387437905,0.8,0.1,20,10,700,31,0.0,0.0,0.8,"{'colsample_bytree': 0.8, 'learning_rate': 0.1, 'max_depth': 20, 'min_child_samples': 10, 'n_estimators': 700, 'num_leaves': 31, 'reg_alpha': 0.0, 'reg_lambda': 0.0, 'subsample': 0.8}",-0.00984997439034934,-0.009777169624557736,-0.01020572569889073,-0.008905663361720762,-0.00983625642107265,-0.009714957899318245,0.0004318851154345958,83
1.2401783466339111,0.03062521225981666,0.01304640769958496,0.0008653800260609374,0.8,0.1,20,10,700,31,0.0,0.5,0.8,"{'colsample_bytree': 0.8, 'learning_rate': 0.1, 'max_depth': 20, 'min_child_samples': 10, 'n_estimators': 700, 'num_leaves': 31, 'reg_alpha': 0.0, 'reg_lambda': 0.5, 'subsample': 0.8}",-0.009998616178899248,-0.009407271497541735,-0.009628463390166339,-0.009122400792474786,-0.009960554601906957,-0.009623461292197814,0.00033232446829772975,37
1.3272634983062743,0.00594406744746783,0.01324772834777832,0.0009887383992907234,0.8,0.1,20,10,700,31,0.0,1.0,0.8,"{'colsample_bytree': 0.8, 'learning_rate': 0.1, 'max_depth': 20, 'min_child_samples': 10, 'n_estimators': 700, 'num_leaves': 31, 'reg_alpha': 0.0, 'reg_lambda': 1.0, 'subsample': 0.8}",-0.010130016999416801,-0.00969343737594098,-0.009684295249541914,-0.009172935728657291,-0.009838877455008624,-0.009703912561713122,0.00031055159956078747,73
0.5688835620880127,0.012461461504905801,0.0051651477813720705,0.0001242470016358134,0.8,0.1,20,10,700,31,0.5,0.0,0.8,"{'colsample_bytree': 0.8, 'learning_rate': 0.1, 'max_depth': 20, 'min_child_samples': 10, 'n_estimators': 700, 'num_leaves': 31, 'reg_alpha': 0.5, 'reg_lambda': 0.0, 'subsample': 0.8}",-0.010310773811550827,-0.009560271638231654,-0.010022418461827678,-0.009792965561248448,-0.009490898503088957,-0.009835465595189514,0.00030236855745085345,165
0.52534499168396,0.046836183961058424,0.0048504829406738285,0.00024381517160651438,0.8,0.1,20,10,700,31,0.5,0.5,0.8,"{'colsample_bytree': 0.8, 'learning_rate': 0.1, 'max_depth': 20, 'min_child_samples': 10, 'n_estimators': 700, 'num_leaves': 31, 'reg_alpha': 0.5, 'reg_lambda': 0.5, 'subsample': 0.8}",-0.010455517613080067,-0.009693156416427436,-0.009735396477102512,-0.009335655665233486,-0.009621687400523422,-0.009768282714473385,0.0003708567434833964,115
0.4509119033813477,0.014841704298609162,0.004354429244995117,0.00016619231407890217,0.8,0.1,20,10,700,31,0.5,1.0,0.8,"{'colsample_bytree': 0.8, 'learning_rate': 0.1, 'max_depth': 20, 'min_child_samples': 10, 'n_estimators': 700, 'num_leaves': 31, 'reg_alpha': 0.5, 'reg_lambda': 1.0, 'subsample': 0.8}",-0.010624284173706543,-0.009544968864703067,-0.009795872837625405,-0.009862166812202899,-0.009415658349035301,-0.009848590207454645,0.00042054262289725226,177
0.3661923885345459,0.012883375433698151,0.00393381118774414,0.0003635257948575517,0.8,0.1,20,10,700,31,1.0,0.0,0.8,"{'colsample_bytree': 0.8, 'learning_rate': 0.1, 'max_depth': 20, 'min_child_samples': 10, 'n_estimators': 700, 'num_leaves': 31, 'reg_alpha': 1.0, 'reg_lambda': 0.0, 'subsample': 0.8}",-0.010481296972517935,-0.009603392274261503,-0.010032719449357963,-0.010035137323439624,-0.009710244188068914,-0.009972558041529187,0.0003070644176258317,257
0.36220731735229494,0.011214566415655233,0.003935098648071289,0.00022837050263040188,0.8,0.1,20,10,700,31,1.0,0.5,0.8,"{'colsample_bytree': 0.8, 'learning_rate': 0.1, 'max_depth': 20, 'min_child_samples': 10, 'n_estimators': 700, 'num_leaves': 31, 'reg_alpha': 1.0, 'reg_lambda': 0.5, 'subsample': 0.8}",-0.01069385204888058,-0.009606026644166649,-0.010178494664379112,-0.009791174826127305,-0.009568514451509101,-0.009967612527012549,0.0004226225279894749,249
0.39363598823547363,0.0076948557410106855,0.004285240173339843,0.0001558346292531268,0.8,0.1,20,10,700,31,1.0,1.0,0.8,"{'colsample_bytree': 0.8, 'learning_rate': 0.1, 'max_depth': 20, 'min_child_samples': 10, 'n_estimators': 700, 'num_leaves': 31, 'reg_alpha': 1.0, 'reg_lambda': 1.0, 'subsample': 0.8}",-0.010506617442001825,-0.00959487873662227,-0.010232613714662536,-0.009828827792583705,-0.00980788573787342,-0.00999416468474875,0.0003289167586530504,265
2.023190402984619,0.003932959478989736,0.018276357650756837,0.0010798534508231702,0.8,0.1,20,10,700,50,0.0,0.0,0.8,"{'colsample_bytree': 0.8, 'learning_rate': 0.1, 'max_depth': 20, 'min_child_samples': 10, 'n_estimators': 700, 'num_leaves': 50, 'reg_alpha': 0.0, 'reg_lambda': 0.0, 'subsample': 0.8}",-0.010115339939373368,-0.009655728519350957,-0.009615375665246275,-0.009256433393614236,-0.009680810315707084,-0.009664737566658385,0.00027295819809195236,59
1.7603882789611816,0.1925732657630434,0.019314050674438477,0.002247107738489732,0.8,0.1,20,10,700,50,0.0,0.5,0.8,"{'colsample_bytree': 0.8, 'learning_rate': 0.1, 'max_depth': 20, 'min_child_samples': 10, 'n_estimators': 700, 'num_leaves': 50, 'reg_alpha': 0.0, 'reg_lambda': 0.5, 'subsample': 0.8}",-0.01021463004290922,-0.00967182825320227,-0.009642065703856945,-0.008821842933772911,-0.009752523626819432,-0.009620578112112154,0.0004497495956668467,33
2.081593418121338,0.010000517972803465,0.017880964279174804,0.0005808815582675202,0.8,0.1,20,10,700,50,0.0,1.0,0.8,"{'colsample_bytree': 0.8, 'learning_rate': 0.1, 'max_depth': 20, 'min_child_samples': 10, 'n_estimators': 700, 'num_leaves': 50, 'reg_alpha': 0.0, 'reg_lambda': 1.0, 'subsample': 0.8}",-0.009784961426975781,-0.009612871576721532,-0.009849933838919927,-0.008956442513186327,-0.009716905084163492,-0.009584222887993413,0.00032355271039332344,21
0.5647570133209229,0.006861091457060688,0.004844284057617188,9.585323576472715e-05,0.8,0.1,20,10,700,50,0.5,0.0,0.8,"{'colsample_bytree': 0.8, 'learning_rate': 0.1, 'max_depth': 20, 'min_child_samples': 10, 'n_estimators': 700, 'num_leaves': 50, 'reg_alpha': 0.5, 'reg_lambda': 0.0, 'subsample': 0.8}",-0.010359735584424658,-0.009562656109633843,-0.01005050392322723,-0.009388523634830937,-0.009690452284056017,-0.009810374307234537,0.0003501895578757009,149
0.575663709640503,0.00784337741928742,0.004930830001831055,8.533128514685918e-05,0.8,0.1,20,10,700,50,0.5,0.5,0.8,"{'colsample_bytree': 0.8, 'learning_rate': 0.1, 'max_depth': 20, 'min_child_samples': 10, 'n_estimators': 700, 'num_leaves': 50, 'reg_alpha': 0.5, 'reg_lambda': 0.5, 'subsample': 0.8}",-0.010431558614312315,-0.009427499285341817,-0.009643522403225002,-0.009275269086472648,-0.00977541019400588,-0.009710651916671531,0.00039953475298730944,77
0.5658698558807373,0.008766353662042765,0.00483236312866211,2.8832919980051823e-05,0.8,0.1,20,10,700,50,0.5,1.0,0.8,"{'colsample_bytree': 0.8, 'learning_rate': 0.1, 'max_depth': 20, 'min_child_samples': 10, 'n_estimators': 700, 'num_leaves': 50, 'reg_alpha': 0.5, 'reg_lambda': 1.0, 'subsample': 0.8}",-0.010157430717022842,-0.009725509245302119,-0.00984866101308832,-0.009540863074687213,-0.009496846582537083,-0.009753862126527516,0.0002383627101452325,111
0.40398101806640624,0.016457968828323583,0.004403495788574218,0.0002295122603885509,0.8,0.1,20,10,700,50,1.0,0.0,0.8,"{'colsample_bytree': 0.8, 'learning_rate': 0.1, 'max_depth': 20, 'min_child_samples': 10, 'n_estimators': 700, 'num_leaves': 50, 'reg_alpha': 1.0, 'reg_lambda': 0.0, 'subsample': 0.8}",-0.01030375326712807,-0.009587107280440883,-0.01012034641944002,-0.009801737452276374,-0.009683262234800028,-0.009899241330817075,0.00027059157728358745,201
0.40597920417785643,0.010988488140621299,0.004297828674316407,5.75275129927344e-05,0.8,0.1,20,10,700,50,1.0,0.5,0.8,"{'colsample_bytree': 0.8, 'learning_rate': 0.1, 'max_depth': 20, 'min_child_samples': 10, 'n_estimators': 700, 'num_leaves': 50, 'reg_alpha': 1.0, 'reg_lambda': 0.5, 'subsample': 0.8}",-0.010280503984119152,-0.009750322899611067,-0.010009596472713912,-0.009897325006721996,-0.009695761470374391,-0.009926701966708104,0.00020849626403606514,213
0.40392189025878905,0.002786319407520761,0.00429224967956543,3.843289746794884e-05,0.8,0.1,20,10,700,50,1.0,1.0,0.8,"{'colsample_bytree': 0.8, 'learning_rate': 0.1, 'max_depth': 20, 'min_child_samples': 10, 'n_estimators': 700, 'num_leaves': 50, 'reg_alpha': 1.0, 'reg_lambda': 1.0, 'subsample': 0.8}",-0.01060193360200773,-0.009806553947962456,-0.010066090517319184,-0.009798745604670443,-0.009875123668934237,-0.01002968946817881,0.00030192830269805366,281
3.145628499984741,0.32419170339115105,0.026271486282348634,0.0008290009843247929,0.8,0.1,20,10,700,100,0.0,0.0,0.8,"{'colsample_bytree': 0.8, 'learning_rate': 0.1, 'max_depth': 20, 'min_child_samples': 10, 'n_estimators': 700, 'num_leaves': 100, 'reg_alpha': 0.0, 'reg_lambda': 0.0, 'subsample': 0.8}",-0.010056695503079905,-0.009471467433574453,-0.00990820366340775,-0.008861825831128314,-0.009604755457778632,-0.009580589577793812,0.0004154806365693301,17
3.0705544471740724,0.23281739684767708,0.026510286331176757,0.0015531416944869333,0.8,0.1,20,10,700,100,0.0,0.5,0.8,"{'colsample_bytree': 0.8, 'learning_rate': 0.1, 'max_depth': 20, 'min_child_samples': 10, 'n_estimators': 700, 'num_leaves': 100, 'reg_alpha': 0.0, 'reg_lambda': 0.5, 'subsample': 0.8}",-0.010336466412425022,-0.009819518015738923,-0.009767425139703809,-0.009044922949597899,-0.009708603943633438,-0.009735387292219818,0.0004115480208315273,105
3.1401422023773193,0.389757043976149,0.02657470703125,0.0020397796139286803,0.8,0.1,20,10,700,100,0.0,1.0,0.8,"{'colsample_bytree': 0.8, 'learning_rate': 0.1, 'max_depth': 20, 'min_child_samples': 10, 'n_estimators': 700, 'num_leaves': 100, 'reg_alpha': 0.0, 'reg_lambda': 1.0, 'subsample': 0.8}",-0.010166851779289816,-0.009282065252332532,-0.010003012629349717,-0.0090283870512998,-0.009999364473401611,-0.009695936237134696,0.00045277746424331677,72
0.5327657699584961,0.009175923842445722,0.0045470714569091795,0.000200930793471387,0.8,0.1,20,10,700,100,0.5,0.0,0.8,"{'colsample_bytree': 0.8, 'learning_rate': 0.1, 'max_depth': 20, 'min_child_samples': 10, 'n_estimators': 700, 'num_leaves': 100, 'reg_alpha': 0.5, 'reg_lambda': 0.0, 'subsample': 0.8}",-0.010443008911456293,-0.009639347163114577,-0.00974690829748251,-0.009520024758432938,-0.009708981276503261,-0.009811654081397916,0.00032498614707064373,153
0.5152997970581055,0.00965329554938768,0.004309940338134766,9.24138707455089e-05,0.8,0.1,20,10,700,100,0.5,0.5,0.8,"{'colsample_bytree': 0.8, 'learning_rate': 0.1, 'max_depth': 20, 'min_child_samples': 10, 'n_estimators': 700, 'num_leaves': 100, 'reg_alpha': 0.5, 'reg_lambda': 0.5, 'subsample': 0.8}",-0.010347527533372411,-0.00952347413594662,-0.009673638491750647,-0.00974064853517838,-0.009348958431578543,-0.009726849425565318,0.0003383566887703973,100
0.47056355476379397,0.03160086928053229,0.004162120819091797,0.00022135428025146916,0.8,0.1,20,10,700,100,0.5,1.0,0.8,"{'colsample_bytree': 0.8, 'learning_rate': 0.1, 'max_depth': 20, 'min_child_samples': 10, 'n_estimators': 700, 'num_leaves': 100, 'reg_alpha': 0.5, 'reg_lambda': 1.0, 'subsample': 0.8}",-0.010462243493009189,-0.009597678118259172,-0.00993336341606669,-0.0097083037002035,-0.009648764894290422,-0.009870070724365795,0.00031749555119363766,193
0.39792394638061523,0.02244640081253125,0.004053544998168945,0.00042934221248609294,0.8,0.1,20,10,700,100,1.0,0.0,0.8,"{'colsample_bytree': 0.8, 'learning_rate': 0.1, 'max_depth': 20, 'min_child_samples': 10, 'n_estimators': 700, 'num_leaves': 100, 'reg_alpha': 1.0, 'reg_lambda': 0.0, 'subsample': 0.8}",-0.010500493772855496,-0.009732386923260292,-0.010075087561437891,-0.010056445498538695,-0.009828972834612804,-0.010038677318141034,0.00026559579375609756,285
0.3823415756225586,0.023075133857381858,0.004024410247802734,0.0002733665299968467,0.8,0.1,20,10,700,100,1.0,0.5,0.8,"{'colsample_bytree': 0.8, 'learning_rate': 0.1, 'max_depth': 20, 'min_child_samples': 10, 'n_estimators': 700, 'num_leaves': 100, 'reg_alpha': 1.0, 'reg_lambda': 0.5, 'subsample': 0.8}",-0.010779115593284178,-0.009601896594479714,-0.00999766374091274,-0.0100010815143556,-0.009590112573676939,-0.009993974003341833,0.0004320509682998873,261
0.40628504753112793,0.008816081945219097,0.004158782958984375,0.0002796885252058156,0.8,0.1,20,10,700,100,1.0,1.0,0.8,"{'colsample_bytree': 0.8, 'learning_rate': 0.1, 'max_depth': 20, 'min_child_samples': 10, 'n_estimators': 700, 'num_leaves': 100, 'reg_alpha': 1.0, 'reg_lambda': 1.0, 'subsample': 0.8}",-0.010537924111191997,-0.009954938460416911,-0.010285309699539367,-0.009936053363496788,-0.009597280372347342,-0.01006230120139848,0.00032238473560044405,301
0.7505547046661377,0.07653280943307098,0.009204530715942382,0.0009996498342653632,0.8,0.1,20,20,500,31,0.0,0.0,0.8,"{'colsample_bytree': 0.8, 'learning_rate': 0.1, 'max_depth': 20, 'min_child_samples': 20, 'n_estimators': 500, 'num_leaves': 31, 'reg_alpha': 0.0, 'reg_lambda': 0.0, 'subsample': 0.8}",-0.010278724400772477,-0.0093721820487586,-0.009821320553498502,-0.008939232529640165,-0.010148860061621537,-0.009712063918858257,0.0004973168056867281,82
0.8835892677307129,0.02928309190392287,0.00926971435546875,0.0003507871278710121,0.8,0.1,20,20,500,31,0.0,0.5,0.8,"{'colsample_bytree': 0.8, 'learning_rate': 0.1, 'max_depth': 20, 'min_child_samples': 20, 'n_estimators': 500, 'num_leaves': 31, 'reg_alpha': 0.0, 'reg_lambda': 0.5, 'subsample': 0.8}",-0.010119086017020485,-0.009730137300425915,-0.009956432717819893,-0.009063753925886497,-0.009725738837014703,-0.009719029759633499,0.00035943288138530797,89
0.8821016311645508,0.031757977170472,0.009860467910766602,0.000764431067515461,0.8,0.1,20,20,500,31,0.0,1.0,0.8,"{'colsample_bytree': 0.8, 'learning_rate': 0.1, 'max_depth': 20, 'min_child_samples': 20, 'n_estimators': 500, 'num_leaves': 31, 'reg_alpha': 0.0, 'reg_lambda': 1.0, 'subsample': 0.8}",-0.00996616526318446,-0.009503758890797982,-0.009856716652705724,-0.008906769613485938,-0.009910045948604274,-0.009628691273755674,0.00039542981777391443,42
0.5104724884033203,0.01567010964821038,0.005242538452148437,8.526435080872798e-05,0.8,0.1,20,20,500,31,0.5,0.0,0.8,"{'colsample_bytree': 0.8, 'learning_rate': 0.1, 'max_depth': 20, 'min_child_samples': 20, 'n_estimators': 500, 'num_leaves': 31, 'reg_alpha': 0.5, 'reg_lambda': 0.0, 'subsample': 0.8}",-0.010105438511065773,-0.009635305860575327,-0.010112216077295521,-0.00951247870644112,-0.00952667244850916,-0.00977842232077738,0.00027310956994411247,124
0.5076978206634521,0.01924259559164363,0.00526723861694336,0.00017676184303291423,0.8,0.1,20,20,500,31,0.5,0.5,0.8,"{'colsample_bytree': 0.8, 'learning_rate': 0.1, 'max_depth': 20, 'min_child_samples': 20, 'n_estimators': 500, 'num_leaves': 31, 'reg_alpha': 0.5, 'reg_lambda': 0.5, 'subsample': 0.8}",-0.01038153265323549,-0.009740687518155548,-0.009808280050954134,-0.009294294105632895,-0.009725449964395247,-0.009790048858474662,0.0003471506272048139,143
0.5106176376342774,0.01905390013865588,0.0051899909973144535,0.00014623155109365888,0.8,0.1,20,20,500,31,0.5,1.0,0.8,"{'colsample_bytree': 0.8, 'learning_rate': 0.1, 'max_depth': 20, 'min_child_samples': 20, 'n_estimators': 500, 'num_leaves': 31, 'reg_alpha': 0.5, 'reg_lambda': 1.0, 'subsample': 0.8}",-0.010341949666481429,-0.009559453029390017,-0.009801107426566527,-0.009223812309783678,-0.009700758794954321,-0.009725416245435194,0.0003648563830806295,95
0.336897611618042,0.010919335185758848,0.004399156570434571,7.676776145535385e-05,0.8,0.1,20,20,500,31,1.0,0.0,0.8,"{'colsample_bytree': 0.8, 'learning_rate': 0.1, 'max_depth': 20, 'min_child_samples': 20, 'n_estimators': 500, 'num_leaves': 31, 'reg_alpha': 1.0, 'reg_lambda': 0.0, 'subsample': 0.8}",-0.010547232382160609,-0.009869027979865302,-0.010256785150516826,-0.010048593916547546,-0.009625331296858093,-0.010069394145189675,0.0003166120125881919,305
0.3258822441101074,0.009671846419365476,0.00440526008605957,9.679348000445828e-05,0.8,0.1,20,20,500,31,1.0,0.5,0.8,"{'colsample_bytree': 0.8, 'learning_rate': 0.1, 'max_depth': 20, 'min_child_samples': 20, 'n_estimators': 500, 'num_leaves': 31, 'reg_alpha': 1.0, 'reg_lambda': 0.5, 'subsample': 0.8}",-0.010577432945356253,-0.00990779188583384,-0.009945719285386206,-0.00967841694835924,-0.00970124238649667,-0.00996212069028644,0.0003256916022518146,245
0.33675436973571776,0.012289564766999841,0.004454469680786133,0.00015103598512546253,0.8,0.1,20,20,500,31,1.0,1.0,0.8,"{'colsample_bytree': 0.8, 'learning_rate': 0.1, 'max_depth': 20, 'min_child_samples': 20, 'n_estimators': 500, 'num_leaves': 31, 'reg_alpha': 1.0, 'reg_lambda': 1.0, 'subsample': 0.8}",-0.010518692012965443,-0.00992881618302274,-0.010369091941956895,-0.009943658465256673,-0.009674223116604127,-0.010086896343961173,0.0003104472499650704,317
1.319220781326294,0.0389937475028219,0.013791036605834962,0.00016086675217562865,0.8,0.1,20,20,500,50,0.0,0.0,0.8,"{'colsample_bytree': 0.8, 'learning_rate': 0.1, 'max_depth': 20, 'min_child_samples': 20, 'n_estimators': 500, 'num_leaves': 50, 'reg_alpha': 0.0, 'reg_lambda': 0.0, 'subsample': 0.8}",-0.009884576372453996,-0.009549394116593501,-0.00969278693732006,-0.009222432754887109,-0.009324367800920845,-0.009534711596435102,0.00024057071246631347,8
1.391111421585083,0.010541680177465875,0.014318180084228516,0.0006694202621156842,0.8,0.1,20,20,500,50,0.0,0.5,0.8,"{'colsample_bytree': 0.8, 'learning_rate': 0.1, 'max_depth': 20, 'min_child_samples': 20, 'n_estimators': 500, 'num_leaves': 50, 'reg_alpha': 0.0, 'reg_lambda': 0.5, 'subsample': 0.8}",-0.009832771694025877,-0.009728963196085856,-0.009964822352571375,-0.00880542164516452,-0.009535489737885745,-0.009573493725146674,0.0004088796740553818,12
1.3043221950531005,0.02439893382568493,0.014418888092041015,0.001818330228585281,0.8,0.1,20,20,500,50,0.0,1.0,0.8,"{'colsample_bytree': 0.8, 'learning_rate': 0.1, 'max_depth': 20, 'min_child_samples': 20, 'n_estimators': 500, 'num_leaves': 50, 'reg_alpha': 0.0, 'reg_lambda': 1.0, 'subsample': 0.8}",-0.01027244922303005,-0.009536596629345436,-0.00974082527577017,-0.008956838893432526,-0.009710070673458145,-0.009643356139007266,0.00042247193787714796,48
0.44687528610229493,0.011618171956828658,0.004520511627197266,7.686795428976642e-05,0.8,0.1,20,20,500,50,0.5,0.0,0.8,"{'colsample_bytree': 0.8, 'learning_rate': 0.1, 'max_depth': 20, 'min_child_samples': 20, 'n_estimators': 500, 'num_leaves': 50, 'reg_alpha': 0.5, 'reg_lambda': 0.0, 'subsample': 0.8}",-0.010535771435279782,-0.009687029299703921,-0.00996204357844895,-0.009487914340405036,-0.009523548302552769,-0.009839261391278092,0.00038639250022132166,169
0.40421695709228517,0.01941751587099875,0.004620504379272461,0.0004764988509740216,0.8,0.1,20,20,500,50,0.5,0.5,0.8,"{'colsample_bytree': 0.8, 'learning_rate': 0.1, 'max_depth': 20, 'min_child_samples': 20, 'n_estimators': 500, 'num_leaves': 50, 'reg_alpha': 0.5, 'reg_lambda': 0.5, 'subsample': 0.8}",-0.010374966247506041,-0.009519502685466535,-0.010108011899053587,-0.009382555558749932,-0.009540247653639916,-0.0097850568088832,0.0003859406450107697,131
0.3980390548706055,0.016487677022181346,0.004632329940795899,0.0004140344287049028,0.8,0.1,20,20,500,50,0.5,1.0,0.8,"{'colsample_bytree': 0.8, 'learning_rate': 0.1, 'max_depth': 20, 'min_child_samples': 20, 'n_estimators': 500, 'num_leaves': 50, 'reg_alpha': 0.5, 'reg_lambda': 1.0, 'subsample': 0.8}",-0.010617830620979221,-0.009662936068193314,-0.009736592792608764,-0.009358025822381478,-0.009733371423934462,-0.009821751345619448,0.0004216797020515757,158
0.2815218925476074,0.017036935327196148,0.0040454864501953125,0.00041637976560145043,0.8,0.1,20,20,500,50,1.0,0.0,0.8,"{'colsample_bytree': 0.8, 'learning_rate': 0.1, 'max_depth': 20, 'min_child_samples': 20, 'n_estimators': 500, 'num_leaves': 50, 'reg_alpha': 1.0, 'reg_lambda': 0.0, 'subsample': 0.8}",-0.010921759916702235,-0.009761980826722907,-0.010047917497877451,-0.009853622975853972,-0.009841034220291093,-0.010085263087489532,0.000428704546130392,313
0.3055248737335205,0.02856356897392153,0.004091024398803711,0.0004517826614136859,0.8,0.1,20,20,500,50,1.0,0.5,0.8,"{'colsample_bytree': 0.8, 'learning_rate': 0.1, 'max_depth': 20, 'min_child_samples': 20, 'n_estimators': 500, 'num_leaves': 50, 'reg_alpha': 1.0, 'reg_lambda': 0.5, 'subsample': 0.8}",-0.010610538999383357,-0.009642428213372075,-0.010038219145007677,-0.009911601415146099,-0.009658702704242066,-0.009972298095430255,0.00035285615531469174,253
0.26496233940124514,0.01046019347457617,0.003660297393798828,0.00021243331406948823,0.8,0.1,20,20,500,50,1.0,1.0,0.8,"{'colsample_bytree': 0.8, 'learning_rate': 0.1, 'max_depth': 20, 'min_child_samples': 20, 'n_estimators': 500, 'num_leaves': 50, 'reg_alpha': 1.0, 'reg_lambda': 1.0, 'subsample': 0.8}",-0.010225463876463586,-0.009829325015245383,-0.010059309738645855,-0.009988495640280409,-0.010248885461393176,-0.01007029594640568,0.0001554672170519015,309
1.364540958404541,0.09988323981291401,0.016617441177368165,0.0006850732346110577,0.8,0.1,20,20,500,100,0.0,0.0,0.8,"{'colsample_bytree': 0.8, 'learning_rate': 0.1, 'max_depth': 20, 'min_child_samples': 20, 'n_estimators': 500, 'num_leaves': 100, 'reg_alpha': 0.0, 'reg_lambda': 0.0, 'subsample': 0.8}",-0.01001118329584349,-0.009530851900345612,-0.00998293589817177,-0.008981318595340227,-0.009411292158798504,-0.00958351636969992,0.0003840603713060015,19
1.4715376377105713,0.09078315271262216,0.017488956451416016,0.002519621247110637,0.8,0.1,20,20,500,100,0.0,0.5,0.8,"{'colsample_bytree': 0.8, 'learning_rate': 0.1, 'max_depth': 20, 'min_child_samples': 20, 'n_estimators': 500, 'num_leaves': 100, 'reg_alpha': 0.0, 'reg_lambda': 0.5, 'subsample': 0.8}",-0.009958989201759146,-0.00958548014228217,-0.009833607140060366,-0.008891308298127811,-0.00978720131296615,-0.009611317219039128,0.0003795534828663411,31
1.5496532917022705,0.08175225989244235,0.016640615463256837,0.0004069015340255699,0.8,0.1,20,20,500,100,0.0,1.0,0.8,"{'colsample_bytree': 0.8, 'learning_rate': 0.1, 'max_depth': 20, 'min_child_samples': 20, 'n_estimators': 500, 'num_leaves': 100, 'reg_alpha': 0.0, 'reg_lambda': 1.0, 'subsample': 0.8}",-0.009914338362047739,-0.009771261080086913,-0.009697395861779035,-0.008881171044012842,-0.009608145544677885,-0.009574462378520884,0.00036087268796868114,13
0.41549224853515626,0.030609723141151998,0.00493779182434082,0.0008659428646660677,0.8,0.1,20,20,500,100,0.5,0.0,0.8,"{'colsample_bytree': 0.8, 'learning_rate': 0.1, 'max_depth': 20, 'min_child_samples': 20, 'n_estimators': 500, 'num_leaves': 100, 'reg_alpha': 0.5, 'reg_lambda': 0.0, 'subsample': 0.8}",-0.01039376176961502,-0.009674844836502331,-0.010121378258144931,-0.00932003766397796,-0.009708374404102367,-0.009843679386468521,0.0003743582478393544,173
0.45314459800720214,0.04404642552112226,0.004972982406616211,0.0003635775736483132,0.8,0.1,20,20,500,100,0.5,0.5,0.8,"{'colsample_bytree': 0.8, 'learning_rate': 0.1, 'max_depth': 20, 'min_child_samples': 20, 'n_estimators': 500, 'num_leaves': 100, 'reg_alpha': 0.5, 'reg_lambda': 0.5, 'subsample': 0.8}",-0.010367663011912574,-0.009636362229912236,-0.009713399068793123,-0.009582025910844515,-0.009642009193324391,-0.009788291882957368,0.00029267959774900693,139
0.49669294357299804,0.028658957068208826,0.005814266204833984,0.0013812868099159633,0.8,0.1,20,20,500,100,0.5,1.0,0.8,"{'colsample_bytree': 0.8, 'learning_rate': 0.1, 'max_depth': 20, 'min_child_samples': 20, 'n_estimators': 500, 'num_leaves': 100, 'reg_alpha': 0.5, 'reg_lambda': 1.0, 'subsample': 0.8}",-0.010599736666634023,-0.009604742971085356,-0.009770221301597168,-0.009658262425521218,-0.009942959354626352,-0.009915184543892824,0.0003613254310212226,209
0.32820377349853513,0.006702515603712401,0.004403305053710937,5.7046028345478954e-05,0.8,0.1,20,20,500,100,1.0,0.0,0.8,"{'colsample_bytree': 0.8, 'learning_rate': 0.1, 'max_depth': 20, 'min_child_samples': 20, 'n_estimators': 500, 'num_leaves': 100, 'reg_alpha': 1.0, 'reg_lambda': 0.0, 'subsample': 0.8}",-0.010583924318435077,-0.009938817068869118,-0.01006374899572305,-0.009758968257849764,-0.009781725004766003,-0.010025436729128602,0.00030042637484145834,277
0.3254977226257324,0.007414397458675758,0.004365110397338867,8.52509096267328e-05,0.8,0.1,20,20,500,100,1.0,0.5,0.8,"{'colsample_bytree': 0.8, 'learning_rate': 0.1, 'max_depth': 20, 'min_child_samples': 20, 'n_estimators': 500, 'num_leaves': 100, 'reg_alpha': 1.0, 'reg_lambda': 0.5, 'subsample': 0.8}",-0.01061499745300458,-0.009777172313822684,-0.00989155437390462,-0.009913596311489708,-0.009869218524910899,-0.010013307795426498,0.0003044070969171293,273
0.33960280418395994,0.012494324502343446,0.004491281509399414,6.825493786683885e-05,0.8,0.1,20,20,500,100,1.0,1.0,0.8,"{'colsample_bytree': 0.8, 'learning_rate': 0.1, 'max_depth': 20, 'min_child_samples': 20, 'n_estimators': 500, 'num_leaves': 100, 'reg_alpha': 1.0, 'reg_lambda': 1.0, 'subsample': 0.8}",-0.010633116525096147,-0.009940312051702739,-0.010014218945966534,-0.01011881540219874,-0.009850331859323394,-0.01011135895685751,0.00027535973914769436,321
1.2153602123260498,0.04282324600096349,0.014509916305541992,9.323111532553858e-05,0.8,0.1,20,20,700,31,0.0,0.0,0.8,"{'colsample_bytree': 0.8, 'learning_rate': 0.1, 'max_depth': 20, 'min_child_samples': 20, 'n_estimators': 700, 'num_leaves': 31, 'reg_alpha': 0.0, 'reg_lambda': 0.0, 'subsample': 0.8}",-0.010282361746786785,-0.00937482858980719,-0.009818134626510022,-0.008933287844223429,-0.01014919173724621,-0.009711560908914726,0.000499557787179652,81
1.2268109798431397,0.01994766237164838,0.015424728393554688,0.0016753970327174042,0.8,0.1,20,20,700,31,0.0,0.5,0.8,"{'colsample_bytree': 0.8, 'learning_rate': 0.1, 'max_depth': 20, 'min_child_samples': 20, 'n_estimators': 700, 'num_leaves': 31, 'reg_alpha': 0.0, 'reg_lambda': 0.5, 'subsample': 0.8}",-0.010114522085436534,-0.009733111104873949,-0.009954081039391015,-0.00906084916524915,-0.009726243440715557,-0.00971776136713324,0.0003591955612447723,88
1.218005323410034,0.016513450005165946,0.014466238021850587,0.00021472281674728646,0.8,0.1,20,20,700,31,0.0,1.0,0.8,"{'colsample_bytree': 0.8, 'learning_rate': 0.1, 'max_depth': 20, 'min_child_samples': 20, 'n_estimators': 700, 'num_leaves': 31, 'reg_alpha': 0.0, 'reg_lambda': 1.0, 'subsample': 0.8}",-0.00995778839911037,-0.009510269099241124,-0.009854619959092883,-0.008908596657594244,-0.009910563117399759,-0.009628367446487677,0.0003927747365437787,41
0.4783315658569336,0.016782323781954992,0.004914474487304687,0.00036606870934136857,0.8,0.1,20,20,700,31,0.5,0.0,0.8,"{'colsample_bytree': 0.8, 'learning_rate': 0.1, 'max_depth': 20, 'min_child_samples': 20, 'n_estimators': 700, 'num_leaves': 31, 'reg_alpha': 0.5, 'reg_lambda': 0.0, 'subsample': 0.8}",-0.010105438511065773,-0.009635305860575327,-0.010112216077295521,-0.00951247870644112,-0.00952667244850916,-0.00977842232077738,0.00027310956994411247,124
0.5005971908569335,0.022326375331039212,0.006027793884277344,0.0014825251335967246,0.8,0.1,20,20,700,31,0.5,0.5,0.8,"{'colsample_bytree': 0.8, 'learning_rate': 0.1, 'max_depth': 20, 'min_child_samples': 20, 'n_estimators': 700, 'num_leaves': 31, 'reg_alpha': 0.5, 'reg_lambda': 0.5, 'subsample': 0.8}",-0.01038153265323549,-0.009740687518155548,-0.009808280050954134,-0.009294294105632895,-0.009725449964395247,-0.009790048858474662,0.0003471506272048139,143
0.47597880363464357,0.04653433975855971,0.0045357227325439455,0.00020828912972365728,0.8,0.1,20,20,700,31,0.5,1.0,0.8,"{'colsample_bytree': 0.8, 'learning_rate': 0.1, 'max_depth': 20, 'min_child_samples': 20, 'n_estimators': 700, 'num_leaves': 31, 'reg_alpha': 0.5, 'reg_lambda': 1.0, 'subsample': 0.8}",-0.010341949666481429,-0.009559453029390017,-0.009801107426566527,-0.009223812309783678,-0.009700758794954321,-0.009725416245435194,0.0003648563830806295,95
0.29293460845947267,0.009158439669130788,0.003817892074584961,0.00012841939109478704,0.8,0.1,20,20,700,31,1.0,0.0,0.8,"{'colsample_bytree': 0.8, 'learning_rate': 0.1, 'max_depth': 20, 'min_child_samples': 20, 'n_estimators': 700, 'num_leaves': 31, 'reg_alpha': 1.0, 'reg_lambda': 0.0, 'subsample': 0.8}",-0.010547232382160609,-0.009869027979865302,-0.010256785150516826,-0.010048593916547546,-0.009625331296858093,-0.010069394145189675,0.0003166120125881919,305
0.295305871963501,0.009498537895491009,0.0037111282348632813,0.00015026996301615472,0.8,0.1,20,20,700,31,1.0,0.5,0.8,"{'colsample_bytree': 0.8, 'learning_rate': 0.1, 'max_depth': 20, 'min_child_samples': 20, 'n_estimators': 700, 'num_leaves': 31, 'reg_alpha': 1.0, 'reg_lambda': 0.5, 'subsample': 0.8}",-0.010577432945356253,-0.00990779188583384,-0.009945719285386206,-0.00967841694835924,-0.00970124238649667,-0.00996212069028644,0.0003256916022518146,245
0.2939281463623047,0.006752521699887182,0.0036002159118652343,0.00013795044855690892,0.8,0.1,20,20,700,31,1.0,1.0,0.8,"{'colsample_bytree': 0.8, 'learning_rate': 0.1, 'max_depth': 20, 'min_child_samples': 20, 'n_estimators': 700, 'num_leaves': 31, 'reg_alpha': 1.0, 'reg_lambda': 1.0, 'subsample': 0.8}",-0.010518692012965443,-0.00992881618302274,-0.010369091941956895,-0.009943658465256673,-0.009674223116604127,-0.010086896343961173,0.0003104472499650704,317
1.6823165893554688,0.10793186820400998,0.02032480239868164,0.0015753702387289459,0.8,0.1,20,20,700,50,0.0,0.0,0.8,"{'colsample_bytree': 0.8, 'learning_rate': 0.1, 'max_depth': 20, 'min_child_samples': 20, 'n_estimators': 700, 'num_leaves': 50, 'reg_alpha': 0.0, 'reg_lambda': 0.0, 'subsample': 0.8}",-0.009884358816467419,-0.009549189360995395,-0.009691976305315103,-0.009221685908432546,-0.009324283794337298,-0.009534298837109552,0.00024060717453807718,7
1.7963812351226807,0.09299052773229892,0.019661998748779295,0.0010653941861656158,0.8,0.1,20,20,700,50,0.0,0.5,0.8,"{'colsample_bytree': 0.8, 'learning_rate': 0.1, 'max_depth': 20, 'min_child_samples': 20, 'n_estimators': 700, 'num_leaves': 50, 'reg_alpha': 0.0, 'reg_lambda': 0.5, 'subsample': 0.8}",-0.00983191768610818,-0.009728655170933439,-0.009964696931011858,-0.008805070325823118,-0.00953557851588407,-0.009573183725952132,0.00040885439201768725,11
1.9240155220031738,0.025974519980976208,0.022240591049194337,0.004568279565952295,0.8,0.1,20,20,700,50,0.0,1.0,0.8,"{'colsample_bytree': 0.8, 'learning_rate': 0.1, 'max_depth': 20, 'min_child_samples': 20, 'n_estimators': 700, 'num_leaves': 50, 'reg_alpha': 0.0, 'reg_lambda': 1.0, 'subsample': 0.8}",-0.01027174823455417,-0.009535937223368821,-0.009740820643846246,-0.00895676139237534,-0.009709663115479035,-0.009642986121924723,0.00042230866805085984,47
0.5191996097564697,0.018348656503635402,0.005509805679321289,0.0010744473018793358,0.8,0.1,20,20,700,50,0.5,0.0,0.8,"{'colsample_bytree': 0.8, 'learning_rate': 0.1, 'max_depth': 20, 'min_child_samples': 20, 'n_estimators': 700, 'num_leaves': 50, 'reg_alpha': 0.5, 'reg_lambda': 0.0, 'subsample': 0.8}",-0.010535771435279782,-0.009687029299703921,-0.00996204357844895,-0.009487914340405036,-0.009523548302552769,-0.009839261391278092,0.00038639250022132166,169
0.4967801570892334,0.009186471404180012,0.005000162124633789,7.855165314802564e-05,0.8,0.1,20,20,700,50,0.5,0.5,0.8,"{'colsample_bytree': 0.8, 'learning_rate': 0.1, 'max_depth': 20, 'min_child_samples': 20, 'n_estimators': 700, 'num_leaves': 50, 'reg_alpha': 0.5, 'reg_lambda': 0.5, 'subsample': 0.8}",-0.010374966247506041,-0.009519502685466535,-0.010108011899053587,-0.009382555558749932,-0.009540247653639916,-0.0097850568088832,0.0003859406450107697,131
0.4890082836151123,0.015508502856393741,0.005038404464721679,0.00010153436382076191,0.8,0.1,20,20,700,50,0.5,1.0,0.8,"{'colsample_bytree': 0.8, 'learning_rate': 0.1, 'max_depth': 20, 'min_child_samples': 20, 'n_estimators': 700, 'num_leaves': 50, 'reg_alpha': 0.5, 'reg_lambda': 1.0, 'subsample': 0.8}",-0.010617830620979221,-0.009662936068193314,-0.009736592792608764,-0.009358025822381478,-0.009733371423934462,-0.009821751345619448,0.0004216797020515757,158
0.35149531364440917,0.010022720714948094,0.005345439910888672,0.0021536798212795295,0.8,0.1,20,20,700,50,1.0,0.0,0.8,"{'colsample_bytree': 0.8, 'learning_rate': 0.1, 'max_depth': 20, 'min_child_samples': 20, 'n_estimators': 700, 'num_leaves': 50, 'reg_alpha': 1.0, 'reg_lambda': 0.0, 'subsample': 0.8}",-0.010921759916702235,-0.009761980826722907,-0.010047917497877451,-0.009853622975853972,-0.009841034220291093,-0.010085263087489532,0.000428704546130392,313
0.37215571403503417,0.02559215452469325,0.004641866683959961,0.0014060295766357327,0.8,0.1,20,20,700,50,1.0,0.5,0.8,"{'colsample_bytree': 0.8, 'learning_rate': 0.1, 'max_depth': 20, 'min_child_samples': 20, 'n_estimators': 700, 'num_leaves': 50, 'reg_alpha': 1.0, 'reg_lambda': 0.5, 'subsample': 0.8}",-0.010610538999383357,-0.009642428213372075,-0.010038219145007677,-0.009911601415146099,-0.009658702704242066,-0.009972298095430255,0.00035285615531469174,253
0.32559757232666015,0.008238044762083292,0.003811216354370117,9.71740547103128e-05,0.8,0.1,20,20,700,50,1.0,1.0,0.8,"{'colsample_bytree': 0.8, 'learning_rate': 0.1, 'max_depth': 20, 'min_child_samples': 20, 'n_estimators': 700, 'num_leaves': 50, 'reg_alpha': 1.0, 'reg_lambda': 1.0, 'subsample': 0.8}",-0.010225463876463586,-0.009829325015245383,-0.010059309738645855,-0.009988495640280409,-0.010248885461393176,-0.01007029594640568,0.0001554672170519015,309
1.8153018951416016,0.12128723585986531,0.022587394714355467,0.0005909768921800771,0.8,0.1,20,20,700,100,0.0,0.0,0.8,"{'colsample_bytree': 0.8, 'learning_rate': 0.1, 'max_depth': 20, 'min_child_samples': 20, 'n_estimators': 700, 'num_leaves': 100, 'reg_alpha': 0.0, 'reg_lambda': 0.0, 'subsample': 0.8}",-0.010012898922145528,-0.009531296083863152,-0.0099855409327109,-0.008980363631568195,-0.009412935764213936,-0.009584607066900341,0.0003851246822117726,22
1.8597948551177979,0.08133004436301301,0.023056793212890624,0.0014382479511434233,0.8,0.1,20,20,700,100,0.0,0.5,0.8,"{'colsample_bytree': 0.8, 'learning_rate': 0.1, 'max_depth': 20, 'min_child_samples': 20, 'n_estimators': 700, 'num_leaves': 100, 'reg_alpha': 0.0, 'reg_lambda': 0.5, 'subsample': 0.8}",-0.009961416326330304,-0.009585769102474441,-0.009833670529324923,-0.008888729710542121,-0.009788841576593512,-0.009611685449053059,0.00038113252623606526,32
2.102880430221558,0.10982390715509176,0.023629379272460938,0.00021880266249704118,0.8,0.1,20,20,700,100,0.0,1.0,0.8,"{'colsample_bytree': 0.8, 'learning_rate': 0.1, 'max_depth': 20, 'min_child_samples': 20, 'n_estimators': 700, 'num_leaves': 100, 'reg_alpha': 0.0, 'reg_lambda': 1.0, 'subsample': 0.8}",-0.009917042945098481,-0.009770658604118871,-0.009696755390966465,-0.008881109264641238,-0.009608610299558123,-0.009574835300876636,0.0003613070467375053,15
0.4890918254852295,0.009058296233014563,0.004945135116577149,9.817225969133531e-05,0.8,0.1,20,20,700,100,0.5,0.0,0.8,"{'colsample_bytree': 0.8, 'learning_rate': 0.1, 'max_depth': 20, 'min_child_samples': 20, 'n_estimators': 700, 'num_leaves': 100, 'reg_alpha': 0.5, 'reg_lambda': 0.0, 'subsample': 0.8}",-0.01039376176961502,-0.009674844836502331,-0.010121378258144931,-0.00932003766397796,-0.009708374404102367,-0.009843679386468521,0.0003743582478393544,173
0.4865100860595703,0.009462278538441596,0.005010175704956055,8.629598593097388e-05,0.8,0.1,20,20,700,100,0.5,0.5,0.8,"{'colsample_bytree': 0.8, 'learning_rate': 0.1, 'max_depth': 20, 'min_child_samples': 20, 'n_estimators': 700, 'num_leaves': 100, 'reg_alpha': 0.5, 'reg_lambda': 0.5, 'subsample': 0.8}",-0.010367663011912574,-0.009636362229912236,-0.009713399068793123,-0.009582025910844515,-0.009642009193324391,-0.009788291882957368,0.00029267959774900693,139
0.4906308174133301,0.01066414830088554,0.005072784423828125,9.777573543845385e-05,0.8,0.1,20,20,700,100,0.5,1.0,0.8,"{'colsample_bytree': 0.8, 'learning_rate': 0.1, 'max_depth': 20, 'min_child_samples': 20, 'n_estimators': 700, 'num_leaves': 100, 'reg_alpha': 0.5, 'reg_lambda': 1.0, 'subsample': 0.8}",-0.010599736666634023,-0.009604742971085356,-0.009770221301597168,-0.009658262425521218,-0.009942959354626352,-0.009915184543892824,0.0003613254310212226,209
0.3590071678161621,0.011989177175832746,0.00440831184387207,6.916890747670425e-05,0.8,0.1,20,20,700,100,1.0,0.0,0.8,"{'colsample_bytree': 0.8, 'learning_rate': 0.1, 'max_depth': 20, 'min_child_samples': 20, 'n_estimators': 700, 'num_leaves': 100, 'reg_alpha': 1.0, 'reg_lambda': 0.0, 'subsample': 0.8}",-0.010583924318435077,-0.009938817068869118,-0.01006374899572305,-0.009758968257849764,-0.009781725004766003,-0.010025436729128602,0.00030042637484145834,277
0.3530740737915039,0.009487094809953942,0.004401493072509766,2.2190814853322207e-05,0.8,0.1,20,20,700,100,1.0,0.5,0.8,"{'colsample_bytree': 0.8, 'learning_rate': 0.1, 'max_depth': 20, 'min_child_samples': 20, 'n_estimators': 700, 'num_leaves': 100, 'reg_alpha': 1.0, 'reg_lambda': 0.5, 'subsample': 0.8}",-0.01061499745300458,-0.009777172313822684,-0.00989155437390462,-0.009913596311489708,-0.009869218524910899,-0.010013307795426498,0.0003044070969171293,273
0.3611654758453369,0.008373118737450174,0.004517889022827149,7.765928121832568e-05,0.8,0.1,20,20,700,100,1.0,1.0,0.8,"{'colsample_bytree': 0.8, 'learning_rate': 0.1, 'max_depth': 20, 'min_child_samples': 20, 'n_estimators': 700, 'num_leaves': 100, 'reg_alpha': 1.0, 'reg_lambda': 1.0, 'subsample': 0.8}",-0.010633116525096147,-0.009940312051702739,-0.010014218945966534,-0.01011881540219874,-0.009850331859323394,-0.01011135895685751,0.00027535973914769436,321
0.8760981082916259,0.024999870679978123,0.010417985916137695,0.0001842844774603211,0.8,0.1,20,30,500,31,0.0,0.0,0.8,"{'colsample_bytree': 0.8, 'learning_rate': 0.1, 'max_depth': 20, 'min_child_samples': 30, 'n_estimators': 500, 'num_leaves': 31, 'reg_alpha': 0.0, 'reg_lambda': 0.0, 'subsample': 0.8}",-0.01038108807077528,-0.009818363508207799,-0.009793630350352574,-0.009009279672844974,-0.009602121287805042,-0.009720896577997132,0.0004407151008352071,90
0.8628084659576416,0.020488671053610526,0.010340452194213867,0.00022465862765579887,0.8,0.1,20,30,500,31,0.0,0.5,0.8,"{'colsample_bytree': 0.8, 'learning_rate': 0.1, 'max_depth': 20, 'min_child_samples': 30, 'n_estimators': 500, 'num_leaves': 31, 'reg_alpha': 0.0, 'reg_lambda': 0.5, 'subsample': 0.8}",-0.010028534229094716,-0.009724272109198684,-0.010380579854820127,-0.009413043901863344,-0.009594907306539995,-0.009828267480303372,0.0003414200807563636,164
0.8685200691223145,0.009257584989226506,0.010335540771484375,0.0004858410618622404,0.8,0.1,20,30,500,31,0.0,1.0,0.8,"{'colsample_bytree': 0.8, 'learning_rate': 0.1, 'max_depth': 20, 'min_child_samples': 30, 'n_estimators': 500, 'num_leaves': 31, 'reg_alpha': 0.0, 'reg_lambda': 1.0, 'subsample': 0.8}",-0.010056531694549103,-0.009647660946039183,-0.010036530496417152,-0.008951036699325857,-0.009675825396651053,-0.00967351704659647,0.00040028257616470423,62
0.4866535186767578,0.018949622436468923,0.00523681640625,0.0003280152170979471,0.8,0.1,20,30,500,31,0.5,0.0,0.8,"{'colsample_bytree': 0.8, 'learning_rate': 0.1, 'max_depth': 20, 'min_child_samples': 30, 'n_estimators': 500, 'num_leaves': 31, 'reg_alpha': 0.5, 'reg_lambda': 0.0, 'subsample': 0.8}",-0.010594749093760781,-0.009620231602656454,-0.010175289017561085,-0.009346187630917631,-0.009720765842512235,-0.009891444637481638,0.000441632823699331,197
0.4419808864593506,0.029258891906008902,0.004910612106323242,9.656660030483339e-05,0.8,0.1,20,30,500,31,0.5,0.5,0.8,"{'colsample_bytree': 0.8, 'learning_rate': 0.1, 'max_depth': 20, 'min_child_samples': 30, 'n_estimators': 500, 'num_leaves': 31, 'reg_alpha': 0.5, 'reg_lambda': 0.5, 'subsample': 0.8}",-0.01046304942103431,-0.009529760576652606,-0.01018884539177356,-0.009493381718654935,-0.009613746886246248,-0.009857756798872332,0.00039392648378261505,185
0.4415002346038818,0.007621348333429607,0.00499415397644043,0.00012182904779502689,0.8,0.1,20,30,500,31,0.5,1.0,0.8,"{'colsample_bytree': 0.8, 'learning_rate': 0.1, 'max_depth': 20, 'min_child_samples': 30, 'n_estimators': 500, 'num_leaves': 31, 'reg_alpha': 0.5, 'reg_lambda': 1.0, 'subsample': 0.8}",-0.010410333010729406,-0.009697269758293941,-0.009906636780698435,-0.009754775214007019,-0.009982381440006571,-0.009950279240747074,0.000251722191899772,241
0.2930295467376709,0.009723201174984741,0.004128074645996094,0.0003779420340077487,0.8,0.1,20,30,500,31,1.0,0.0,0.8,"{'colsample_bytree': 0.8, 'learning_rate': 0.1, 'max_depth': 20, 'min_child_samples': 30, 'n_estimators': 500, 'num_leaves': 31, 'reg_alpha': 1.0, 'reg_lambda': 0.0, 'subsample': 0.8}",-0.010763274152366184,-0.009874208685977196,-0.010099499160796572,-0.009697823951057241,-0.009588860199557117,-0.010004733229950862,0.0004167841772637617,269
0.2805028438568115,0.02323639023889297,0.004055118560791016,0.0004897264935247106,0.8,0.1,20,30,500,31,1.0,0.5,0.8,"{'colsample_bytree': 0.8, 'learning_rate': 0.1, 'max_depth': 20, 'min_child_samples': 30, 'n_estimators': 500, 'num_leaves': 31, 'reg_alpha': 1.0, 'reg_lambda': 0.5, 'subsample': 0.8}",-0.010997749460339245,-0.009959298442135561,-0.010034153840562747,-0.00979808413983925,-0.009504735529768911,-0.010058804282529142,0.0005034072464881556,297
0.29281115531921387,0.027647740627519964,0.0041615962982177734,0.0005101792821590135,0.8,0.1,20,30,500,31,1.0,1.0,0.8,"{'colsample_bytree': 0.8, 'learning_rate': 0.1, 'max_depth': 20, 'min_child_samples': 30, 'n_estimators': 500, 'num_leaves': 31, 'reg_alpha': 1.0, 'reg_lambda': 1.0, 'subsample': 0.8}",-0.010689975776964846,-0.009809895525151945,-0.009804978355686313,-0.009860513365241956,-0.009560197776332529,-0.009945112159875518,0.00038679681181665244,229
1.1630274772644043,0.016046746306102696,0.014666986465454102,0.0003251282055128332,0.8,0.1,20,30,500,50,0.0,0.0,0.8,"{'colsample_bytree': 0.8, 'learning_rate': 0.1, 'max_depth': 20, 'min_child_samples': 30, 'n_estimators': 500, 'num_leaves': 50, 'reg_alpha': 0.0, 'reg_lambda': 0.0, 'subsample': 0.8}",-0.010101410371534723,-0.009626981789578389,-0.009997523457880533,-0.009381923028905687,-0.00979432729227306,-0.009780433188034478,0.00025795552420491383,130
1.1520065784454345,0.04732920565542862,0.015122461318969726,0.0012600677861164687,0.8,0.1,20,30,500,50,0.0,0.5,0.8,"{'colsample_bytree': 0.8, 'learning_rate': 0.1, 'max_depth': 20, 'min_child_samples': 30, 'n_estimators': 500, 'num_leaves': 50, 'reg_alpha': 0.0, 'reg_lambda': 0.5, 'subsample': 0.8}",-0.010284698776125764,-0.009939386505450747,-0.010056982439029562,-0.009210925890557489,-0.009509110717489349,-0.009800220865730581,0.00038782112181671123,147
1.126424503326416,0.01328770972167136,0.014405107498168946,0.00026797750237611827,0.8,0.1,20,30,500,50,0.0,1.0,0.8,"{'colsample_bytree': 0.8, 'learning_rate': 0.1, 'max_depth': 20, 'min_child_samples': 30, 'n_estimators': 500, 'num_leaves': 50, 'reg_alpha': 0.0, 'reg_lambda': 1.0, 'subsample': 0.8}",-0.010175289604262026,-0.009360283100200494,-0.00954247660941707,-0.009295913826761176,-0.009578730050068736,-0.0095905386381419,0.0003111927010614685,23
0.41373300552368164,0.01092751312856845,0.004697036743164062,8.761205128006079e-05,0.8,0.1,20,30,500,50,0.5,0.0,0.8,"{'colsample_bytree': 0.8, 'learning_rate': 0.1, 'max_depth': 20, 'min_child_samples': 30, 'n_estimators': 500, 'num_leaves': 50, 'reg_alpha': 0.5, 'reg_lambda': 0.0, 'subsample': 0.8}",-0.010374581455174187,-0.009731113686988986,-0.00986369325513645,-0.00944535154849302,-0.009450357942563863,-0.009773019577671302,0.00034156445366563364,119
0.44118514060974123,0.036691188181281816,0.005189132690429687,0.0004912364832324421,0.8,0.1,20,30,500,50,0.5,0.5,0.8,"{'colsample_bytree': 0.8, 'learning_rate': 0.1, 'max_depth': 20, 'min_child_samples': 30, 'n_estimators': 500, 'num_leaves': 50, 'reg_alpha': 0.5, 'reg_lambda': 0.5, 'subsample': 0.8}",-0.010631343200222021,-0.009649494633145081,-0.010018744419571233,-0.009483934947314634,-0.00988558246120417,-0.009933819932291428,0.0003947949105303753,217
0.4711432456970215,0.010021731323276141,0.005202102661132813,0.00012464603578503177,0.8,0.1,20,30,500,50,0.5,1.0,0.8,"{'colsample_bytree': 0.8, 'learning_rate': 0.1, 'max_depth': 20, 'min_child_samples': 30, 'n_estimators': 500, 'num_leaves': 50, 'reg_alpha': 0.5, 'reg_lambda': 1.0, 'subsample': 0.8}",-0.010451198467746422,-0.009800532459113312,-0.009757144911132299,-0.00950002971530386,-0.009761982041825254,-0.009854177519024229,0.0003170639700616296,181
0.33336658477783204,0.014956222596185191,0.004519176483154297,0.00012661040349911236,0.8,0.1,20,30,500,50,1.0,0.0,0.8,"{'colsample_bytree': 0.8, 'learning_rate': 0.1, 'max_depth': 20, 'min_child_samples': 30, 'n_estimators': 500, 'num_leaves': 50, 'reg_alpha': 1.0, 'reg_lambda': 0.0, 'subsample': 0.8}",-0.010573029347270427,-0.009638495463071932,-0.00999351831161312,-0.009847450723307715,-0.009678426193933774,-0.009946184007839394,0.00033802081735987777,233
0.3234563827514648,0.005373950035462073,0.004480218887329102,5.0812050386163036e-05,0.8,0.1,20,30,500,50,1.0,0.5,0.8,"{'colsample_bytree': 0.8, 'learning_rate': 0.1, 'max_depth': 20, 'min_child_samples': 30, 'n_estimators': 500, 'num_leaves': 50, 'reg_alpha': 1.0, 'reg_lambda': 0.5, 'subsample': 0.8}",-0.010859364971854359,-0.009675316087184882,-0.009891444354941457,-0.009729878273336072,-0.00954158517508456,-0.009939517772480266,0.0004733986746611498,221
0.3264004230499268,0.004181986379564334,0.004495096206665039,4.8223162075320953e-05,0.8,0.1,20,30,500,50,1.0,1.0,0.8,"{'colsample_bytree': 0.8, 'learning_rate': 0.1, 'max_depth': 20, 'min_child_samples': 30, 'n_estimators': 500, 'num_leaves': 50, 'reg_alpha': 1.0, 'reg_lambda': 1.0, 'subsample': 0.8}",-0.010880050971800542,-0.009718820160317151,-0.010027811316954599,-0.009921907730064185,-0.009659708957847318,-0.01004165982739676,0.0004398963456227721,289
1.3005223751068116,0.023522678973678098,0.0149505615234375,0.000474216253566237,0.8,0.1,20,30,500,100,0.0,0.0,0.8,"{'colsample_bytree': 0.8, 'learning_rate': 0.1, 'max_depth': 20, 'min_child_samples': 30, 'n_estimators': 500, 'num_leaves': 100, 'reg_alpha': 0.0, 'reg_lambda': 0.0, 'subsample': 0.8}",-0.009893136391738217,-0.009454013919067444,-0.009652981848724061,-0.009236189057710268,-0.009786602814786636,-0.009604584806405326,0.00023542381623307965,27
1.2139370441436768,0.12879676259918055,0.01531519889831543,0.001078737813237591,0.8,0.1,20,30,500,100,0.0,0.5,0.8,"{'colsample_bytree': 0.8, 'learning_rate': 0.1, 'max_depth': 20, 'min_child_samples': 30, 'n_estimators': 500, 'num_leaves': 100, 'reg_alpha': 0.0, 'reg_lambda': 0.5, 'subsample': 0.8}",-0.010126635570092817,-0.009669140362133155,-0.010178099821361794,-0.009102221298485941,-0.00962006171075563,-0.009739231752565868,0.00039181207743715056,107
1.250849962234497,0.05618537009972215,0.014775705337524415,0.00041115966311748944,0.8,0.1,20,30,500,100,0.0,1.0,0.8,"{'colsample_bytree': 0.8, 'learning_rate': 0.1, 'max_depth': 20, 'min_child_samples': 30, 'n_estimators': 500, 'num_leaves': 100, 'reg_alpha': 0.0, 'reg_lambda': 1.0, 'subsample': 0.8}",-0.010068975964545885,-0.00978476675502011,-0.009664161810628858,-0.009228338192776114,-0.009505208082013706,-0.009650290160996933,0.0002802379175716717,53
0.4629119873046875,0.014174968312052784,0.005191278457641601,0.0001493090826583965,0.8,0.1,20,30,500,100,0.5,0.0,0.8,"{'colsample_bytree': 0.8, 'learning_rate': 0.1, 'max_depth': 20, 'min_child_samples': 30, 'n_estimators': 500, 'num_leaves': 100, 'reg_alpha': 0.5, 'reg_lambda': 0.0, 'subsample': 0.8}",-0.010350452238661816,-0.009550887265298732,-0.009921282215721272,-0.009453306926138223,-0.009656254648237994,-0.009786436658811608,0.00032239825991601026,135
0.4615638732910156,0.03238838372903601,0.004997062683105469,0.0002839296177653386,0.8,0.1,20,30,500,100,0.5,0.5,0.8,"{'colsample_bytree': 0.8, 'learning_rate': 0.1, 'max_depth': 20, 'min_child_samples': 30, 'n_estimators': 500, 'num_leaves': 100, 'reg_alpha': 0.5, 'reg_lambda': 0.5, 'subsample': 0.8}",-0.010628870067023174,-0.009582897017737993,-0.010079647130757334,-0.009579724706656068,-0.009638871462732498,-0.009902002076981414,0.00040861309389004564,205
0.4105678081512451,0.024983486200236094,0.004616689682006836,0.00014568076764582877,0.8,0.1,20,30,500,100,0.5,1.0,0.8,"{'colsample_bytree': 0.8, 'learning_rate': 0.1, 'max_depth': 20, 'min_child_samples': 30, 'n_estimators': 500, 'num_leaves': 100, 'reg_alpha': 0.5, 'reg_lambda': 1.0, 'subsample': 0.8}",-0.010610848378499314,-0.009792558079415311,-0.009677563395534524,-0.009521326661217914,-0.00970784220554771,-0.009862027744042956,0.0003845610174942245,189
0.25595965385437014,0.005606739542637137,0.003784942626953125,0.00013281566133685488,0.8,0.1,20,30,500,100,1.0,0.0,0.8,"{'colsample_bytree': 0.8, 'learning_rate': 0.1, 'max_depth': 20, 'min_child_samples': 30, 'n_estimators': 500, 'num_leaves': 100, 'reg_alpha': 1.0, 'reg_lambda': 0.0, 'subsample': 0.8}",-0.010573029347270427,-0.009638495463071932,-0.00999351831161312,-0.009847450723307715,-0.009678426193933774,-0.009946184007839394,0.00033802081735987777,233
0.2619461536407471,0.016896780876651918,0.003711557388305664,7.40882195673721e-05,0.8,0.1,20,30,500,100,1.0,0.5,0.8,"{'colsample_bytree': 0.8, 'learning_rate': 0.1, 'max_depth': 20, 'min_child_samples': 30, 'n_estimators': 500, 'num_leaves': 100, 'reg_alpha': 1.0, 'reg_lambda': 0.5, 'subsample': 0.8}",-0.010859364971854359,-0.009675316087184882,-0.009891444354941457,-0.009729878273336072,-0.00954158517508456,-0.009939517772480266,0.0004733986746611498,221
0.26835808753967283,0.014282899926757586,0.0039060115814208984,0.00012518832659306946,0.8,0.1,20,30,500,100,1.0,1.0,0.8,"{'colsample_bytree': 0.8, 'learning_rate': 0.1, 'max_depth': 20, 'min_child_samples': 30, 'n_estimators': 500, 'num_leaves': 100, 'reg_alpha': 1.0, 'reg_lambda': 1.0, 'subsample': 0.8}",-0.010880050971800542,-0.009718820160317151,-0.010027811316954599,-0.009921907730064185,-0.009659708957847318,-0.01004165982739676,0.0004398963456227721,289
0.9809345245361328,0.015812167948707143,0.015450859069824218,0.0013044395734677654,0.8,0.1,20,30,700,31,0.0,0.0,0.8,"{'colsample_bytree': 0.8, 'learning_rate': 0.1, 'max_depth': 20, 'min_child_samples': 30, 'n_estimators': 700, 'num_leaves': 31, 'reg_alpha': 0.0, 'reg_lambda': 0.0, 'subsample': 0.8}",-0.01037911944907408,-0.009814052626773253,-0.00978750723119863,-0.009003401167215243,-0.009599463962651886,-0.009716708887382618,0.00044177601504643334,87
1.0227205753326416,0.058297738712021874,0.014191913604736327,0.00031345772569416736,0.8,0.1,20,30,700,31,0.0,0.5,0.8,"{'colsample_bytree': 0.8, 'learning_rate': 0.1, 'max_depth': 20, 'min_child_samples': 30, 'n_estimators': 700, 'num_leaves': 31, 'reg_alpha': 0.0, 'reg_lambda': 0.5, 'subsample': 0.8}",-0.010020739558743746,-0.00972049212837187,-0.010383742644221585,-0.00940496935192326,-0.009587643374591578,-0.009823517411570408,0.0003447265975140153,162
1.0654191017150878,0.10790868968654459,0.015178585052490234,0.0009022673546408024,0.8,0.1,20,30,700,31,0.0,1.0,0.8,"{'colsample_bytree': 0.8, 'learning_rate': 0.1, 'max_depth': 20, 'min_child_samples': 30, 'n_estimators': 700, 'num_leaves': 31, 'reg_alpha': 0.0, 'reg_lambda': 1.0, 'subsample': 0.8}",-0.010049310827100906,-0.009641103607913221,-0.010028674822797515,-0.008953455245976757,-0.009677574332987413,-0.009670023767355162,0.0003966996561012961,61
0.442246675491333,0.03997889820476219,0.00461268424987793,8.417654853088555e-05,0.8,0.1,20,30,700,31,0.5,0.0,0.8,"{'colsample_bytree': 0.8, 'learning_rate': 0.1, 'max_depth': 20, 'min_child_samples': 30, 'n_estimators': 700, 'num_leaves': 31, 'reg_alpha': 0.5, 'reg_lambda': 0.0, 'subsample': 0.8}",-0.010594749093760781,-0.009620231602656454,-0.010175289017561085,-0.009346187630917631,-0.009720765842512235,-0.009891444637481638,0.000441632823699331,197
0.41017990112304686,0.022562117494586503,0.004678773880004883,0.00045573648469678427,0.8,0.1,20,30,700,31,0.5,0.5,0.8,"{'colsample_bytree': 0.8, 'learning_rate': 0.1, 'max_depth': 20, 'min_child_samples': 30, 'n_estimators': 700, 'num_leaves': 31, 'reg_alpha': 0.5, 'reg_lambda': 0.5, 'subsample': 0.8}",-0.01046304942103431,-0.009529760576652606,-0.01018884539177356,-0.009493381718654935,-0.009613746886246248,-0.009857756798872332,0.00039392648378261505,185
0.5326941013336182,0.004350174235143861,0.005476617813110351,6.735746404233742e-05,0.8,0.1,20,30,700,31,0.5,1.0,0.8,"{'colsample_bytree': 0.8, 'learning_rate': 0.1, 'max_depth': 20, 'min_child_samples': 30, 'n_estimators': 700, 'num_leaves': 31, 'reg_alpha': 0.5, 'reg_lambda': 1.0, 'subsample': 0.8}",-0.010410333010729406,-0.009697269758293941,-0.009906636780698435,-0.009754775214007019,-0.009982381440006571,-0.009950279240747074,0.000251722191899772,241
0.35731892585754393,0.008878830035882378,0.004560422897338867,0.0001292039885574412,0.8,0.1,20,30,700,31,1.0,0.0,0.8,"{'colsample_bytree': 0.8, 'learning_rate': 0.1, 'max_depth': 20, 'min_child_samples': 30, 'n_estimators': 700, 'num_leaves': 31, 'reg_alpha': 1.0, 'reg_lambda': 0.0, 'subsample': 0.8}",-0.010763274152366184,-0.009874208685977196,-0.010099499160796572,-0.009697823951057241,-0.009588860199557117,-0.010004733229950862,0.0004167841772637617,269
0.3579822063446045,0.008066858235321548,0.004438638687133789,0.00020798136968812087,0.8,0.1,20,30,700,31,1.0,0.5,0.8,"{'colsample_bytree': 0.8, 'learning_rate': 0.1, 'max_depth': 20, 'min_child_samples': 30, 'n_estimators': 700, 'num_leaves': 31, 'reg_alpha': 1.0, 'reg_lambda': 0.5, 'subsample': 0.8}",-0.010997749460339245,-0.009959298442135561,-0.010034153840562747,-0.00979808413983925,-0.009504735529768911,-0.010058804282529142,0.0005034072464881556,297
0.2907855033874512,0.010377019647671109,0.00399932861328125,0.000378806221220328,0.8,0.1,20,30,700,31,1.0,1.0,0.8,"{'colsample_bytree': 0.8, 'learning_rate': 0.1, 'max_depth': 20, 'min_child_samples': 30, 'n_estimators': 700, 'num_leaves': 31, 'reg_alpha': 1.0, 'reg_lambda': 1.0, 'subsample': 0.8}",-0.010689975776964846,-0.009809895525151945,-0.009804978355686313,-0.009860513365241956,-0.009560197776332529,-0.009945112159875518,0.00038679681181665244,229
1.3737005233764648,0.01132492935632753,0.021164751052856444,0.0011434061164625295,0.8,0.1,20,30,700,50,0.0,0.0,0.8,"{'colsample_bytree': 0.8, 'learning_rate': 0.1, 'max_depth': 20, 'min_child_samples': 30, 'n_estimators': 700, 'num_leaves': 50, 'reg_alpha': 0.0, 'reg_lambda': 0.0, 'subsample': 0.8}",-0.010097831134735051,-0.009626056565982725,-0.00999700004534011,-0.009382876026541481,-0.009796070667405257,-0.009779966888000927,0.000256815085976631,129
1.4496946811676026,0.04732826559149397,0.020888137817382812,0.0026295169520237317,0.8,0.1,20,30,700,50,0.0,0.5,0.8,"{'colsample_bytree': 0.8, 'learning_rate': 0.1, 'max_depth': 20, 'min_child_samples': 30, 'n_estimators': 700, 'num_leaves': 50, 'reg_alpha': 0.0, 'reg_lambda': 0.5, 'subsample': 0.8}",-0.01028315723455659,-0.009939524146282946,-0.010054356912618908,-0.009216089914089391,-0.009511923080687532,-0.009801010257647073,0.0003851076567567852,148
1.7046590328216553,0.08663257789436514,0.021323013305664062,0.0004455573244448863,0.8,0.1,20,30,700,50,0.0,1.0,0.8,"{'colsample_bytree': 0.8, 'learning_rate': 0.1, 'max_depth': 20, 'min_child_samples': 30, 'n_estimators': 700, 'num_leaves': 50, 'reg_alpha': 0.0, 'reg_lambda': 1.0, 'subsample': 0.8}",-0.010171486025065235,-0.009359575007250112,-0.009543270536538634,-0.00930025120562864,-0.009578792454649269,-0.009590675045826377,0.00030902524552646086,24
0.49211897850036623,0.012961258533596315,0.005011224746704101,0.0002759199829241369,0.8,0.1,20,30,700,50,0.5,0.0,0.8,"{'colsample_bytree': 0.8, 'learning_rate': 0.1, 'max_depth': 20, 'min_child_samples': 30, 'n_estimators': 700, 'num_leaves': 50, 'reg_alpha': 0.5, 'reg_lambda': 0.0, 'subsample': 0.8}",-0.010374581455174187,-0.009731113686988986,-0.00986369325513645,-0.00944535154849302,-0.009450357942563863,-0.009773019577671302,0.00034156445366563364,119
0.49715399742126465,0.012530051738880199,0.005349206924438477,0.00010028764021437465,0.8,0.1,20,30,700,50,0.5,0.5,0.8,"{'colsample_bytree': 0.8, 'learning_rate': 0.1, 'max_depth': 20, 'min_child_samples': 30, 'n_estimators': 700, 'num_leaves': 50, 'reg_alpha': 0.5, 'reg_lambda': 0.5, 'subsample': 0.8}",-0.010631343200222021,-0.009649494633145081,-0.010018744419571233,-0.009483934947314634,-0.00988558246120417,-0.009933819932291428,0.0003947949105303753,217
0.3997516632080078,0.010999713318949758,0.004576206207275391,0.00022336311736471386,0.8,0.1,20,30,700,50,0.5,1.0,0.8,"{'colsample_bytree': 0.8, 'learning_rate': 0.1, 'max_depth': 20, 'min_child_samples': 30, 'n_estimators': 700, 'num_leaves': 50, 'reg_alpha': 0.5, 'reg_lambda': 1.0, 'subsample': 0.8}",-0.010451198467746422,-0.009800532459113312,-0.009757144911132299,-0.00950002971530386,-0.009761982041825254,-0.009854177519024229,0.0003170639700616296,181
0.2878523349761963,0.017382611634535142,0.003888559341430664,0.00032322213933546327,0.8,0.1,20,30,700,50,1.0,0.0,0.8,"{'colsample_bytree': 0.8, 'learning_rate': 0.1, 'max_depth': 20, 'min_child_samples': 30, 'n_estimators': 700, 'num_leaves': 50, 'reg_alpha': 1.0, 'reg_lambda': 0.0, 'subsample': 0.8}",-0.010573029347270427,-0.009638495463071932,-0.00999351831161312,-0.009847450723307715,-0.009678426193933774,-0.009946184007839394,0.00033802081735987777,233
0.29634504318237304,0.033309250192773206,0.004030847549438476,0.0003854669301543518,0.8,0.1,20,30,700,50,1.0,0.5,0.8,"{'colsample_bytree': 0.8, 'learning_rate': 0.1, 'max_depth': 20, 'min_child_samples': 30, 'n_estimators': 700, 'num_leaves': 50, 'reg_alpha': 1.0, 'reg_lambda': 0.5, 'subsample': 0.8}",-0.010859364971854359,-0.009675316087184882,-0.009891444354941457,-0.009729878273336072,-0.00954158517508456,-0.009939517772480266,0.0004733986746611498,221
0.3561582088470459,0.015409523627350218,0.004520225524902344,5.8554243948009934e-05,0.8,0.1,20,30,700,50,1.0,1.0,0.8,"{'colsample_bytree': 0.8, 'learning_rate': 0.1, 'max_depth': 20, 'min_child_samples': 30, 'n_estimators': 700, 'num_leaves': 50, 'reg_alpha': 1.0, 'reg_lambda': 1.0, 'subsample': 0.8}",-0.010880050971800542,-0.009718820160317151,-0.010027811316954599,-0.009921907730064185,-0.009659708957847318,-0.01004165982739676,0.0004398963456227721,289
1.744077730178833,0.023329393887111697,0.022096538543701173,0.001646133744348977,0.8,0.1,20,30,700,100,0.0,0.0,0.8,"{'colsample_bytree': 0.8, 'learning_rate': 0.1, 'max_depth': 20, 'min_child_samples': 30, 'n_estimators': 700, 'num_leaves': 100, 'reg_alpha': 0.0, 'reg_lambda': 0.0, 'subsample': 0.8}",-0.009893617304025243,-0.009453825480757478,-0.009653162853577969,-0.009238274309968339,-0.009788265096154007,-0.009605429008896608,0.00023517918737428654,28
1.649385690689087,0.03621291677253333,0.022152423858642578,0.0005374324975382856,0.8,0.1,20,30,700,100,0.0,0.5,0.8,"{'colsample_bytree': 0.8, 'learning_rate': 0.1, 'max_depth': 20, 'min_child_samples': 30, 'n_estimators': 700, 'num_leaves': 100, 'reg_alpha': 0.0, 'reg_lambda': 0.5, 'subsample': 0.8}",-0.010125798183287503,-0.0096661202801819,-0.010178480606262186,-0.009105666901948802,-0.009622979849731976,-0.009739809164282475,0.0003905472330095349,108
1.6343337059020997,0.06743866219037913,0.021616744995117187,0.0010900119193382265,0.8,0.1,20,30,700,100,0.0,1.0,0.8,"{'colsample_bytree': 0.8, 'learning_rate': 0.1, 'max_depth': 20, 'min_child_samples': 30, 'n_estimators': 700, 'num_leaves': 100, 'reg_alpha': 0.0, 'reg_lambda': 1.0, 'subsample': 0.8}",-0.010069659264952418,-0.009784395271220273,-0.009662470778785596,-0.009229111816024533,-0.009507236106013828,-0.009650574647399329,0.00027994937029698333,54
0.4300702571868896,0.015720791670111242,0.0047381877899169925,0.000167399903665315,0.8,0.1,20,30,700,100,0.5,0.0,0.8,"{'colsample_bytree': 0.8, 'learning_rate': 0.1, 'max_depth': 20, 'min_child_samples': 30, 'n_estimators': 700, 'num_leaves': 100, 'reg_alpha': 0.5, 'reg_lambda': 0.0, 'subsample': 0.8}",-0.010350452238661816,-0.009550887265298732,-0.009921282215721272,-0.009453306926138223,-0.009656254648237994,-0.009786436658811608,0.00032239825991601026,135
0.42058167457580564,0.027460465753915822,0.0047972679138183595,0.0004363901911734986,0.8,0.1,20,30,700,100,0.5,0.5,0.8,"{'colsample_bytree': 0.8, 'learning_rate': 0.1, 'max_depth': 20, 'min_child_samples': 30, 'n_estimators': 700, 'num_leaves': 100, 'reg_alpha': 0.5, 'reg_lambda': 0.5, 'subsample': 0.8}",-0.010628870067023174,-0.009582897017737993,-0.010079647130757334,-0.009579724706656068,-0.009638871462732498,-0.009902002076981414,0.00040861309389004564,205
0.3982579708099365,0.02044093152537581,0.004488182067871094,8.859711391085695e-05,0.8,0.1,20,30,700,100,0.5,1.0,0.8,"{'colsample_bytree': 0.8, 'learning_rate': 0.1, 'max_depth': 20, 'min_child_samples': 30, 'n_estimators': 700, 'num_leaves': 100, 'reg_alpha': 0.5, 'reg_lambda': 1.0, 'subsample': 0.8}",-0.010610848378499314,-0.009792558079415311,-0.009677563395534524,-0.009521326661217914,-0.00970784220554771,-0.009862027744042956,0.0003845610174942245,189
0.31800403594970705,0.025437973291274788,0.004018068313598633,0.00029416033660825317,0.8,0.1,20,30,700,100,1.0,0.0,0.8,"{'colsample_bytree': 0.8, 'learning_rate': 0.1, 'max_depth': 20, 'min_child_samples': 30, 'n_estimators': 700, 'num_leaves': 100, 'reg_alpha': 1.0, 'reg_lambda': 0.0, 'subsample': 0.8}",-0.010573029347270427,-0.009638495463071932,-0.00999351831161312,-0.009847450723307715,-0.009678426193933774,-0.009946184007839394,0.00033802081735987777,233
0.34390931129455565,0.014091313992997472,0.004607772827148438,9.189662818367052e-05,0.8,0.1,20,30,700,100,1.0,0.5,0.8,"{'colsample_bytree': 0.8, 'learning_rate': 0.1, 'max_depth': 20, 'min_child_samples': 30, 'n_estimators': 700, 'num_leaves': 100, 'reg_alpha': 1.0, 'reg_lambda': 0.5, 'subsample': 0.8}",-0.010859364971854359,-0.009675316087184882,-0.009891444354941457,-0.009729878273336072,-0.00954158517508456,-0.009939517772480266,0.0004733986746611498,221
0.33817782402038576,0.0041813911729842255,0.004015398025512695,5.584400362159456e-05,0.8,0.1,20,30,700,100,1.0,1.0,0.8,"{'colsample_bytree': 0.8, 'learning_rate': 0.1, 'max_depth': 20, 'min_child_samples': 30, 'n_estimators': 700, 'num_leaves': 100, 'reg_alpha': 1.0, 'reg_lambda': 1.0, 'subsample': 0.8}",-0.010880050971800542,-0.009718820160317151,-0.010027811316954599,-0.009921907730064185,-0.009659708957847318,-0.01004165982739676,0.0004398963456227721,289
