mean_fit_time,std_fit_time,mean_score_time,std_score_time,param_colsample_bytree,param_learning_rate,param_max_depth,param_min_child_samples,param_n_estimators,param_num_leaves,param_reg_alpha,param_reg_lambda,param_subsample,params,split0_test_score,split1_test_score,split2_test_score,split3_test_score,split4_test_score,mean_test_score,std_test_score,rank_test_score
0.4150084972381592,0.017000933468571813,0.008355283737182617,0.0009128086458442518,0.8,0.1,-1,10,500,31,0.0,0.0,0.8,"{'colsample_bytree': 0.8, 'learning_rate': 0.1, 'max_depth': -1, 'min_child_samples': 10, 'n_estimators': 500, 'num_leaves': 31, 'reg_alpha': 0.0, 'reg_lambda': 0.0, 'subsample': 0.8}",-0.012551778889413985,-0.011860405443540055,-0.012131808240158592,-0.012759207190148725,-0.012724117353654583,-0.012405463423383188,0.0003521529656552822,253
0.45064330101013184,0.037160894047857634,0.008290958404541016,0.0009133611000671379,0.8,0.1,-1,10,500,31,0.0,0.5,0.8,"{'colsample_bytree': 0.8, 'learning_rate': 0.1, 'max_depth': -1, 'min_child_samples': 10, 'n_estimators': 500, 'num_leaves': 31, 'reg_alpha': 0.0, 'reg_lambda': 0.5, 'subsample': 0.8}",-0.012360303199792345,-0.011896895569787135,-0.01193134731810416,-0.012600792370750262,-0.012994395584576752,-0.012356746808602131,0.0004143898488573405,249
0.4321269989013672,0.018664632240063116,0.008839941024780274,0.001480565935648236,0.8,0.1,-1,10,500,31,0.0,1.0,0.8,"{'colsample_bytree': 0.8, 'learning_rate': 0.1, 'max_depth': -1, 'min_child_samples': 10, 'n_estimators': 500, 'num_leaves': 31, 'reg_alpha': 0.0, 'reg_lambda': 1.0, 'subsample': 0.8}",-0.012441397569392948,-0.01181790488997392,-0.011474626241988362,-0.012368939677256344,-0.0128372039447446,-0.012188014464671234,0.0004825531607793206,230
0.32240471839904783,0.010189046790335544,0.006091260910034179,0.0005694748337379313,0.8,0.1,-1,10,500,31,0.5,0.0,0.8,"{'colsample_bytree': 0.8, 'learning_rate': 0.1, 'max_depth': -1, 'min_child_samples': 10, 'n_estimators': 500, 'num_leaves': 31, 'reg_alpha': 0.5, 'reg_lambda': 0.0, 'subsample': 0.8}",-0.012158782951135459,-0.011824853444877919,-0.011576923947891934,-0.012438761522925857,-0.0121811140312801,-0.012036087179622254,0.00030122557357271847,167
0.3433374881744385,0.02967269002935352,0.006001806259155274,0.00024703223543517505,0.8,0.1,-1,10,500,31,0.5,0.5,0.8,"{'colsample_bytree': 0.8, 'learning_rate': 0.1, 'max_depth': -1, 'min_child_samples': 10, 'n_estimators': 500, 'num_leaves': 31, 'reg_alpha': 0.5, 'reg_lambda': 0.5, 'subsample': 0.8}",-0.012090722878776697,-0.011229526344175208,-0.011610275938316766,-0.01238847354370236,-0.01229344640428861,-0.011922489021851928,0.0004383441266830569,117
0.33592815399169923,0.013633047476244473,0.00597996711730957,0.0004364914942754584,0.8,0.1,-1,10,500,31,0.5,1.0,0.8,"{'colsample_bytree': 0.8, 'learning_rate': 0.1, 'max_depth': -1, 'min_child_samples': 10, 'n_estimators': 500, 'num_leaves': 31, 'reg_alpha': 0.5, 'reg_lambda': 1.0, 'subsample': 0.8}",-0.012312077986500974,-0.011508944282785927,-0.01149914734224988,-0.01230625671607327,-0.012316821443877291,-0.01198864955429747,0.00039570357900699677,135
0.1855219841003418,0.0035605825876933693,0.00403437614440918,0.0001489752229128094,0.8,0.1,-1,10,500,31,1.0,0.0,0.8,"{'colsample_bytree': 0.8, 'learning_rate': 0.1, 'max_depth': -1, 'min_child_samples': 10, 'n_estimators': 500, 'num_leaves': 31, 'reg_alpha': 1.0, 'reg_lambda': 0.0, 'subsample': 0.8}",-0.011963930954555503,-0.011371364610805639,-0.011293603931174193,-0.01215592157957504,-0.01240167242150442,-0.011837298699522958,0.0004356082051406234,77
0.18812050819396972,0.0076795128412377655,0.004130506515502929,0.00016766496325942664,0.8,0.1,-1,10,500,31,1.0,0.5,0.8,"{'colsample_bytree': 0.8, 'learning_rate': 0.1, 'max_depth': -1, 'min_child_samples': 10, 'n_estimators': 500, 'num_leaves': 31, 'reg_alpha': 1.0, 'reg_lambda': 0.5, 'subsample': 0.8}",-0.011957401899869756,-0.011243275718764318,-0.011427662778413084,-0.012113236137189988,-0.01218037567230098,-0.011784390441307625,0.000378136622951635,45
0.1800318717956543,0.004139376978860877,0.0039157867431640625,0.00012799192261690463,0.8,0.1,-1,10,500,31,1.0,1.0,0.8,"{'colsample_bytree': 0.8, 'learning_rate': 0.1, 'max_depth': -1, 'min_child_samples': 10, 'n_estimators': 500, 'num_leaves': 31, 'reg_alpha': 1.0, 'reg_lambda': 1.0, 'subsample': 0.8}",-0.012124334458933078,-0.011168939345798616,-0.01124823374990833,-0.011856946108474958,-0.01225913711302982,-0.011731518155228961,0.0004468729836963272,29
0.6752049446105957,0.03853983410750104,0.013840246200561523,0.0019732954220782854,0.8,0.1,-1,10,500,50,0.0,0.0,0.8,"{'colsample_bytree': 0.8, 'learning_rate': 0.1, 'max_depth': -1, 'min_child_samples': 10, 'n_estimators': 500, 'num_leaves': 50, 'reg_alpha': 0.0, 'reg_lambda': 0.0, 'subsample': 0.8}",-0.01257317834112205,-0.011704424831789281,-0.011778532961413258,-0.01257858375355014,-0.01251309379348648,-0.01222956273627224,0.00039986870128509017,236
0.6653019905090332,0.041521944134026254,0.01278080940246582,0.0010017672066078747,0.8,0.1,-1,10,500,50,0.0,0.5,0.8,"{'colsample_bytree': 0.8, 'learning_rate': 0.1, 'max_depth': -1, 'min_child_samples': 10, 'n_estimators': 500, 'num_leaves': 50, 'reg_alpha': 0.0, 'reg_lambda': 0.5, 'subsample': 0.8}",-0.012430239372109676,-0.011670476982237577,-0.011706273791605904,-0.012369872383641893,-0.012730118013494664,-0.012181396108617942,0.0004207901079511784,229
0.6407341003417969,0.008387682204767197,0.011585187911987305,0.0005898514464550531,0.8,0.1,-1,10,500,50,0.0,1.0,0.8,"{'colsample_bytree': 0.8, 'learning_rate': 0.1, 'max_depth': -1, 'min_child_samples': 10, 'n_estimators': 500, 'num_leaves': 50, 'reg_alpha': 0.0, 'reg_lambda': 1.0, 'subsample': 0.8}",-0.012528592768267835,-0.011893853357501689,-0.011779425472267355,-0.012228738766906593,-0.012515295657052315,-0.012189181204399158,0.00030926815026334123,232
0.3423351764678955,0.03020504532962452,0.005517148971557617,0.000554686296146211,0.8,0.1,-1,10,500,50,0.5,0.0,0.8,"{'colsample_bytree': 0.8, 'learning_rate': 0.1, 'max_depth': -1, 'min_child_samples': 10, 'n_estimators': 500, 'num_leaves': 50, 'reg_alpha': 0.5, 'reg_lambda': 0.0, 'subsample': 0.8}",-0.012255406424731092,-0.011481731638761873,-0.01159289395709997,-0.012218845516358958,-0.012142709225870577,-0.011938317352564492,0.000331302099125806,121
0.33740482330322263,0.014738831016973332,0.005426979064941407,0.00033781809731278536,0.8,0.1,-1,10,500,50,0.5,0.5,0.8,"{'colsample_bytree': 0.8, 'learning_rate': 0.1, 'max_depth': -1, 'min_child_samples': 10, 'n_estimators': 500, 'num_leaves': 50, 'reg_alpha': 0.5, 'reg_lambda': 0.5, 'subsample': 0.8}",-0.012032602321895203,-0.011655808549663494,-0.011610765198120503,-0.012433744463853617,-0.012074877711584416,-0.011961559649023446,0.0003024523187451718,125
0.3417944431304932,0.010952338703197454,0.0056439399719238285,0.0003849915297624721,0.8,0.1,-1,10,500,50,0.5,1.0,0.8,"{'colsample_bytree': 0.8, 'learning_rate': 0.1, 'max_depth': -1, 'min_child_samples': 10, 'n_estimators': 500, 'num_leaves': 50, 'reg_alpha': 0.5, 'reg_lambda': 1.0, 'subsample': 0.8}",-0.011991716973081178,-0.011671870700273326,-0.01171404530672081,-0.012477851346130876,-0.012298319243830303,-0.0120307607140073,0.0003168951577698312,155
0.20107645988464357,0.003647296354052027,0.004071044921875,7.81620904302797e-05,0.8,0.1,-1,10,500,50,1.0,0.0,0.8,"{'colsample_bytree': 0.8, 'learning_rate': 0.1, 'max_depth': -1, 'min_child_samples': 10, 'n_estimators': 500, 'num_leaves': 50, 'reg_alpha': 1.0, 'reg_lambda': 0.0, 'subsample': 0.8}",-0.011973605842563895,-0.011315539459486624,-0.011240046303042976,-0.012018322594162283,-0.012205701838381062,-0.011750643207527367,0.0003945801359912233,33
0.21940689086914061,0.02545977665976691,0.004112625122070312,0.0003145316933807038,0.8,0.1,-1,10,500,50,1.0,0.5,0.8,"{'colsample_bytree': 0.8, 'learning_rate': 0.1, 'max_depth': -1, 'min_child_samples': 10, 'n_estimators': 500, 'num_leaves': 50, 'reg_alpha': 1.0, 'reg_lambda': 0.5, 'subsample': 0.8}",-0.011808700953611424,-0.011311426647976318,-0.011344489102766055,-0.011933202622032811,-0.01219133762281083,-0.011717831389839489,0.00034158438941654667,21
0.24829163551330566,0.040454249694227076,0.004999876022338867,0.0014086666398246178,0.8,0.1,-1,10,500,50,1.0,1.0,0.8,"{'colsample_bytree': 0.8, 'learning_rate': 0.1, 'max_depth': -1, 'min_child_samples': 10, 'n_estimators': 500, 'num_leaves': 50, 'reg_alpha': 1.0, 'reg_lambda': 1.0, 'subsample': 0.8}",-0.011720889840596684,-0.011236517919039624,-0.011477830203933479,-0.011989479913215355,-0.012146216754858845,-0.011714186926328796,0.0003306094708789782,9
1.204143190383911,0.02602052125532436,0.022864151000976562,0.0023455656134586393,0.8,0.1,-1,10,500,100,0.0,0.0,0.8,"{'colsample_bytree': 0.8, 'learning_rate': 0.1, 'max_depth': -1, 'min_child_samples': 10, 'n_estimators': 500, 'num_leaves': 100, 'reg_alpha': 0.0, 'reg_lambda': 0.0, 'subsample': 0.8}",-0.012444665073046575,-0.011959533169700704,-0.011704559187674303,-0.012728506761199942,-0.012553708717282413,-0.012278194581780786,0.0003839281659835036,243
1.2195943355560304,0.04370533446015088,0.021582984924316408,0.0003157987273184099,0.8,0.1,-1,10,500,100,0.0,0.5,0.8,"{'colsample_bytree': 0.8, 'learning_rate': 0.1, 'max_depth': -1, 'min_child_samples': 10, 'n_estimators': 500, 'num_leaves': 100, 'reg_alpha': 0.0, 'reg_lambda': 0.5, 'subsample': 0.8}",-0.012269985472661856,-0.011565157293229298,-0.011644148177089296,-0.012541079572602344,-0.01255835419796377,-0.012115744942709313,0.00043038422610648186,201
1.2538324356079102,0.05879384261813303,0.023018503189086915,0.0011129394043370817,0.8,0.1,-1,10,500,100,0.0,1.0,0.8,"{'colsample_bytree': 0.8, 'learning_rate': 0.1, 'max_depth': -1, 'min_child_samples': 10, 'n_estimators': 500, 'num_leaves': 100, 'reg_alpha': 0.0, 'reg_lambda': 1.0, 'subsample': 0.8}",-0.012233494761525833,-0.011861398711375901,-0.011898937576040582,-0.012260990948578151,-0.0123689126502336,-0.012124746929550814,0.0002051085424769741,213
0.3712038040161133,0.014057147957086739,0.005036067962646484,0.0002465494077206315,0.8,0.1,-1,10,500,100,0.5,0.0,0.8,"{'colsample_bytree': 0.8, 'learning_rate': 0.1, 'max_depth': -1, 'min_child_samples': 10, 'n_estimators': 500, 'num_leaves': 100, 'reg_alpha': 0.5, 'reg_lambda': 0.0, 'subsample': 0.8}",-0.012014202544267688,-0.011785541197983142,-0.011820084704927961,-0.012145277600574187,-0.012203683298435849,-0.011993757869237764,0.00016790559831945817,143
0.3631287097930908,0.01921745121667149,0.004976654052734375,0.00016059501716088003,0.8,0.1,-1,10,500,100,0.5,0.5,0.8,"{'colsample_bytree': 0.8, 'learning_rate': 0.1, 'max_depth': -1, 'min_child_samples': 10, 'n_estimators': 500, 'num_leaves': 100, 'reg_alpha': 0.5, 'reg_lambda': 0.5, 'subsample': 0.8}",-0.011874671305934418,-0.011533728833145365,-0.011481313150877017,-0.012224643611573797,-0.012051369035272578,-0.011833145187360635,0.0002884624819800527,75
0.36748785972595216,0.009960892605585426,0.005478858947753906,0.0006893042245177576,0.8,0.1,-1,10,500,100,0.5,1.0,0.8,"{'colsample_bytree': 0.8, 'learning_rate': 0.1, 'max_depth': -1, 'min_child_samples': 10, 'n_estimators': 500, 'num_leaves': 100, 'reg_alpha': 0.5, 'reg_lambda': 1.0, 'subsample': 0.8}",-0.011841995228919443,-0.011521269548847711,-0.011580524327795924,-0.012396677205780455,-0.012105825534616367,-0.011889258369191979,0.0003278235798438805,111
0.2228236675262451,0.01139109668339597,0.0044539451599121095,0.0005580938725993395,0.8,0.1,-1,10,500,100,1.0,0.0,0.8,"{'colsample_bytree': 0.8, 'learning_rate': 0.1, 'max_depth': -1, 'min_child_samples': 10, 'n_estimators': 500, 'num_leaves': 100, 'reg_alpha': 1.0, 'reg_lambda': 0.0, 'subsample': 0.8}",-0.011851017230230822,-0.011183807018409257,-0.011493175204730581,-0.01197787461780048,-0.011823482229256482,-0.011665871260085526,0.0002893704213383016,1
0.22815384864807128,0.01587448563506702,0.004268074035644531,0.000325236486567472,0.8,0.1,-1,10,500,100,1.0,0.5,0.8,"{'colsample_bytree': 0.8, 'learning_rate': 0.1, 'max_depth': -1, 'min_child_samples': 10, 'n_estimators': 500, 'num_leaves': 100, 'reg_alpha': 1.0, 'reg_lambda': 0.5, 'subsample': 0.8}",-0.01189655172713026,-0.011303626592238694,-0.011285772276169458,-0.012077354615580885,-0.01219538685520638,-0.011751738413265135,0.0003851621456435004,37
0.22768917083740234,0.009991291845585037,0.004139423370361328,0.00020100996737638712,0.8,0.1,-1,10,500,100,1.0,1.0,0.8,"{'colsample_bytree': 0.8, 'learning_rate': 0.1, 'max_depth': -1, 'min_child_samples': 10, 'n_estimators': 500, 'num_leaves': 100, 'reg_alpha': 1.0, 'reg_lambda': 1.0, 'subsample': 0.8}",-0.011778776627797593,-0.01137229331348942,-0.011326459931062207,-0.011950029852816723,-0.012148579531694558,-0.0117152278513721,0.0003211568771926772,13
0.5890090465545654,0.05645227372419269,0.013753318786621093,0.0011902497595955215,0.8,0.1,-1,10,700,31,0.0,0.0,0.8,"{'colsample_bytree': 0.8, 'learning_rate': 0.1, 'max_depth': -1, 'min_child_samples': 10, 'n_estimators': 700, 'num_leaves': 31, 'reg_alpha': 0.0, 'reg_lambda': 0.0, 'subsample': 0.8}",-0.012600591379179927,-0.011908260110456906,-0.012193215673216067,-0.01280072384124014,-0.01275549636966468,-0.012451657474751545,0.0003459536299757908,266
0.5801711559295655,0.02775236947905868,0.01482095718383789,0.002600004461983167,0.8,0.1,-1,10,700,31,0.0,0.5,0.8,"{'colsample_bytree': 0.8, 'learning_rate': 0.1, 'max_depth': -1, 'min_child_samples': 10, 'n_estimators': 700, 'num_leaves': 31, 'reg_alpha': 0.0, 'reg_lambda': 0.5, 'subsample': 0.8}",-0.012407654476122612,-0.011926071244783197,-0.011976455299650295,-0.012631761782890166,-0.013039520763820676,-0.012396292713453388,0.0004163385114828791,251
0.5748467922210694,0.016173331473750118,0.0136932373046875,0.0011971638646535773,0.8,0.1,-1,10,700,31,0.0,1.0,0.8,"{'colsample_bytree': 0.8, 'learning_rate': 0.1, 'max_depth': -1, 'min_child_samples': 10, 'n_estimators': 700, 'num_leaves': 31, 'reg_alpha': 0.0, 'reg_lambda': 1.0, 'subsample': 0.8}",-0.01246166044421814,-0.011873582230695436,-0.01154227462270316,-0.012424926622294975,-0.012881077946018955,-0.012236704373186132,0.0004723008615367887,238
0.3497976779937744,0.030970567230961085,0.0063365459442138675,0.00032914790048940826,0.8,0.1,-1,10,700,31,0.5,0.0,0.8,"{'colsample_bytree': 0.8, 'learning_rate': 0.1, 'max_depth': -1, 'min_child_samples': 10, 'n_estimators': 700, 'num_leaves': 31, 'reg_alpha': 0.5, 'reg_lambda': 0.0, 'subsample': 0.8}",-0.012158782951135459,-0.011824853444877919,-0.011576923947891934,-0.012438761522925857,-0.0121811140312801,-0.012036087179622254,0.00030122557357271847,167
0.33747711181640627,0.007325588801637978,0.005898523330688477,0.00032542633538966724,0.8,0.1,-1,10,700,31,0.5,0.5,0.8,"{'colsample_bytree': 0.8, 'learning_rate': 0.1, 'max_depth': -1, 'min_child_samples': 10, 'n_estimators': 700, 'num_leaves': 31, 'reg_alpha': 0.5, 'reg_lambda': 0.5, 'subsample': 0.8}",-0.012090722878776697,-0.011229526344175208,-0.011610275938316766,-0.01238847354370236,-0.01229344640428861,-0.011922489021851928,0.0004383441266830569,117
0.383402681350708,0.0508327273472869,0.006161880493164062,0.0004936723539531549,0.8,0.1,-1,10,700,31,0.5,1.0,0.8,"{'colsample_bytree': 0.8, 'learning_rate': 0.1, 'max_depth': -1, 'min_child_samples': 10, 'n_estimators': 700, 'num_leaves': 31, 'reg_alpha': 0.5, 'reg_lambda': 1.0, 'subsample': 0.8}",-0.012312077986500974,-0.011508944282785927,-0.01149914734224988,-0.01230625671607327,-0.012316821443877291,-0.01198864955429747,0.00039570357900699677,135
0.21430792808532714,0.03402670920960867,0.0040950775146484375,0.0002710366483872685,0.8,0.1,-1,10,700,31,1.0,0.0,0.8,"{'colsample_bytree': 0.8, 'learning_rate': 0.1, 'max_depth': -1, 'min_child_samples': 10, 'n_estimators': 700, 'num_leaves': 31, 'reg_alpha': 1.0, 'reg_lambda': 0.0, 'subsample': 0.8}",-0.011963930954555503,-0.011371364610805639,-0.011293603931174193,-0.01215592157957504,-0.01240167242150442,-0.011837298699522958,0.0004356082051406234,77
0.1992091178894043,0.008827096015232768,0.004079627990722656,0.00021600546425607089,0.8,0.1,-1,10,700,31,1.0,0.5,0.8,"{'colsample_bytree': 0.8, 'learning_rate': 0.1, 'max_depth': -1, 'min_child_samples': 10, 'n_estimators': 700, 'num_leaves': 31, 'reg_alpha': 1.0, 'reg_lambda': 0.5, 'subsample': 0.8}",-0.011957401899869756,-0.011243275718764318,-0.011427662778413084,-0.012113236137189988,-0.01218037567230098,-0.011784390441307625,0.000378136622951635,45
0.21921877861022948,0.01742544961533026,0.004455947875976562,0.00013350806902432563,0.8,0.1,-1,10,700,31,1.0,1.0,0.8,"{'colsample_bytree': 0.8, 'learning_rate': 0.1, 'max_depth': -1, 'min_child_samples': 10, 'n_estimators': 700, 'num_leaves': 31, 'reg_alpha': 1.0, 'reg_lambda': 1.0, 'subsample': 0.8}",-0.012124334458933078,-0.011168939345798616,-0.01124823374990833,-0.011856946108474958,-0.01225913711302982,-0.011731518155228961,0.0004468729836963272,29
0.8545946598052978,0.02002479290498843,0.01969308853149414,0.0009531360346887477,0.8,0.1,-1,10,700,50,0.0,0.0,0.8,"{'colsample_bytree': 0.8, 'learning_rate': 0.1, 'max_depth': -1, 'min_child_samples': 10, 'n_estimators': 700, 'num_leaves': 50, 'reg_alpha': 0.0, 'reg_lambda': 0.0, 'subsample': 0.8}",-0.012576491800880081,-0.01171787671927929,-0.011797492034088652,-0.012594083090569759,-0.012528474233349124,-0.01224288357563338,0.00039754330468936525,240
0.8753020286560058,0.010891168776718939,0.020000648498535157,0.0008717516451616388,0.8,0.1,-1,10,700,50,0.0,0.5,0.8,"{'colsample_bytree': 0.8, 'learning_rate': 0.1, 'max_depth': -1, 'min_child_samples': 10, 'n_estimators': 700, 'num_leaves': 50, 'reg_alpha': 0.0, 'reg_lambda': 0.5, 'subsample': 0.8}",-0.012435978017663886,-0.011688439280327548,-0.011725327924651915,-0.012382319192931007,-0.012747777688888594,-0.01219596842089259,0.00041854820278010497,233
0.8660579681396484,0.015032744765044017,0.02053060531616211,0.0015608064558181247,0.8,0.1,-1,10,700,50,0.0,1.0,0.8,"{'colsample_bytree': 0.8, 'learning_rate': 0.1, 'max_depth': -1, 'min_child_samples': 10, 'n_estimators': 700, 'num_leaves': 50, 'reg_alpha': 0.0, 'reg_lambda': 1.0, 'subsample': 0.8}",-0.012518892259137819,-0.011919303871458448,-0.011795683407937187,-0.01224777450197348,-0.01252910981650306,-0.012202152771401997,0.00030150522329388255,234
0.3726537227630615,0.053039200890885554,0.005513763427734375,0.0005303185695432443,0.8,0.1,-1,10,700,50,0.5,0.0,0.8,"{'colsample_bytree': 0.8, 'learning_rate': 0.1, 'max_depth': -1, 'min_child_samples': 10, 'n_estimators': 700, 'num_leaves': 50, 'reg_alpha': 0.5, 'reg_lambda': 0.0, 'subsample': 0.8}",-0.012255406424731092,-0.011481731638761873,-0.01159289395709997,-0.012218845516358958,-0.012142709225870577,-0.011938317352564492,0.000331302099125806,121
0.3620623588562012,0.03233103428896895,0.005634498596191406,0.00014338735173085565,0.8,0.1,-1,10,700,50,0.5,0.5,0.8,"{'colsample_bytree': 0.8, 'learning_rate': 0.1, 'max_depth': -1, 'min_child_samples': 10, 'n_estimators': 700, 'num_leaves': 50, 'reg_alpha': 0.5, 'reg_lambda': 0.5, 'subsample': 0.8}",-0.012032602321895203,-0.011655808549663494,-0.011610765198120503,-0.012433744463853617,-0.012074877711584416,-0.011961559649023446,0.0003024523187451718,125
0.3636643886566162,0.012558855087924564,0.00586857795715332,0.0005851028324130111,0.8,0.1,-1,10,700,50,0.5,1.0,0.8,"{'colsample_bytree': 0.8, 'learning_rate': 0.1, 'max_depth': -1, 'min_child_samples': 10, 'n_estimators': 700, 'num_leaves': 50, 'reg_alpha': 0.5, 'reg_lambda': 1.0, 'subsample': 0.8}",-0.011991716973081178,-0.011671870700273326,-0.01171404530672081,-0.012477851346130876,-0.012298319243830303,-0.0120307607140073,0.0003168951577698312,155
0.22087664604187013,0.01009377746744166,0.004143238067626953,0.00034837864406369863,0.8,0.1,-1,10,700,50,1.0,0.0,0.8,"{'colsample_bytree': 0.8, 'learning_rate': 0.1, 'max_depth': -1, 'min_child_samples': 10, 'n_estimators': 700, 'num_leaves': 50, 'reg_alpha': 1.0, 'reg_lambda': 0.0, 'subsample': 0.8}",-0.011973605842563895,-0.011315539459486624,-0.011240046303042976,-0.012018322594162283,-0.012205701838381062,-0.011750643207527367,0.0003945801359912233,33
0.22005729675292968,0.010342207034845237,0.0039996147155761715,0.00011008202776448291,0.8,0.1,-1,10,700,50,1.0,0.5,0.8,"{'colsample_bytree': 0.8, 'learning_rate': 0.1, 'max_depth': -1, 'min_child_samples': 10, 'n_estimators': 700, 'num_leaves': 50, 'reg_alpha': 1.0, 'reg_lambda': 0.5, 'subsample': 0.8}",-0.011808700953611424,-0.011311426647976318,-0.011344489102766055,-0.011933202622032811,-0.01219133762281083,-0.011717831389839489,0.00034158438941654667,21
0.2581169128417969,0.03422631593075466,0.005398464202880859,0.0022230713281526132,0.8,0.1,-1,10,700,50,1.0,1.0,0.8,"{'colsample_bytree': 0.8, 'learning_rate': 0.1, 'max_depth': -1, 'min_child_samples': 10, 'n_estimators': 700, 'num_leaves': 50, 'reg_alpha': 1.0, 'reg_lambda': 1.0, 'subsample': 0.8}",-0.011720889840596684,-0.011236517919039624,-0.011477830203933479,-0.011989479913215355,-0.012146216754858845,-0.011714186926328796,0.0003306094708789782,9
1.7353989124298095,0.06275770475030358,0.03221836090087891,0.0013503193627439542,0.8,0.1,-1,10,700,100,0.0,0.0,0.8,"{'colsample_bytree': 0.8, 'learning_rate': 0.1, 'max_depth': -1, 'min_child_samples': 10, 'n_estimators': 700, 'num_leaves': 100, 'reg_alpha': 0.0, 'reg_lambda': 0.0, 'subsample': 0.8}",-0.012443957821318807,-0.011959824613291155,-0.011704799438991165,-0.012729511820061028,-0.012554199754596247,-0.01227845868965168,0.00038405328651579544,244
1.6841575622558593,0.01755817279801745,0.03265957832336426,0.0016577277470848982,0.8,0.1,-1,10,700,100,0.0,0.5,0.8,"{'colsample_bytree': 0.8, 'learning_rate': 0.1, 'max_depth': -1, 'min_child_samples': 10, 'n_estimators': 700, 'num_leaves': 100, 'reg_alpha': 0.0, 'reg_lambda': 0.5, 'subsample': 0.8}",-0.0122696873350176,-0.011565379094855019,-0.011645417581922932,-0.012541331438597881,-0.012558549188957172,-0.012116072927870121,0.00043011802590562834,202
1.8802446365356444,0.17276873121319963,0.031958150863647464,0.0015027788192574062,0.8,0.1,-1,10,700,100,0.0,1.0,0.8,"{'colsample_bytree': 0.8, 'learning_rate': 0.1, 'max_depth': -1, 'min_child_samples': 10, 'n_estimators': 700, 'num_leaves': 100, 'reg_alpha': 0.0, 'reg_lambda': 1.0, 'subsample': 0.8}",-0.012232834242899497,-0.011861882795278602,-0.0119000014529782,-0.012260489893253158,-0.01237004811090738,-0.012125051299063369,0.00020488499613153185,214
0.3808880805969238,0.030655751708238678,0.005254173278808593,0.0005688233530880975,0.8,0.1,-1,10,700,100,0.5,0.0,0.8,"{'colsample_bytree': 0.8, 'learning_rate': 0.1, 'max_depth': -1, 'min_child_samples': 10, 'n_estimators': 700, 'num_leaves': 100, 'reg_alpha': 0.5, 'reg_lambda': 0.0, 'subsample': 0.8}",-0.012014202544267688,-0.011785541197983142,-0.011820084704927961,-0.012145277600574187,-0.012203683298435849,-0.011993757869237764,0.00016790559831945817,143
0.3860340595245361,0.03927666039111324,0.005309915542602539,0.0004771149922626088,0.8,0.1,-1,10,700,100,0.5,0.5,0.8,"{'colsample_bytree': 0.8, 'learning_rate': 0.1, 'max_depth': -1, 'min_child_samples': 10, 'n_estimators': 700, 'num_leaves': 100, 'reg_alpha': 0.5, 'reg_lambda': 0.5, 'subsample': 0.8}",-0.011874671305934418,-0.011533728833145365,-0.011481313150877017,-0.012224643611573797,-0.012051369035272578,-0.011833145187360635,0.0002884624819800527,75
0.38178391456604005,0.015310265699789077,0.005349159240722656,0.0005933583488967165,0.8,0.1,-1,10,700,100,0.5,1.0,0.8,"{'colsample_bytree': 0.8, 'learning_rate': 0.1, 'max_depth': -1, 'min_child_samples': 10, 'n_estimators': 700, 'num_leaves': 100, 'reg_alpha': 0.5, 'reg_lambda': 1.0, 'subsample': 0.8}",-0.011841995228919443,-0.011521269548847711,-0.011580524327795924,-0.012396677205780455,-0.012105825534616367,-0.011889258369191979,0.0003278235798438805,111
0.26195874214172366,0.027311939932251665,0.004578161239624024,0.000690631594909768,0.8,0.1,-1,10,700,100,1.0,0.0,0.8,"{'colsample_bytree': 0.8, 'learning_rate': 0.1, 'max_depth': -1, 'min_child_samples': 10, 'n_estimators': 700, 'num_leaves': 100, 'reg_alpha': 1.0, 'reg_lambda': 0.0, 'subsample': 0.8}",-0.011851017230230822,-0.011183807018409257,-0.011493175204730581,-0.01197787461780048,-0.011823482229256482,-0.011665871260085526,0.0002893704213383016,1
0.24514546394348144,0.01540592564778487,0.004512214660644531,0.0003890835067009562,0.8,0.1,-1,10,700,100,1.0,0.5,0.8,"{'colsample_bytree': 0.8, 'learning_rate': 0.1, 'max_depth': -1, 'min_child_samples': 10, 'n_estimators': 700, 'num_leaves': 100, 'reg_alpha': 1.0, 'reg_lambda': 0.5, 'subsample': 0.8}",-0.01189655172713026,-0.011303626592238694,-0.011285772276169458,-0.012077354615580885,-0.01219538685520638,-0.011751738413265135,0.0003851621456435004,37
0.2454141139984131,0.01400542959426373,0.0044307708740234375,0.0004944133391556065,0.8,0.1,-1,10,700,100,1.0,1.0,0.8,"{'colsample_bytree': 0.8, 'learning_rate': 0.1, 'max_depth': -1, 'min_child_samples': 10, 'n_estimators': 700, 'num_leaves': 100, 'reg_alpha': 1.0, 'reg_lambda': 1.0, 'subsample': 0.8}",-0.011778776627797593,-0.01137229331348942,-0.011326459931062207,-0.011950029852816723,-0.012148579531694558,-0.0117152278513721,0.0003211568771926772,13
0.44625139236450195,0.04619299583729466,0.012680625915527344,0.006082676722948092,0.8,0.1,-1,20,500,31,0.0,0.0,0.8,"{'colsample_bytree': 0.8, 'learning_rate': 0.1, 'max_depth': -1, 'min_child_samples': 20, 'n_estimators': 500, 'num_leaves': 31, 'reg_alpha': 0.0, 'reg_lambda': 0.0, 'subsample': 0.8}",-0.012557867628380251,-0.012353658744047823,-0.012073202615624438,-0.012550393423464389,-0.012928532355033332,-0.012492730953310046,0.00028029831043294124,277
0.4047268867492676,0.014417312407999445,0.009457635879516601,0.0004348773025591968,0.8,0.1,-1,20,500,31,0.0,0.5,0.8,"{'colsample_bytree': 0.8, 'learning_rate': 0.1, 'max_depth': -1, 'min_child_samples': 20, 'n_estimators': 500, 'num_leaves': 31, 'reg_alpha': 0.0, 'reg_lambda': 0.5, 'subsample': 0.8}",-0.012799654167306305,-0.012324298016944757,-0.012151625742084456,-0.013022760124985884,-0.013008496302335424,-0.012661366870731366,0.00035879764027308656,313
0.40956683158874513,0.010761431049861133,0.009290504455566406,0.0002668376817625383,0.8,0.1,-1,20,500,31,0.0,1.0,0.8,"{'colsample_bytree': 0.8, 'learning_rate': 0.1, 'max_depth': -1, 'min_child_samples': 20, 'n_estimators': 500, 'num_leaves': 31, 'reg_alpha': 0.0, 'reg_lambda': 1.0, 'subsample': 0.8}",-0.01257532290972027,-0.012063471841733365,-0.011958481162491421,-0.01288412909881552,-0.013277075726109176,-0.01255169614777395,0.0004954820713722397,289
0.3194304943084717,0.014234483702424411,0.006280517578125,0.0006580324553000668,0.8,0.1,-1,20,500,31,0.5,0.0,0.8,"{'colsample_bytree': 0.8, 'learning_rate': 0.1, 'max_depth': -1, 'min_child_samples': 20, 'n_estimators': 500, 'num_leaves': 31, 'reg_alpha': 0.5, 'reg_lambda': 0.0, 'subsample': 0.8}",-0.012452326549396592,-0.01166485842731861,-0.011860697531424828,-0.01195737277609928,-0.01222176499536033,-0.012031404055919927,0.00027654658866927285,159
0.3131682872772217,0.017870039563155346,0.006403350830078125,0.0004216971247050261,0.8,0.1,-1,20,500,31,0.5,0.5,0.8,"{'colsample_bytree': 0.8, 'learning_rate': 0.1, 'max_depth': -1, 'min_child_samples': 20, 'n_estimators': 500, 'num_leaves': 31, 'reg_alpha': 0.5, 'reg_lambda': 0.5, 'subsample': 0.8}",-0.012349754956166225,-0.011596363639470583,-0.011824383176799156,-0.012467530480753256,-0.01239309492887407,-0.012126225436412657,0.000349152167127022,215
0.30524725914001466,0.008541212316326386,0.0059986114501953125,0.000170069305304756,0.8,0.1,-1,20,500,31,0.5,1.0,0.8,"{'colsample_bytree': 0.8, 'learning_rate': 0.1, 'max_depth': -1, 'min_child_samples': 20, 'n_estimators': 500, 'num_leaves': 31, 'reg_alpha': 0.5, 'reg_lambda': 1.0, 'subsample': 0.8}",-0.01233831709805195,-0.011671690064497845,-0.011780281112379986,-0.01251451365015498,-0.0121302730507314,-0.012087014995163231,0.0003207365208974741,193
0.18682661056518554,0.01603397235375028,0.004378223419189453,0.00035142156445601094,0.8,0.1,-1,20,500,31,1.0,0.0,0.8,"{'colsample_bytree': 0.8, 'learning_rate': 0.1, 'max_depth': -1, 'min_child_samples': 20, 'n_estimators': 500, 'num_leaves': 31, 'reg_alpha': 1.0, 'reg_lambda': 0.0, 'subsample': 0.8}",-0.012095127404845798,-0.011596896287547382,-0.01154311908142617,-0.012021994485748786,-0.012205813071561336,-0.011892590066225894,0.0002703480380416037,113
0.1758653163909912,0.009007273884251852,0.004118156433105469,0.0002146144092099259,0.8,0.1,-1,20,500,31,1.0,0.5,0.8,"{'colsample_bytree': 0.8, 'learning_rate': 0.1, 'max_depth': -1, 'min_child_samples': 20, 'n_estimators': 500, 'num_leaves': 31, 'reg_alpha': 1.0, 'reg_lambda': 0.5, 'subsample': 0.8}",-0.012063963585196093,-0.01132239960619831,-0.011519868305809701,-0.012085644517652101,-0.01225782620948442,-0.011849940444868126,0.00036193371352955607,83
0.18694143295288085,0.015873313577376293,0.004153251647949219,0.0003227995270900221,0.8,0.1,-1,20,500,31,1.0,1.0,0.8,"{'colsample_bytree': 0.8, 'learning_rate': 0.1, 'max_depth': -1, 'min_child_samples': 20, 'n_estimators': 500, 'num_leaves': 31, 'reg_alpha': 1.0, 'reg_lambda': 1.0, 'subsample': 0.8}",-0.01224182101158867,-0.011397621232499953,-0.011355894716430648,-0.012008426701458609,-0.012337976335370466,-0.01186834799946967,0.00041565537741074146,103
0.6636427879333496,0.07881482498920393,0.017592144012451173,0.0029721007743081364,0.8,0.1,-1,20,500,50,0.0,0.0,0.8,"{'colsample_bytree': 0.8, 'learning_rate': 0.1, 'max_depth': -1, 'min_child_samples': 20, 'n_estimators': 500, 'num_leaves': 50, 'reg_alpha': 0.0, 'reg_lambda': 0.0, 'subsample': 0.8}",-0.012514175688697698,-0.012034898437416208,-0.01231176216951195,-0.012614355281968827,-0.012905411480039498,-0.012476120611526836,0.0002920747737095801,273
0.6170778751373291,0.006034683539136389,0.016723489761352538,0.002357058278516046,0.8,0.1,-1,20,500,50,0.0,0.5,0.8,"{'colsample_bytree': 0.8, 'learning_rate': 0.1, 'max_depth': -1, 'min_child_samples': 20, 'n_estimators': 500, 'num_leaves': 50, 'reg_alpha': 0.0, 'reg_lambda': 0.5, 'subsample': 0.8}",-0.012686159920336703,-0.01229187715972493,-0.012197035040736923,-0.012933023872850315,-0.012728992452822703,-0.012567417689294313,0.00027820132741751145,292
0.6531764030456543,0.03382053325837198,0.018213367462158202,0.0022189560496953787,0.8,0.1,-1,20,500,50,0.0,1.0,0.8,"{'colsample_bytree': 0.8, 'learning_rate': 0.1, 'max_depth': -1, 'min_child_samples': 20, 'n_estimators': 500, 'num_leaves': 50, 'reg_alpha': 0.0, 'reg_lambda': 1.0, 'subsample': 0.8}",-0.012430876871689686,-0.01216058531924547,-0.012408119473617824,-0.012580591191170973,-0.012935248556318566,-0.012503084282408506,0.00025468060208396094,280
0.33361339569091797,0.037379048157728335,0.0057751178741455075,0.0004439898251641624,0.8,0.1,-1,20,500,50,0.5,0.0,0.8,"{'colsample_bytree': 0.8, 'learning_rate': 0.1, 'max_depth': -1, 'min_child_samples': 20, 'n_estimators': 500, 'num_leaves': 50, 'reg_alpha': 0.5, 'reg_lambda': 0.0, 'subsample': 0.8}",-0.012167238969508951,-0.011731960275482534,-0.011621888065646162,-0.012131354867304612,-0.012462473850549485,-0.01202298320569835,0.00030701069252663893,151
0.338778018951416,0.009848172611502923,0.005982685089111328,0.00041961416330438224,0.8,0.1,-1,20,500,50,0.5,0.5,0.8,"{'colsample_bytree': 0.8, 'learning_rate': 0.1, 'max_depth': -1, 'min_child_samples': 20, 'n_estimators': 500, 'num_leaves': 50, 'reg_alpha': 0.5, 'reg_lambda': 0.5, 'subsample': 0.8}",-0.012295873211110395,-0.011736616623449738,-0.011660906403341904,-0.012190983824935215,-0.012442080082744642,-0.012065292029116378,0.0003106414663260658,175
0.3229838371276855,0.011168943708961265,0.005580282211303711,0.00022384752565507226,0.8,0.1,-1,20,500,50,0.5,1.0,0.8,"{'colsample_bytree': 0.8, 'learning_rate': 0.1, 'max_depth': -1, 'min_child_samples': 20, 'n_estimators': 500, 'num_leaves': 50, 'reg_alpha': 0.5, 'reg_lambda': 1.0, 'subsample': 0.8}",-0.012314767956364459,-0.011565243865870123,-0.011672926582502186,-0.01215730052690666,-0.012360136741670023,-0.01201407513466269,0.0003312159912619143,147
0.2104180335998535,0.015489954084548844,0.004599189758300782,0.00047785967865727384,0.8,0.1,-1,20,500,50,1.0,0.0,0.8,"{'colsample_bytree': 0.8, 'learning_rate': 0.1, 'max_depth': -1, 'min_child_samples': 20, 'n_estimators': 500, 'num_leaves': 50, 'reg_alpha': 1.0, 'reg_lambda': 0.0, 'subsample': 0.8}",-0.012102382636935449,-0.01142119624210812,-0.011362897241249127,-0.012060450721187508,-0.01220125261258297,-0.011829635890812634,0.0003606752486576059,71
0.22420024871826172,0.016336674449186298,0.004499292373657227,0.00026350547724522113,0.8,0.1,-1,20,500,50,1.0,0.5,0.8,"{'colsample_bytree': 0.8, 'learning_rate': 0.1, 'max_depth': -1, 'min_child_samples': 20, 'n_estimators': 500, 'num_leaves': 50, 'reg_alpha': 1.0, 'reg_lambda': 0.5, 'subsample': 0.8}",-0.01215603152866864,-0.011442357569358453,-0.011290301143971932,-0.012016710847716737,-0.012141116962474224,-0.011809303610437997,0.00036806278518955996,57
0.20858192443847656,0.022824553540154714,0.004456520080566406,0.000715552157333116,0.8,0.1,-1,20,500,50,1.0,1.0,0.8,"{'colsample_bytree': 0.8, 'learning_rate': 0.1, 'max_depth': -1, 'min_child_samples': 20, 'n_estimators': 500, 'num_leaves': 50, 'reg_alpha': 1.0, 'reg_lambda': 1.0, 'subsample': 0.8}",-0.01214079068668434,-0.011261184891759087,-0.011283148504894988,-0.011825724114479913,-0.012077836324464639,-0.011717736904456594,0.00037884407077519737,17
1.1685860633850098,0.01370119263397196,0.02490086555480957,0.00022690447360584543,0.8,0.1,-1,20,500,100,0.0,0.0,0.8,"{'colsample_bytree': 0.8, 'learning_rate': 0.1, 'max_depth': -1, 'min_child_samples': 20, 'n_estimators': 500, 'num_leaves': 100, 'reg_alpha': 0.0, 'reg_lambda': 0.0, 'subsample': 0.8}",-0.012250591777560119,-0.01259766280226361,-0.012203064606248272,-0.012568927087123477,-0.012657504629381271,-0.01245555018051535,0.00018952194162358377,268
1.1644139766693116,0.011396653340705243,0.025293779373168946,0.001079243442737657,0.8,0.1,-1,20,500,100,0.0,0.5,0.8,"{'colsample_bytree': 0.8, 'learning_rate': 0.1, 'max_depth': -1, 'min_child_samples': 20, 'n_estimators': 500, 'num_leaves': 100, 'reg_alpha': 0.0, 'reg_lambda': 0.5, 'subsample': 0.8}",-0.012391401583930794,-0.01232861023313131,-0.012020916413183714,-0.012292181976828622,-0.01272090805679584,-0.012350803652774058,0.00022422314844866185,247
1.233793592453003,0.0671115791057898,0.025972652435302734,0.0011574377909171468,0.8,0.1,-1,20,500,100,0.0,1.0,0.8,"{'colsample_bytree': 0.8, 'learning_rate': 0.1, 'max_depth': -1, 'min_child_samples': 20, 'n_estimators': 500, 'num_leaves': 100, 'reg_alpha': 0.0, 'reg_lambda': 1.0, 'subsample': 0.8}",-0.012472451251733765,-0.01235739681354693,-0.012231528185582584,-0.0125709157530054,-0.01248851167118702,-0.012424160735011139,0.00011796166547414464,259
0.3348999500274658,0.02444495722779106,0.005803108215332031,0.0007530093524259256,0.8,0.1,-1,20,500,100,0.5,0.0,0.8,"{'colsample_bytree': 0.8, 'learning_rate': 0.1, 'max_depth': -1, 'min_child_samples': 20, 'n_estimators': 500, 'num_leaves': 100, 'reg_alpha': 0.5, 'reg_lambda': 0.0, 'subsample': 0.8}",-0.012034521925966804,-0.011639663326864686,-0.011723298266947086,-0.012353099831468768,-0.012111162095219315,-0.011972349089293332,0.0002610792096416141,129
0.33024115562438966,0.017747105381859318,0.005361318588256836,0.00026654484863864223,0.8,0.1,-1,20,500,100,0.5,0.5,0.8,"{'colsample_bytree': 0.8, 'learning_rate': 0.1, 'max_depth': -1, 'min_child_samples': 20, 'n_estimators': 500, 'num_leaves': 100, 'reg_alpha': 0.5, 'reg_lambda': 0.5, 'subsample': 0.8}",-0.012286105943387176,-0.011671652636518844,-0.011737111713380252,-0.012158434863618055,-0.012304836810039277,-0.012031628393388722,0.00027269182738439167,163
0.356430721282959,0.02535254136702021,0.0056606769561767575,0.0004169594170669982,0.8,0.1,-1,20,500,100,0.5,1.0,0.8,"{'colsample_bytree': 0.8, 'learning_rate': 0.1, 'max_depth': -1, 'min_child_samples': 20, 'n_estimators': 500, 'num_leaves': 100, 'reg_alpha': 0.5, 'reg_lambda': 1.0, 'subsample': 0.8}",-0.012190609386621571,-0.011848417806044714,-0.011418504354616181,-0.012207318093486822,-0.012282886047079783,-0.011989547137569815,0.0003224609375559798,139
0.20130281448364257,0.012570658886659477,0.0042174339294433595,0.00044448890249777816,0.8,0.1,-1,20,500,100,1.0,0.0,0.8,"{'colsample_bytree': 0.8, 'learning_rate': 0.1, 'max_depth': -1, 'min_child_samples': 20, 'n_estimators': 500, 'num_leaves': 100, 'reg_alpha': 1.0, 'reg_lambda': 0.0, 'subsample': 0.8}",-0.011855702746910592,-0.011132417565671631,-0.011378796945920824,-0.011961936927629582,-0.012069893637459103,-0.011679749564718348,0.0003613713944259228,5
0.24151439666748048,0.025526573892247776,0.004774999618530273,0.0006441355135464025,0.8,0.1,-1,20,500,100,1.0,0.5,0.8,"{'colsample_bytree': 0.8, 'learning_rate': 0.1, 'max_depth': -1, 'min_child_samples': 20, 'n_estimators': 500, 'num_leaves': 100, 'reg_alpha': 1.0, 'reg_lambda': 0.5, 'subsample': 0.8}",-0.01201504418251071,-0.011480215830107332,-0.011367513412915647,-0.012083198037176711,-0.012109233505266154,-0.01181104099359531,0.00031961462266160166,61
0.20648326873779296,0.009229036555927394,0.00457000732421875,0.0004602180931368869,0.8,0.1,-1,20,500,100,1.0,1.0,0.8,"{'colsample_bytree': 0.8, 'learning_rate': 0.1, 'max_depth': -1, 'min_child_samples': 20, 'n_estimators': 500, 'num_leaves': 100, 'reg_alpha': 1.0, 'reg_lambda': 1.0, 'subsample': 0.8}",-0.01220592612487863,-0.011328963408740391,-0.01134885911338202,-0.011895601335401431,-0.012231546435834814,-0.01180217928364746,0.00039636543339930584,49
0.5888563632965088,0.04845823516716315,0.016958189010620118,0.0023213373949146146,0.8,0.1,-1,20,700,31,0.0,0.0,0.8,"{'colsample_bytree': 0.8, 'learning_rate': 0.1, 'max_depth': -1, 'min_child_samples': 20, 'n_estimators': 700, 'num_leaves': 31, 'reg_alpha': 0.0, 'reg_lambda': 0.0, 'subsample': 0.8}",-0.012612992094820898,-0.012381324394029874,-0.012200238613546232,-0.01261209676969271,-0.01301048388408955,-0.012563427151235854,0.0002719383995960451,291
0.5683129310607911,0.024244355877466126,0.015900325775146485,0.0009030261403459556,0.8,0.1,-1,20,700,31,0.0,0.5,0.8,"{'colsample_bytree': 0.8, 'learning_rate': 0.1, 'max_depth': -1, 'min_child_samples': 20, 'n_estimators': 700, 'num_leaves': 31, 'reg_alpha': 0.0, 'reg_lambda': 0.5, 'subsample': 0.8}",-0.012815007596616553,-0.012347847738656131,-0.01224529752432878,-0.013070342732420482,-0.013072088130287212,-0.01271011674446183,0.0003518760797199561,319
0.5755545616149902,0.01961618370667577,0.01760106086730957,0.0025529406936797626,0.8,0.1,-1,20,700,31,0.0,1.0,0.8,"{'colsample_bytree': 0.8, 'learning_rate': 0.1, 'max_depth': -1, 'min_child_samples': 20, 'n_estimators': 700, 'num_leaves': 31, 'reg_alpha': 0.0, 'reg_lambda': 1.0, 'subsample': 0.8}",-0.012640096922987606,-0.012131249743997687,-0.01204298262224717,-0.012994503902564288,-0.01336725797467453,-0.012635218233294257,0.0005039284540313677,311
0.3242517948150635,0.009664427831901265,0.0061587333679199215,0.00045609556687594983,0.8,0.1,-1,20,700,31,0.5,0.0,0.8,"{'colsample_bytree': 0.8, 'learning_rate': 0.1, 'max_depth': -1, 'min_child_samples': 20, 'n_estimators': 700, 'num_leaves': 31, 'reg_alpha': 0.5, 'reg_lambda': 0.0, 'subsample': 0.8}",-0.012452326549396592,-0.01166485842731861,-0.011860697531424828,-0.01195737277609928,-0.01222176499536033,-0.012031404055919927,0.00027654658866927285,159
0.3303525447845459,0.018033670821030877,0.0062697410583496095,0.0005624710037725093,0.8,0.1,-1,20,700,31,0.5,0.5,0.8,"{'colsample_bytree': 0.8, 'learning_rate': 0.1, 'max_depth': -1, 'min_child_samples': 20, 'n_estimators': 700, 'num_leaves': 31, 'reg_alpha': 0.5, 'reg_lambda': 0.5, 'subsample': 0.8}",-0.012349754956166225,-0.011596363639470583,-0.011824383176799156,-0.012467530480753256,-0.01239309492887407,-0.012126225436412657,0.000349152167127022,215
0.32883124351501464,0.018333456601331836,0.005963802337646484,0.00013581716875732573,0.8,0.1,-1,20,700,31,0.5,1.0,0.8,"{'colsample_bytree': 0.8, 'learning_rate': 0.1, 'max_depth': -1, 'min_child_samples': 20, 'n_estimators': 700, 'num_leaves': 31, 'reg_alpha': 0.5, 'reg_lambda': 1.0, 'subsample': 0.8}",-0.01233831709805195,-0.011671690064497845,-0.011780281112379986,-0.01251451365015498,-0.0121302730507314,-0.012087014995163231,0.0003207365208974741,193
0.1945239543914795,0.011647032894907629,0.004186773300170898,0.00020542666101880134,0.8,0.1,-1,20,700,31,1.0,0.0,0.8,"{'colsample_bytree': 0.8, 'learning_rate': 0.1, 'max_depth': -1, 'min_child_samples': 20, 'n_estimators': 700, 'num_leaves': 31, 'reg_alpha': 1.0, 'reg_lambda': 0.0, 'subsample': 0.8}",-0.012095127404845798,-0.011596896287547382,-0.01154311908142617,-0.012021994485748786,-0.012205813071561336,-0.011892590066225894,0.0002703480380416037,113
0.20088577270507812,0.016557413164902834,0.005052518844604492,0.0016001889130356631,0.8,0.1,-1,20,700,31,1.0,0.5,0.8,"{'colsample_bytree': 0.8, 'learning_rate': 0.1, 'max_depth': -1, 'min_child_samples': 20, 'n_estimators': 700, 'num_leaves': 31, 'reg_alpha': 1.0, 'reg_lambda': 0.5, 'subsample': 0.8}",-0.012063963585196093,-0.01132239960619831,-0.011519868305809701,-0.012085644517652101,-0.01225782620948442,-0.011849940444868126,0.00036193371352955607,83
0.22038755416870118,0.038855386425896955,0.004397964477539063,0.0004989631086674046,0.8,0.1,-1,20,700,31,1.0,1.0,0.8,"{'colsample_bytree': 0.8, 'learning_rate': 0.1, 'max_depth': -1, 'min_child_samples': 20, 'n_estimators': 700, 'num_leaves': 31, 'reg_alpha': 1.0, 'reg_lambda': 1.0, 'subsample': 0.8}",-0.01224182101158867,-0.011397621232499953,-0.011355894716430648,-0.012008426701458609,-0.012337976335370466,-0.01186834799946967,0.00041565537741074146,103
0.8428942680358886,0.004708869303785717,0.02360525131225586,0.00017609232778178355,0.8,0.1,-1,20,700,50,0.0,0.0,0.8,"{'colsample_bytree': 0.8, 'learning_rate': 0.1, 'max_depth': -1, 'min_child_samples': 20, 'n_estimators': 700, 'num_leaves': 50, 'reg_alpha': 0.0, 'reg_lambda': 0.0, 'subsample': 0.8}",-0.012560838966152949,-0.01205926114971813,-0.012339858775195339,-0.01264458623554522,-0.012922461184588882,-0.012505401262240104,0.00029080236919830225,281
0.9032989501953125,0.06730083733599039,0.023218822479248048,0.00020318849896707304,0.8,0.1,-1,20,700,50,0.0,0.5,0.8,"{'colsample_bytree': 0.8, 'learning_rate': 0.1, 'max_depth': -1, 'min_child_samples': 20, 'n_estimators': 700, 'num_leaves': 50, 'reg_alpha': 0.0, 'reg_lambda': 0.5, 'subsample': 0.8}",-0.012713306358925765,-0.012332790678191981,-0.012225599183016364,-0.012965320466352615,-0.01275367792375632,-0.012598138922048608,0.0002762150443848303,304
0.8670003414154053,0.0255947513541454,0.023494434356689454,0.0008533991987665917,0.8,0.1,-1,20,700,50,0.0,1.0,0.8,"{'colsample_bytree': 0.8, 'learning_rate': 0.1, 'max_depth': -1, 'min_child_samples': 20, 'n_estimators': 700, 'num_leaves': 50, 'reg_alpha': 0.0, 'reg_lambda': 1.0, 'subsample': 0.8}",-0.01244015097781789,-0.012187070070614777,-0.012439863569552888,-0.012608194592538447,-0.01295689715109577,-0.012526435272323954,0.00025380716886955673,284
0.3659017562866211,0.042587905919908645,0.006123733520507812,0.0005418773647429193,0.8,0.1,-1,20,700,50,0.5,0.0,0.8,"{'colsample_bytree': 0.8, 'learning_rate': 0.1, 'max_depth': -1, 'min_child_samples': 20, 'n_estimators': 700, 'num_leaves': 50, 'reg_alpha': 0.5, 'reg_lambda': 0.0, 'subsample': 0.8}",-0.012167238969508951,-0.011731960275482534,-0.011621888065646162,-0.012131354867304612,-0.012462473850549485,-0.01202298320569835,0.00030701069252663893,151
0.3454270839691162,0.008777812382006632,0.00626068115234375,0.0003304501598126431,0.8,0.1,-1,20,700,50,0.5,0.5,0.8,"{'colsample_bytree': 0.8, 'learning_rate': 0.1, 'max_depth': -1, 'min_child_samples': 20, 'n_estimators': 700, 'num_leaves': 50, 'reg_alpha': 0.5, 'reg_lambda': 0.5, 'subsample': 0.8}",-0.012295873211110395,-0.011736616623449738,-0.011660906403341904,-0.012190983824935215,-0.012442080082744642,-0.012065292029116378,0.0003106414663260658,175
0.3400005340576172,0.016414619980218842,0.005902004241943359,0.00040700526070071145,0.8,0.1,-1,20,700,50,0.5,1.0,0.8,"{'colsample_bytree': 0.8, 'learning_rate': 0.1, 'max_depth': -1, 'min_child_samples': 20, 'n_estimators': 700, 'num_leaves': 50, 'reg_alpha': 0.5, 'reg_lambda': 1.0, 'subsample': 0.8}",-0.012314767956364459,-0.011565243865870123,-0.011672926582502186,-0.01215730052690666,-0.012360136741670023,-0.01201407513466269,0.0003312159912619143,147
0.22983794212341307,0.0332124808877412,0.004385137557983398,0.00035936770343872413,0.8,0.1,-1,20,700,50,1.0,0.0,0.8,"{'colsample_bytree': 0.8, 'learning_rate': 0.1, 'max_depth': -1, 'min_child_samples': 20, 'n_estimators': 700, 'num_leaves': 50, 'reg_alpha': 1.0, 'reg_lambda': 0.0, 'subsample': 0.8}",-0.012102382636935449,-0.01142119624210812,-0.011362897241249127,-0.012060450721187508,-0.01220125261258297,-0.011829635890812634,0.0003606752486576059,71
0.21725826263427733,0.004448431052089732,0.004553937911987304,0.00043687771512153844,0.8,0.1,-1,20,700,50,1.0,0.5,0.8,"{'colsample_bytree': 0.8, 'learning_rate': 0.1, 'max_depth': -1, 'min_child_samples': 20, 'n_estimators': 700, 'num_leaves': 50, 'reg_alpha': 1.0, 'reg_lambda': 0.5, 'subsample': 0.8}",-0.01215603152866864,-0.011442357569358453,-0.011290301143971932,-0.012016710847716737,-0.012141116962474224,-0.011809303610437997,0.00036806278518955996,57
0.21471719741821288,0.011545516463107055,0.004191446304321289,0.0001990030278823623,0.8,0.1,-1,20,700,50,1.0,1.0,0.8,"{'colsample_bytree': 0.8, 'learning_rate': 0.1, 'max_depth': -1, 'min_child_samples': 20, 'n_estimators': 700, 'num_leaves': 50, 'reg_alpha': 1.0, 'reg_lambda': 1.0, 'subsample': 0.8}",-0.01214079068668434,-0.011261184891759087,-0.011283148504894988,-0.011825724114479913,-0.012077836324464639,-0.011717736904456594,0.00037884407077519737,17
1.6595331668853759,0.0769932339712394,0.03794617652893066,0.0012451230310789126,0.8,0.1,-1,20,700,100,0.0,0.0,0.8,"{'colsample_bytree': 0.8, 'learning_rate': 0.1, 'max_depth': -1, 'min_child_samples': 20, 'n_estimators': 700, 'num_leaves': 100, 'reg_alpha': 0.0, 'reg_lambda': 0.0, 'subsample': 0.8}",-0.012254689171032701,-0.012601070888256101,-0.012213347533563443,-0.01257503993034897,-0.012668752649836667,-0.012462580034607576,0.0001895624133099631,270
1.7054051876068115,0.09379645689512647,0.0374176025390625,0.00243896732940114,0.8,0.1,-1,20,700,100,0.0,0.5,0.8,"{'colsample_bytree': 0.8, 'learning_rate': 0.1, 'max_depth': -1, 'min_child_samples': 20, 'n_estimators': 700, 'num_leaves': 100, 'reg_alpha': 0.0, 'reg_lambda': 0.5, 'subsample': 0.8}",-0.012393709409002708,-0.01233074938467648,-0.012023077402963439,-0.012294698848994246,-0.012728619110231876,-0.012354170831173749,0.00022604563780385977,248
1.7807080745697021,0.09902435868310767,0.03884897232055664,0.0018858951479338447,0.8,0.1,-1,20,700,100,0.0,1.0,0.8,"{'colsample_bytree': 0.8, 'learning_rate': 0.1, 'max_depth': -1, 'min_child_samples': 20, 'n_estimators': 700, 'num_leaves': 100, 'reg_alpha': 0.0, 'reg_lambda': 1.0, 'subsample': 0.8}",-0.012470110405119106,-0.012362166158470734,-0.012241545821488583,-0.012576296460212858,-0.012496364392586818,-0.012429296647575621,0.00011621502949697569,260
0.35277466773986815,0.040826675689921474,0.005499410629272461,0.0003964072196485908,0.8,0.1,-1,20,700,100,0.5,0.0,0.8,"{'colsample_bytree': 0.8, 'learning_rate': 0.1, 'max_depth': -1, 'min_child_samples': 20, 'n_estimators': 700, 'num_leaves': 100, 'reg_alpha': 0.5, 'reg_lambda': 0.0, 'subsample': 0.8}",-0.012034521925966804,-0.011639663326864686,-0.011723298266947086,-0.012353099831468768,-0.012111162095219315,-0.011972349089293332,0.0002610792096416141,129
0.3498215675354004,0.024135368524903472,0.005635356903076172,0.0005701906326252648,0.8,0.1,-1,20,700,100,0.5,0.5,0.8,"{'colsample_bytree': 0.8, 'learning_rate': 0.1, 'max_depth': -1, 'min_child_samples': 20, 'n_estimators': 700, 'num_leaves': 100, 'reg_alpha': 0.5, 'reg_lambda': 0.5, 'subsample': 0.8}",-0.012286105943387176,-0.011671652636518844,-0.011737111713380252,-0.012158434863618055,-0.012304836810039277,-0.012031628393388722,0.00027269182738439167,163
0.35753393173217773,0.028881009326265545,0.005585432052612305,0.00034138483571274794,0.8,0.1,-1,20,700,100,0.5,1.0,0.8,"{'colsample_bytree': 0.8, 'learning_rate': 0.1, 'max_depth': -1, 'min_child_samples': 20, 'n_estimators': 700, 'num_leaves': 100, 'reg_alpha': 0.5, 'reg_lambda': 1.0, 'subsample': 0.8}",-0.012190609386621571,-0.011848417806044714,-0.011418504354616181,-0.012207318093486822,-0.012282886047079783,-0.011989547137569815,0.0003224609375559798,139
0.2132265567779541,0.007727995993193912,0.004251337051391602,0.00033185621026706754,0.8,0.1,-1,20,700,100,1.0,0.0,0.8,"{'colsample_bytree': 0.8, 'learning_rate': 0.1, 'max_depth': -1, 'min_child_samples': 20, 'n_estimators': 700, 'num_leaves': 100, 'reg_alpha': 1.0, 'reg_lambda': 0.0, 'subsample': 0.8}",-0.011855702746910592,-0.011132417565671631,-0.011378796945920824,-0.011961936927629582,-0.012069893637459103,-0.011679749564718348,0.0003613713944259228,5
0.21862869262695311,0.010429217055623875,0.004288291931152344,0.00013177104766962596,0.8,0.1,-1,20,700,100,1.0,0.5,0.8,"{'colsample_bytree': 0.8, 'learning_rate': 0.1, 'max_depth': -1, 'min_child_samples': 20, 'n_estimators': 700, 'num_leaves': 100, 'reg_alpha': 1.0, 'reg_lambda': 0.5, 'subsample': 0.8}",-0.01201504418251071,-0.011480215830107332,-0.011367513412915647,-0.012083198037176711,-0.012109233505266154,-0.01181104099359531,0.00031961462266160166,61
0.2203364849090576,0.013734296220794183,0.0041296958923339845,0.00023376439671278764,0.8,0.1,-1,20,700,100,1.0,1.0,0.8,"{'colsample_bytree': 0.8, 'learning_rate': 0.1, 'max_depth': -1, 'min_child_samples': 20, 'n_estimators': 700, 'num_leaves': 100, 'reg_alpha': 1.0, 'reg_lambda': 1.0, 'subsample': 0.8}",-0.01220592612487863,-0.011328963408740391,-0.01134885911338202,-0.011895601335401431,-0.012231546435834814,-0.01180217928364746,0.00039636543339930584,49
0.4484373092651367,0.04955016705646048,0.013673973083496094,0.0043478500565748745,0.8,0.1,-1,30,500,31,0.0,0.0,0.8,"{'colsample_bytree': 0.8, 'learning_rate': 0.1, 'max_depth': -1, 'min_child_samples': 30, 'n_estimators': 500, 'num_leaves': 31, 'reg_alpha': 0.0, 'reg_lambda': 0.0, 'subsample': 0.8}",-0.01246632242231672,-0.012586488662290415,-0.012297747383115072,-0.012903589769823086,-0.013000009737082142,-0.012650831594925489,0.00026406975530119807,312
0.42393789291381834,0.00955755435515759,0.010626411437988282,0.0006228521103038727,0.8,0.1,-1,30,500,31,0.0,0.5,0.8,"{'colsample_bytree': 0.8, 'learning_rate': 0.1, 'max_depth': -1, 'min_child_samples': 30, 'n_estimators': 500, 'num_leaves': 31, 'reg_alpha': 0.0, 'reg_lambda': 0.5, 'subsample': 0.8}",-0.012651570606032269,-0.012201208737942603,-0.012381955222427054,-0.012807838486274923,-0.013361163959350792,-0.012680747402405528,0.0003998010048867128,317
0.4141040325164795,0.01011301629204935,0.010650634765625,0.00030852569102556585,0.8,0.1,-1,30,500,31,0.0,1.0,0.8,"{'colsample_bytree': 0.8, 'learning_rate': 0.1, 'max_depth': -1, 'min_child_samples': 30, 'n_estimators': 500, 'num_leaves': 31, 'reg_alpha': 0.0, 'reg_lambda': 1.0, 'subsample': 0.8}",-0.0125014135705441,-0.012397523460464244,-0.012157566885141458,-0.012651216873771853,-0.01316362901276721,-0.012574269960537773,0.00033569443003926444,295
0.31864051818847655,0.009672970251880767,0.006785726547241211,0.0005054021671147685,0.8,0.1,-1,30,500,31,0.5,0.0,0.8,"{'colsample_bytree': 0.8, 'learning_rate': 0.1, 'max_depth': -1, 'min_child_samples': 30, 'n_estimators': 500, 'num_leaves': 31, 'reg_alpha': 0.5, 'reg_lambda': 0.0, 'subsample': 0.8}",-0.012278927017796346,-0.01159705912303742,-0.011789803582986206,-0.012230482412056615,-0.012523746754077057,-0.012084003777990729,0.00033955670996158586,187
0.34688243865966795,0.06019892657660415,0.00706324577331543,0.0006928554272806419,0.8,0.1,-1,30,500,31,0.5,0.5,0.8,"{'colsample_bytree': 0.8, 'learning_rate': 0.1, 'max_depth': -1, 'min_child_samples': 30, 'n_estimators': 500, 'num_leaves': 31, 'reg_alpha': 0.5, 'reg_lambda': 0.5, 'subsample': 0.8}",-0.012370878353194925,-0.011776651712648727,-0.011940268471814756,-0.012164104536693003,-0.012542548713602107,-0.012158890357590704,0.00027787110058755246,221
0.31490511894226075,0.015941399471546686,0.006710529327392578,0.0005949346281789045,0.8,0.1,-1,30,500,31,0.5,1.0,0.8,"{'colsample_bytree': 0.8, 'learning_rate': 0.1, 'max_depth': -1, 'min_child_samples': 30, 'n_estimators': 500, 'num_leaves': 31, 'reg_alpha': 0.5, 'reg_lambda': 1.0, 'subsample': 0.8}",-0.012030658358050336,-0.01180533806584669,-0.011951978784827372,-0.012280851991436,-0.01252385796976804,-0.012118537033985688,0.00025463272063336464,203
0.17364721298217772,0.011141803700077972,0.00408172607421875,0.0002483340269072511,0.8,0.1,-1,30,500,31,1.0,0.0,0.8,"{'colsample_bytree': 0.8, 'learning_rate': 0.1, 'max_depth': -1, 'min_child_samples': 30, 'n_estimators': 500, 'num_leaves': 31, 'reg_alpha': 1.0, 'reg_lambda': 0.0, 'subsample': 0.8}",-0.012032594506404396,-0.011429288374737102,-0.011474137902603088,-0.012062363366375697,-0.012267374388935505,-0.011853151707811158,0.0003378938458353717,95
0.19847607612609863,0.022073049479405183,0.0049231529235839845,0.000427472089915669,0.8,0.1,-1,30,500,31,1.0,0.5,0.8,"{'colsample_bytree': 0.8, 'learning_rate': 0.1, 'max_depth': -1, 'min_child_samples': 30, 'n_estimators': 500, 'num_leaves': 31, 'reg_alpha': 1.0, 'reg_lambda': 0.5, 'subsample': 0.8}",-0.012014531856994224,-0.011494013442659708,-0.011494184433882533,-0.012083645811609927,-0.012356604401268671,-0.011888595989283013,0.0003418163281028079,107
0.18865885734558105,0.017406959604608852,0.004419279098510742,0.0002678049847056647,0.8,0.1,-1,30,500,31,1.0,1.0,0.8,"{'colsample_bytree': 0.8, 'learning_rate': 0.1, 'max_depth': -1, 'min_child_samples': 30, 'n_estimators': 500, 'num_leaves': 31, 'reg_alpha': 1.0, 'reg_lambda': 1.0, 'subsample': 0.8}",-0.012099522071421863,-0.011342086585164045,-0.011501391800765691,-0.01185136068561321,-0.012231076063652063,-0.011805087441323374,0.0003396763476575454,53
0.6677844524383545,0.04687830731149687,0.019556188583374025,0.0041785078876588454,0.8,0.1,-1,30,500,50,0.0,0.0,0.8,"{'colsample_bytree': 0.8, 'learning_rate': 0.1, 'max_depth': -1, 'min_child_samples': 30, 'n_estimators': 500, 'num_leaves': 50, 'reg_alpha': 0.0, 'reg_lambda': 0.0, 'subsample': 0.8}",-0.012412586583704359,-0.012468029311695657,-0.012270654468990814,-0.012689196334573872,-0.012894389903428137,-0.012546971320478568,0.00021980433437844492,288
0.6419302463531494,0.02251446603291456,0.02047567367553711,0.008319543102049921,0.8,0.1,-1,30,500,50,0.0,0.5,0.8,"{'colsample_bytree': 0.8, 'learning_rate': 0.1, 'max_depth': -1, 'min_child_samples': 30, 'n_estimators': 500, 'num_leaves': 50, 'reg_alpha': 0.0, 'reg_lambda': 0.5, 'subsample': 0.8}",-0.012713499508193976,-0.01257021613447217,-0.012314029089475143,-0.012642410386735284,-0.012671036829064498,-0.012582238389588215,0.00014199723704139085,298
0.645058536529541,0.01594226136714583,0.017067623138427735,0.0020781971409761487,0.8,0.1,-1,30,500,50,0.0,1.0,0.8,"{'colsample_bytree': 0.8, 'learning_rate': 0.1, 'max_depth': -1, 'min_child_samples': 30, 'n_estimators': 500, 'num_leaves': 50, 'reg_alpha': 0.0, 'reg_lambda': 1.0, 'subsample': 0.8}",-0.012712885637923808,-0.01243050727212768,-0.011899814334634256,-0.012485358001586429,-0.013144122765443814,-0.012534537602343196,0.0004048497652646791,285
0.30609712600708006,0.012927083975768347,0.005835151672363282,0.0003430772473131284,0.8,0.1,-1,30,500,50,0.5,0.0,0.8,"{'colsample_bytree': 0.8, 'learning_rate': 0.1, 'max_depth': -1, 'min_child_samples': 30, 'n_estimators': 500, 'num_leaves': 50, 'reg_alpha': 0.5, 'reg_lambda': 0.0, 'subsample': 0.8}",-0.012416919813940677,-0.011752853997015538,-0.011715054485816475,-0.01210995123322339,-0.012381570015523721,-0.01207526990910396,0.00029848094694715865,183
0.32569003105163574,0.012268630119609786,0.006130313873291016,0.00034733489599350463,0.8,0.1,-1,30,500,50,0.5,0.5,0.8,"{'colsample_bytree': 0.8, 'learning_rate': 0.1, 'max_depth': -1, 'min_child_samples': 30, 'n_estimators': 500, 'num_leaves': 50, 'reg_alpha': 0.5, 'reg_lambda': 0.5, 'subsample': 0.8}",-0.012214506455648158,-0.011691098997446399,-0.01183782830749069,-0.012391478329854471,-0.01239897115776044,-0.012106776649640032,0.00029091562683131715,199
0.33016142845153806,0.02022112533832741,0.0063651084899902345,0.00033025895794985653,0.8,0.1,-1,30,500,50,0.5,1.0,0.8,"{'colsample_bytree': 0.8, 'learning_rate': 0.1, 'max_depth': -1, 'min_child_samples': 30, 'n_estimators': 500, 'num_leaves': 50, 'reg_alpha': 0.5, 'reg_lambda': 1.0, 'subsample': 0.8}",-0.012285336105555433,-0.011910794777996241,-0.011758276641691937,-0.012386039688101114,-0.012261766333653558,-0.012120442709399656,0.00024200019409248002,207
0.20000643730163575,0.010954018871326646,0.004307317733764649,0.0001603000290965127,0.8,0.1,-1,30,500,50,1.0,0.0,0.8,"{'colsample_bytree': 0.8, 'learning_rate': 0.1, 'max_depth': -1, 'min_child_samples': 30, 'n_estimators': 500, 'num_leaves': 50, 'reg_alpha': 1.0, 'reg_lambda': 0.0, 'subsample': 0.8}",-0.011867028894485505,-0.011283422570897766,-0.011441484147650914,-0.012199525398753859,-0.012352336803606293,-0.011828759563078866,0.0004148348239635684,67
0.186972713470459,0.015497881992486749,0.004244565963745117,0.00044030036544691066,0.8,0.1,-1,30,500,50,1.0,0.5,0.8,"{'colsample_bytree': 0.8, 'learning_rate': 0.1, 'max_depth': -1, 'min_child_samples': 30, 'n_estimators': 500, 'num_leaves': 50, 'reg_alpha': 1.0, 'reg_lambda': 0.5, 'subsample': 0.8}",-0.011918716920856713,-0.011139587795967546,-0.01130063885354397,-0.011864745790804617,-0.012397202782415845,-0.011724178428717738,0.00045424622585469443,25
0.21477670669555665,0.015212341343879344,0.004541444778442383,0.00019347566479778377,0.8,0.1,-1,30,500,50,1.0,1.0,0.8,"{'colsample_bytree': 0.8, 'learning_rate': 0.1, 'max_depth': -1, 'min_child_samples': 30, 'n_estimators': 500, 'num_leaves': 50, 'reg_alpha': 1.0, 'reg_lambda': 1.0, 'subsample': 0.8}",-0.011949677142665463,-0.011276337915883734,-0.011609907459828081,-0.011919472398821317,-0.012496899290373864,-0.011850458841514491,0.00040496227003889964,87
0.8550581932067871,0.014447058636032004,0.02281498908996582,0.0027234919774420724,0.8,0.1,-1,30,500,100,0.0,0.0,0.8,"{'colsample_bytree': 0.8, 'learning_rate': 0.1, 'max_depth': -1, 'min_child_samples': 30, 'n_estimators': 500, 'num_leaves': 100, 'reg_alpha': 0.0, 'reg_lambda': 0.0, 'subsample': 0.8}",-0.012433934123123718,-0.01209296896734755,-0.012098365925022279,-0.012597227508856277,-0.012840444424506966,-0.012412588189771357,0.00028930964851929747,256
0.847371768951416,0.024913866052532548,0.02126455307006836,0.0012875173167578341,0.8,0.1,-1,30,500,100,0.0,0.5,0.8,"{'colsample_bytree': 0.8, 'learning_rate': 0.1, 'max_depth': -1, 'min_child_samples': 30, 'n_estimators': 500, 'num_leaves': 100, 'reg_alpha': 0.0, 'reg_lambda': 0.5, 'subsample': 0.8}",-0.012541013878043454,-0.012206326092705822,-0.012210042727041098,-0.012209999835900051,-0.013095942552868433,-0.012452665017311772,0.00034642353867086545,267
0.8870253562927246,0.058947959634334156,0.021451616287231447,0.0011297486607508658,0.8,0.1,-1,30,500,100,0.0,1.0,0.8,"{'colsample_bytree': 0.8, 'learning_rate': 0.1, 'max_depth': -1, 'min_child_samples': 30, 'n_estimators': 500, 'num_leaves': 100, 'reg_alpha': 0.0, 'reg_lambda': 1.0, 'subsample': 0.8}",-0.012677824413839465,-0.012392048272261867,-0.012192839800639954,-0.012304878652980586,-0.012495061115122627,-0.0124125304509689,0.00016580989618106802,255
0.3583930015563965,0.03692611423539331,0.006446313858032226,0.0006729278027509876,0.8,0.1,-1,30,500,100,0.5,0.0,0.8,"{'colsample_bytree': 0.8, 'learning_rate': 0.1, 'max_depth': -1, 'min_child_samples': 30, 'n_estimators': 500, 'num_leaves': 100, 'reg_alpha': 0.5, 'reg_lambda': 0.0, 'subsample': 0.8}",-0.012268548771219495,-0.011573592167109915,-0.011880912160913098,-0.012030948052169074,-0.012534366508117813,-0.01205767353190588,0.00032802382883275415,173
0.3373705863952637,0.019463058552357415,0.006226587295532227,0.00034997802279641507,0.8,0.1,-1,30,500,100,0.5,0.5,0.8,"{'colsample_bytree': 0.8, 'learning_rate': 0.1, 'max_depth': -1, 'min_child_samples': 30, 'n_estimators': 500, 'num_leaves': 100, 'reg_alpha': 0.5, 'reg_lambda': 0.5, 'subsample': 0.8}",-0.012239189889255995,-0.011721000288735382,-0.011785606843393122,-0.012220400990433327,-0.012403508415514642,-0.012073941285466494,0.00027021329985803374,181
0.32212142944335936,0.028568382084594817,0.005951356887817383,0.0003604120091797678,0.8,0.1,-1,30,500,100,0.5,1.0,0.8,"{'colsample_bytree': 0.8, 'learning_rate': 0.1, 'max_depth': -1, 'min_child_samples': 30, 'n_estimators': 500, 'num_leaves': 100, 'reg_alpha': 0.5, 'reg_lambda': 1.0, 'subsample': 0.8}",-0.012412647800267887,-0.01164467020420506,-0.01170802142086122,-0.012228314306777585,-0.0125137315566912,-0.01210147705776059,0.0003595409657556319,197
0.19182324409484863,0.0069128249942625895,0.004320526123046875,0.0001785197444657035,0.8,0.1,-1,30,500,100,1.0,0.0,0.8,"{'colsample_bytree': 0.8, 'learning_rate': 0.1, 'max_depth': -1, 'min_child_samples': 30, 'n_estimators': 500, 'num_leaves': 100, 'reg_alpha': 1.0, 'reg_lambda': 0.0, 'subsample': 0.8}",-0.011926562649232747,-0.011415710422748382,-0.011417185753336213,-0.012138462886138969,-0.012368006385843334,-0.01185318561945993,0.00038295904738743186,99
0.19508762359619142,0.012840301991357016,0.004311323165893555,0.0003571814930229008,0.8,0.1,-1,30,500,100,1.0,0.5,0.8,"{'colsample_bytree': 0.8, 'learning_rate': 0.1, 'max_depth': -1, 'min_child_samples': 30, 'n_estimators': 500, 'num_leaves': 100, 'reg_alpha': 1.0, 'reg_lambda': 0.5, 'subsample': 0.8}",-0.011864019906320343,-0.011347749300752209,-0.011426823890559953,-0.01187144540904656,-0.012355918890449557,-0.011773191479425725,0.000362890183771284,41
0.2120347023010254,0.01000498510522153,0.004464244842529297,0.0003736038335764218,0.8,0.1,-1,30,500,100,1.0,1.0,0.8,"{'colsample_bytree': 0.8, 'learning_rate': 0.1, 'max_depth': -1, 'min_child_samples': 30, 'n_estimators': 500, 'num_leaves': 100, 'reg_alpha': 1.0, 'reg_lambda': 1.0, 'subsample': 0.8}",-0.012032686072861955,-0.011461731258593788,-0.011585563920297616,-0.012001994616928711,-0.012179922415256596,-0.011852379656787733,0.00027784028032348633,91
0.5604788780212402,0.009951857216225164,0.017565202713012696,0.0008636145382215159,0.8,0.1,-1,30,700,31,0.0,0.0,0.8,"{'colsample_bytree': 0.8, 'learning_rate': 0.1, 'max_depth': -1, 'min_child_samples': 30, 'n_estimators': 700, 'num_leaves': 31, 'reg_alpha': 0.0, 'reg_lambda': 0.0, 'subsample': 0.8}",-0.012550927221180527,-0.01265212038869211,-0.012400531714310237,-0.013015890773736544,-0.013118000876317893,-0.012747494194847461,0.00027474702018812677,321
0.5741774559020996,0.006784518005886943,0.01780390739440918,0.0007778759597552538,0.8,0.1,-1,30,700,31,0.0,0.5,0.8,"{'colsample_bytree': 0.8, 'learning_rate': 0.1, 'max_depth': -1, 'min_child_samples': 30, 'n_estimators': 700, 'num_leaves': 31, 'reg_alpha': 0.0, 'reg_lambda': 0.5, 'subsample': 0.8}",-0.012733011400279971,-0.012287938233200249,-0.012441567453553182,-0.012938169554426282,-0.013468152733404414,-0.012773767874972818,0.00041406446234175246,323
0.5975354671478271,0.053851660397402974,0.01772279739379883,0.0012143648185126065,0.8,0.1,-1,30,700,31,0.0,1.0,0.8,"{'colsample_bytree': 0.8, 'learning_rate': 0.1, 'max_depth': -1, 'min_child_samples': 30, 'n_estimators': 700, 'num_leaves': 31, 'reg_alpha': 0.0, 'reg_lambda': 1.0, 'subsample': 0.8}",-0.012617498451620492,-0.01247436455438409,-0.012251841618865156,-0.012732579375661942,-0.013289676246145318,-0.0126731920493354,0.0003474909939198676,314
0.35078678131103513,0.04218789009920286,0.006914901733398438,0.0008297559755319487,0.8,0.1,-1,30,700,31,0.5,0.0,0.8,"{'colsample_bytree': 0.8, 'learning_rate': 0.1, 'max_depth': -1, 'min_child_samples': 30, 'n_estimators': 700, 'num_leaves': 31, 'reg_alpha': 0.5, 'reg_lambda': 0.0, 'subsample': 0.8}",-0.012278927017796346,-0.01159705912303742,-0.011789803582986206,-0.012230482412056615,-0.012523746754077057,-0.012084003777990729,0.00033955670996158586,187
0.3373067378997803,0.014938922317616458,0.006778573989868164,0.0002944288016532466,0.8,0.1,-1,30,700,31,0.5,0.5,0.8,"{'colsample_bytree': 0.8, 'learning_rate': 0.1, 'max_depth': -1, 'min_child_samples': 30, 'n_estimators': 700, 'num_leaves': 31, 'reg_alpha': 0.5, 'reg_lambda': 0.5, 'subsample': 0.8}",-0.012370878353194925,-0.011776651712648727,-0.011940268471814756,-0.012164104536693003,-0.012542548713602107,-0.012158890357590704,0.00027787110058755246,221
0.3408061981201172,0.019871340607353308,0.006981325149536133,0.0004520682687191293,0.8,0.1,-1,30,700,31,0.5,1.0,0.8,"{'colsample_bytree': 0.8, 'learning_rate': 0.1, 'max_depth': -1, 'min_child_samples': 30, 'n_estimators': 700, 'num_leaves': 31, 'reg_alpha': 0.5, 'reg_lambda': 1.0, 'subsample': 0.8}",-0.012030658358050336,-0.01180533806584669,-0.011951978784827372,-0.012280851991436,-0.01252385796976804,-0.012118537033985688,0.00025463272063336464,203
0.21021323204040526,0.04073867333378013,0.004302883148193359,0.00017207153645689983,0.8,0.1,-1,30,700,31,1.0,0.0,0.8,"{'colsample_bytree': 0.8, 'learning_rate': 0.1, 'max_depth': -1, 'min_child_samples': 30, 'n_estimators': 700, 'num_leaves': 31, 'reg_alpha': 1.0, 'reg_lambda': 0.0, 'subsample': 0.8}",-0.012032594506404396,-0.011429288374737102,-0.011474137902603088,-0.012062363366375697,-0.012267374388935505,-0.011853151707811158,0.0003378938458353717,95
0.2106095314025879,0.015046197565737605,0.0047261714935302734,0.00037754567807657733,0.8,0.1,-1,30,700,31,1.0,0.5,0.8,"{'colsample_bytree': 0.8, 'learning_rate': 0.1, 'max_depth': -1, 'min_child_samples': 30, 'n_estimators': 700, 'num_leaves': 31, 'reg_alpha': 1.0, 'reg_lambda': 0.5, 'subsample': 0.8}",-0.012014531856994224,-0.011494013442659708,-0.011494184433882533,-0.012083645811609927,-0.012356604401268671,-0.011888595989283013,0.0003418163281028079,107
0.19365077018737792,0.010787679154720817,0.0044135570526123045,0.000224753308518049,0.8,0.1,-1,30,700,31,1.0,1.0,0.8,"{'colsample_bytree': 0.8, 'learning_rate': 0.1, 'max_depth': -1, 'min_child_samples': 30, 'n_estimators': 700, 'num_leaves': 31, 'reg_alpha': 1.0, 'reg_lambda': 1.0, 'subsample': 0.8}",-0.012099522071421863,-0.011342086585164045,-0.011501391800765691,-0.01185136068561321,-0.012231076063652063,-0.011805087441323374,0.0003396763476575454,53
0.9017523765563965,0.02307223873702485,0.027303791046142577,0.0017830921952227247,0.8,0.1,-1,30,700,50,0.0,0.0,0.8,"{'colsample_bytree': 0.8, 'learning_rate': 0.1, 'max_depth': -1, 'min_child_samples': 30, 'n_estimators': 700, 'num_leaves': 50, 'reg_alpha': 0.0, 'reg_lambda': 0.0, 'subsample': 0.8}",-0.012421261120401454,-0.012501306833055552,-0.012291513243335868,-0.012719755527100333,-0.01294507553024954,-0.012575782450828552,0.00023123064966718674,296
0.9125702857971192,0.043067747049592854,0.02595524787902832,0.0008849939574071212,0.8,0.1,-1,30,700,50,0.0,0.5,0.8,"{'colsample_bytree': 0.8, 'learning_rate': 0.1, 'max_depth': -1, 'min_child_samples': 30, 'n_estimators': 700, 'num_leaves': 50, 'reg_alpha': 0.0, 'reg_lambda': 0.5, 'subsample': 0.8}",-0.012753713699121672,-0.012604989028467857,-0.012351108852393797,-0.01269210099461057,-0.012711757659299609,-0.012622734046778699,0.00014421357652118357,309
0.8857454776763916,0.0183104039110871,0.0263031005859375,0.0017536000528382719,0.8,0.1,-1,30,700,50,0.0,1.0,0.8,"{'colsample_bytree': 0.8, 'learning_rate': 0.1, 'max_depth': -1, 'min_child_samples': 30, 'n_estimators': 700, 'num_leaves': 50, 'reg_alpha': 0.0, 'reg_lambda': 1.0, 'subsample': 0.8}",-0.012741711304379354,-0.012467620765653331,-0.011933773020116311,-0.012534669823605373,-0.01318627628792989,-0.012572810240336851,0.00040638805267476926,294
0.3221254825592041,0.016800540316063872,0.005814170837402344,0.0003045651391296491,0.8,0.1,-1,30,700,50,0.5,0.0,0.8,"{'colsample_bytree': 0.8, 'learning_rate': 0.1, 'max_depth': -1, 'min_child_samples': 30, 'n_estimators': 700, 'num_leaves': 50, 'reg_alpha': 0.5, 'reg_lambda': 0.0, 'subsample': 0.8}",-0.012416919813940677,-0.011752853997015538,-0.011715054485816475,-0.01210995123322339,-0.012381570015523721,-0.01207526990910396,0.00029848094694715865,183
0.33752951622009275,0.01314522545440564,0.006003046035766601,0.00015394180861684871,0.8,0.1,-1,30,700,50,0.5,0.5,0.8,"{'colsample_bytree': 0.8, 'learning_rate': 0.1, 'max_depth': -1, 'min_child_samples': 30, 'n_estimators': 700, 'num_leaves': 50, 'reg_alpha': 0.5, 'reg_lambda': 0.5, 'subsample': 0.8}",-0.012214506455648158,-0.011691098997446399,-0.01183782830749069,-0.012391478329854471,-0.01239897115776044,-0.012106776649640032,0.00029091562683131715,199
0.3381916046142578,0.01798484418304563,0.006380844116210938,0.0008094368191432445,0.8,0.1,-1,30,700,50,0.5,1.0,0.8,"{'colsample_bytree': 0.8, 'learning_rate': 0.1, 'max_depth': -1, 'min_child_samples': 30, 'n_estimators': 700, 'num_leaves': 50, 'reg_alpha': 0.5, 'reg_lambda': 1.0, 'subsample': 0.8}",-0.012285336105555433,-0.011910794777996241,-0.011758276641691937,-0.012386039688101114,-0.012261766333653558,-0.012120442709399656,0.00024200019409248002,207
0.2250962257385254,0.012698844623522929,0.004906892776489258,0.000493496603684705,0.8,0.1,-1,30,700,50,1.0,0.0,0.8,"{'colsample_bytree': 0.8, 'learning_rate': 0.1, 'max_depth': -1, 'min_child_samples': 30, 'n_estimators': 700, 'num_leaves': 50, 'reg_alpha': 1.0, 'reg_lambda': 0.0, 'subsample': 0.8}",-0.011867028894485505,-0.011283422570897766,-0.011441484147650914,-0.012199525398753859,-0.012352336803606293,-0.011828759563078866,0.0004148348239635684,67
0.22371463775634765,0.023642140597038855,0.004578924179077149,0.0005505816636961186,0.8,0.1,-1,30,700,50,1.0,0.5,0.8,"{'colsample_bytree': 0.8, 'learning_rate': 0.1, 'max_depth': -1, 'min_child_samples': 30, 'n_estimators': 700, 'num_leaves': 50, 'reg_alpha': 1.0, 'reg_lambda': 0.5, 'subsample': 0.8}",-0.011918716920856713,-0.011139587795967546,-0.01130063885354397,-0.011864745790804617,-0.012397202782415845,-0.011724178428717738,0.00045424622585469443,25
0.21364164352416992,0.023307551559800507,0.004541635513305664,0.00031159139278958163,0.8,0.1,-1,30,700,50,1.0,1.0,0.8,"{'colsample_bytree': 0.8, 'learning_rate': 0.1, 'max_depth': -1, 'min_child_samples': 30, 'n_estimators': 700, 'num_leaves': 50, 'reg_alpha': 1.0, 'reg_lambda': 1.0, 'subsample': 0.8}",-0.011949677142665463,-0.011276337915883734,-0.011609907459828081,-0.011919472398821317,-0.012496899290373864,-0.011850458841514491,0.00040496227003889964,87
1.200815486907959,0.017168104027609807,0.030245494842529298,0.000552348977455152,0.8,0.1,-1,30,700,100,0.0,0.0,0.8,"{'colsample_bytree': 0.8, 'learning_rate': 0.1, 'max_depth': -1, 'min_child_samples': 30, 'n_estimators': 700, 'num_leaves': 100, 'reg_alpha': 0.0, 'reg_lambda': 0.0, 'subsample': 0.8}",-0.012439773696426472,-0.012094428115978674,-0.012106298112973871,-0.012610030165977705,-0.012860408108756794,-0.012422187640022703,0.00029490464969383635,257
1.2826061725616456,0.07002710324482439,0.03242058753967285,0.0014777780636482075,0.8,0.1,-1,30,700,100,0.0,0.5,0.8,"{'colsample_bytree': 0.8, 'learning_rate': 0.1, 'max_depth': -1, 'min_child_samples': 30, 'n_estimators': 700, 'num_leaves': 100, 'reg_alpha': 0.0, 'reg_lambda': 0.5, 'subsample': 0.8}",-0.01256027490850452,-0.012217617123952895,-0.012216987923659314,-0.012220774918060858,-0.013109161960808628,-0.012464963366997244,0.00034824591921623797,271
1.2044962406158448,0.024905067674630882,0.03179101943969727,0.0021307441571190894,0.8,0.1,-1,30,700,100,0.0,1.0,0.8,"{'colsample_bytree': 0.8, 'learning_rate': 0.1, 'max_depth': -1, 'min_child_samples': 30, 'n_estimators': 700, 'num_leaves': 100, 'reg_alpha': 0.0, 'reg_lambda': 1.0, 'subsample': 0.8}",-0.012690608632370759,-0.012405535704320066,-0.012195395359617892,-0.012318280511212651,-0.01250819579936994,-0.012423603201378261,0.00016849090798560362,258
0.32988882064819336,0.007640605073719507,0.006492328643798828,0.0006538240882812394,0.8,0.1,-1,30,700,100,0.5,0.0,0.8,"{'colsample_bytree': 0.8, 'learning_rate': 0.1, 'max_depth': -1, 'min_child_samples': 30, 'n_estimators': 700, 'num_leaves': 100, 'reg_alpha': 0.5, 'reg_lambda': 0.0, 'subsample': 0.8}",-0.012268548771219495,-0.011573592167109915,-0.011880912160913098,-0.012030948052169074,-0.012534366508117813,-0.01205767353190588,0.00032802382883275415,173
0.36919589042663575,0.0665116587874438,0.0063816547393798825,0.0006999972016024845,0.8,0.1,-1,30,700,100,0.5,0.5,0.8,"{'colsample_bytree': 0.8, 'learning_rate': 0.1, 'max_depth': -1, 'min_child_samples': 30, 'n_estimators': 700, 'num_leaves': 100, 'reg_alpha': 0.5, 'reg_lambda': 0.5, 'subsample': 0.8}",-0.012239189889255995,-0.011721000288735382,-0.011785606843393122,-0.012220400990433327,-0.012403508415514642,-0.012073941285466494,0.00027021329985803374,181
0.3390040397644043,0.028412922354061634,0.0062100887298583984,0.0005747610047726793,0.8,0.1,-1,30,700,100,0.5,1.0,0.8,"{'colsample_bytree': 0.8, 'learning_rate': 0.1, 'max_depth': -1, 'min_child_samples': 30, 'n_estimators': 700, 'num_leaves': 100, 'reg_alpha': 0.5, 'reg_lambda': 1.0, 'subsample': 0.8}",-0.012412647800267887,-0.01164467020420506,-0.01170802142086122,-0.012228314306777585,-0.0125137315566912,-0.01210147705776059,0.0003595409657556319,197
0.2089083671569824,0.00602837993826564,0.004246759414672852,0.00020082609301354286,0.8,0.1,-1,30,700,100,1.0,0.0,0.8,"{'colsample_bytree': 0.8, 'learning_rate': 0.1, 'max_depth': -1, 'min_child_samples': 30, 'n_estimators': 700, 'num_leaves': 100, 'reg_alpha': 1.0, 'reg_lambda': 0.0, 'subsample': 0.8}",-0.011926562649232747,-0.011415710422748382,-0.011417185753336213,-0.012138462886138969,-0.012368006385843334,-0.01185318561945993,0.00038295904738743186,99
0.2104801654815674,0.004849595897541863,0.004560041427612305,0.00020459833931596425,0.8,0.1,-1,30,700,100,1.0,0.5,0.8,"{'colsample_bytree': 0.8, 'learning_rate': 0.1, 'max_depth': -1, 'min_child_samples': 30, 'n_estimators': 700, 'num_leaves': 100, 'reg_alpha': 1.0, 'reg_lambda': 0.5, 'subsample': 0.8}",-0.011864019906320343,-0.011347749300752209,-0.011426823890559953,-0.01187144540904656,-0.012355918890449557,-0.011773191479425725,0.000362890183771284,41
0.20901403427124024,0.010701907536581057,0.0046726703643798825,0.0003307231842925579,0.8,0.1,-1,30,700,100,1.0,1.0,0.8,"{'colsample_bytree': 0.8, 'learning_rate': 0.1, 'max_depth': -1, 'min_child_samples': 30, 'n_estimators': 700, 'num_leaves': 100, 'reg_alpha': 1.0, 'reg_lambda': 1.0, 'subsample': 0.8}",-0.012032686072861955,-0.011461731258593788,-0.011585563920297616,-0.012001994616928711,-0.012179922415256596,-0.011852379656787733,0.00027784028032348633,91
0.45394482612609866,0.03662697382673687,0.009165525436401367,0.001584556975694028,0.8,0.1,20,10,500,31,0.0,0.0,0.8,"{'colsample_bytree': 0.8, 'learning_rate': 0.1, 'max_depth': 20, 'min_child_samples': 10, 'n_estimators': 500, 'num_leaves': 31, 'reg_alpha': 0.0, 'reg_lambda': 0.0, 'subsample': 0.8}",-0.012551778889413985,-0.011860405443540055,-0.012131808240158592,-0.012759207190148725,-0.012724117353654583,-0.012405463423383188,0.0003521529656552822,253
0.43360214233398436,0.014207974269997512,0.00789346694946289,0.0004073803389722165,0.8,0.1,20,10,500,31,0.0,0.5,0.8,"{'colsample_bytree': 0.8, 'learning_rate': 0.1, 'max_depth': 20, 'min_child_samples': 10, 'n_estimators': 500, 'num_leaves': 31, 'reg_alpha': 0.0, 'reg_lambda': 0.5, 'subsample': 0.8}",-0.012360303199792345,-0.011896895569787135,-0.01193134731810416,-0.012600792370750262,-0.012994395584576752,-0.012356746808602131,0.0004143898488573405,249
0.41703023910522463,0.01014880954689399,0.007710647583007812,9.288139144366591e-05,0.8,0.1,20,10,500,31,0.0,1.0,0.8,"{'colsample_bytree': 0.8, 'learning_rate': 0.1, 'max_depth': 20, 'min_child_samples': 10, 'n_estimators': 500, 'num_leaves': 31, 'reg_alpha': 0.0, 'reg_lambda': 1.0, 'subsample': 0.8}",-0.012441397569392948,-0.01181790488997392,-0.011474626241988362,-0.012368939677256344,-0.0128372039447446,-0.012188014464671234,0.0004825531607793206,230
0.3415963649749756,0.02257172264756291,0.006041812896728516,0.00029205602132070156,0.8,0.1,20,10,500,31,0.5,0.0,0.8,"{'colsample_bytree': 0.8, 'learning_rate': 0.1, 'max_depth': 20, 'min_child_samples': 10, 'n_estimators': 500, 'num_leaves': 31, 'reg_alpha': 0.5, 'reg_lambda': 0.0, 'subsample': 0.8}",-0.012158782951135459,-0.011824853444877919,-0.011576923947891934,-0.012438761522925857,-0.0121811140312801,-0.012036087179622254,0.00030122557357271847,167
0.31829514503479006,0.011972450659817205,0.005792999267578125,0.000249773684882945,0.8,0.1,20,10,500,31,0.5,0.5,0.8,"{'colsample_bytree': 0.8, 'learning_rate': 0.1, 'max_depth': 20, 'min_child_samples': 10, 'n_estimators': 500, 'num_leaves': 31, 'reg_alpha': 0.5, 'reg_lambda': 0.5, 'subsample': 0.8}",-0.012090722878776697,-0.011229526344175208,-0.011610275938316766,-0.01238847354370236,-0.01229344640428861,-0.011922489021851928,0.0004383441266830569,117
0.3309334754943848,0.02130366130532184,0.006215429306030274,0.0005482595097789839,0.8,0.1,20,10,500,31,0.5,1.0,0.8,"{'colsample_bytree': 0.8, 'learning_rate': 0.1, 'max_depth': 20, 'min_child_samples': 10, 'n_estimators': 500, 'num_leaves': 31, 'reg_alpha': 0.5, 'reg_lambda': 1.0, 'subsample': 0.8}",-0.012312077986500974,-0.011508944282785927,-0.01149914734224988,-0.01230625671607327,-0.012316821443877291,-0.01198864955429747,0.00039570357900699677,135
0.21040081977844238,0.027583999732846302,0.004585886001586914,0.0007178920258681403,0.8,0.1,20,10,500,31,1.0,0.0,0.8,"{'colsample_bytree': 0.8, 'learning_rate': 0.1, 'max_depth': 20, 'min_child_samples': 10, 'n_estimators': 500, 'num_leaves': 31, 'reg_alpha': 1.0, 'reg_lambda': 0.0, 'subsample': 0.8}",-0.011963930954555503,-0.011371364610805639,-0.011293603931174193,-0.01215592157957504,-0.01240167242150442,-0.011837298699522958,0.0004356082051406234,77
0.20862040519714356,0.02506708689464026,0.004397392272949219,0.0007319009717916121,0.8,0.1,20,10,500,31,1.0,0.5,0.8,"{'colsample_bytree': 0.8, 'learning_rate': 0.1, 'max_depth': 20, 'min_child_samples': 10, 'n_estimators': 500, 'num_leaves': 31, 'reg_alpha': 1.0, 'reg_lambda': 0.5, 'subsample': 0.8}",-0.011957401899869756,-0.011243275718764318,-0.011427662778413084,-0.012113236137189988,-0.01218037567230098,-0.011784390441307625,0.000378136622951635,45
0.19470477104187012,0.007245598276893634,0.004235267639160156,0.0001961296211703959,0.8,0.1,20,10,500,31,1.0,1.0,0.8,"{'colsample_bytree': 0.8, 'learning_rate': 0.1, 'max_depth': 20, 'min_child_samples': 10, 'n_estimators': 500, 'num_leaves': 31, 'reg_alpha': 1.0, 'reg_lambda': 1.0, 'subsample': 0.8}",-0.012124334458933078,-0.011168939345798616,-0.01124823374990833,-0.011856946108474958,-0.01225913711302982,-0.011731518155228961,0.0004468729836963272,29
0.6445642948150635,0.037059783690318086,0.013089656829833984,0.002859698875326691,0.8,0.1,20,10,500,50,0.0,0.0,0.8,"{'colsample_bytree': 0.8, 'learning_rate': 0.1, 'max_depth': 20, 'min_child_samples': 10, 'n_estimators': 500, 'num_leaves': 50, 'reg_alpha': 0.0, 'reg_lambda': 0.0, 'subsample': 0.8}",-0.01272133383699847,-0.011688255669431137,-0.011486724587563616,-0.012686081961341902,-0.012639538144509804,-0.012244386839968988,0.0005407497645425589,241
0.6334426879882813,0.013008878248491755,0.01203603744506836,0.0017421198191355796,0.8,0.1,20,10,500,50,0.0,0.5,0.8,"{'colsample_bytree': 0.8, 'learning_rate': 0.1, 'max_depth': 20, 'min_child_samples': 10, 'n_estimators': 500, 'num_leaves': 50, 'reg_alpha': 0.0, 'reg_lambda': 0.5, 'subsample': 0.8}",-0.012489929736558174,-0.011646975577938926,-0.01156296377955396,-0.012552229399633123,-0.012811969283104163,-0.012212813555357669,0.0005086180152376173,235
0.6554419517517089,0.020024752640939947,0.012533903121948242,0.0012040637355317182,0.8,0.1,20,10,500,50,0.0,1.0,0.8,"{'colsample_bytree': 0.8, 'learning_rate': 0.1, 'max_depth': 20, 'min_child_samples': 10, 'n_estimators': 500, 'num_leaves': 50, 'reg_alpha': 0.0, 'reg_lambda': 1.0, 'subsample': 0.8}",-0.012171859387721506,-0.01179554629345464,-0.011791183717876023,-0.012504783108820736,-0.012545528514591698,-0.012161780204492921,0.000327562018952968,227
0.3462218761444092,0.03043267986056527,0.005953264236450195,0.0004790194261579537,0.8,0.1,20,10,500,50,0.5,0.0,0.8,"{'colsample_bytree': 0.8, 'learning_rate': 0.1, 'max_depth': 20, 'min_child_samples': 10, 'n_estimators': 500, 'num_leaves': 50, 'reg_alpha': 0.5, 'reg_lambda': 0.0, 'subsample': 0.8}",-0.012446604631113805,-0.011481731638761873,-0.01159289395709997,-0.012218845516358958,-0.012142709225870577,-0.011976556993841037,0.0003739798206985571,131
0.3818472385406494,0.03526719452631544,0.005903291702270508,0.0005385576778558184,0.8,0.1,20,10,500,50,0.5,0.5,0.8,"{'colsample_bytree': 0.8, 'learning_rate': 0.1, 'max_depth': 20, 'min_child_samples': 10, 'n_estimators': 500, 'num_leaves': 50, 'reg_alpha': 0.5, 'reg_lambda': 0.5, 'subsample': 0.8}",-0.012032602321895203,-0.011655808549663494,-0.011610765198120503,-0.012433744463853617,-0.012074877711584416,-0.011961559649023446,0.0003024523187451718,125
0.4213238716125488,0.023247919045591536,0.006411361694335938,0.00013120851779985156,0.8,0.1,20,10,500,50,0.5,1.0,0.8,"{'colsample_bytree': 0.8, 'learning_rate': 0.1, 'max_depth': 20, 'min_child_samples': 10, 'n_estimators': 500, 'num_leaves': 50, 'reg_alpha': 0.5, 'reg_lambda': 1.0, 'subsample': 0.8}",-0.011991716973081178,-0.011671870700273326,-0.01171404530672081,-0.012477851346130876,-0.012298319243830303,-0.0120307607140073,0.0003168951577698312,155
0.22555155754089357,0.021777319850808788,0.004353618621826172,0.00017347494410900824,0.8,0.1,20,10,500,50,1.0,0.0,0.8,"{'colsample_bytree': 0.8, 'learning_rate': 0.1, 'max_depth': 20, 'min_child_samples': 10, 'n_estimators': 500, 'num_leaves': 50, 'reg_alpha': 1.0, 'reg_lambda': 0.0, 'subsample': 0.8}",-0.011973605842563895,-0.011315539459486624,-0.011240046303042976,-0.012018322594162283,-0.012205701838381062,-0.011750643207527367,0.0003945801359912233,33
0.21605353355407714,0.013269629167242957,0.004325962066650391,0.000319037150618153,0.8,0.1,20,10,500,50,1.0,0.5,0.8,"{'colsample_bytree': 0.8, 'learning_rate': 0.1, 'max_depth': 20, 'min_child_samples': 10, 'n_estimators': 500, 'num_leaves': 50, 'reg_alpha': 1.0, 'reg_lambda': 0.5, 'subsample': 0.8}",-0.011808700953611424,-0.011311426647976318,-0.011344489102766055,-0.011933202622032811,-0.01219133762281083,-0.011717831389839489,0.00034158438941654667,21
0.21282896995544434,0.01326345502979572,0.004059457778930664,0.00016488809677881461,0.8,0.1,20,10,500,50,1.0,1.0,0.8,"{'colsample_bytree': 0.8, 'learning_rate': 0.1, 'max_depth': 20, 'min_child_samples': 10, 'n_estimators': 500, 'num_leaves': 50, 'reg_alpha': 1.0, 'reg_lambda': 1.0, 'subsample': 0.8}",-0.011720889840596684,-0.011236517919039624,-0.011477830203933479,-0.011989479913215355,-0.012146216754858845,-0.011714186926328796,0.0003306094708789782,9
1.1328817367553712,0.04390303128960061,0.02201075553894043,0.0009638040836855389,0.8,0.1,20,10,500,100,0.0,0.0,0.8,"{'colsample_bytree': 0.8, 'learning_rate': 0.1, 'max_depth': 20, 'min_child_samples': 10, 'n_estimators': 500, 'num_leaves': 100, 'reg_alpha': 0.0, 'reg_lambda': 0.0, 'subsample': 0.8}",-0.012145360130486244,-0.011779362909644946,-0.01167183659638253,-0.012464621818222704,-0.01273671663638805,-0.012159579618224895,0.0004021935047174687,225
1.2578325271606445,0.08441301335699145,0.02261981964111328,0.001062198857421048,0.8,0.1,20,10,500,100,0.0,0.5,0.8,"{'colsample_bytree': 0.8, 'learning_rate': 0.1, 'max_depth': 20, 'min_child_samples': 10, 'n_estimators': 500, 'num_leaves': 100, 'reg_alpha': 0.0, 'reg_lambda': 0.5, 'subsample': 0.8}",-0.012386466597224127,-0.011721852800535375,-0.011633246939526913,-0.01235464510678559,-0.01257966372743813,-0.012135175034302028,0.0003825315259917915,219
1.1715328693389893,0.01820156921899599,0.024076175689697266,0.002275343696370655,0.8,0.1,20,10,500,100,0.0,1.0,0.8,"{'colsample_bytree': 0.8, 'learning_rate': 0.1, 'max_depth': 20, 'min_child_samples': 10, 'n_estimators': 500, 'num_leaves': 100, 'reg_alpha': 0.0, 'reg_lambda': 1.0, 'subsample': 0.8}",-0.012249087913306447,-0.011661641314205402,-0.011858597223577079,-0.012439873143092533,-0.012406024304751583,-0.01212304477978661,0.00030957072306261576,211
0.3780792236328125,0.021073358796717526,0.005314826965332031,0.0004273232801145754,0.8,0.1,20,10,500,100,0.5,0.0,0.8,"{'colsample_bytree': 0.8, 'learning_rate': 0.1, 'max_depth': 20, 'min_child_samples': 10, 'n_estimators': 500, 'num_leaves': 100, 'reg_alpha': 0.5, 'reg_lambda': 0.0, 'subsample': 0.8}",-0.011885912945843392,-0.011783129338637285,-0.011820084704927961,-0.012145277600574187,-0.01216774183051586,-0.011960429284099735,0.00016360436927906368,123
0.3756561756134033,0.012495850432700883,0.005426216125488281,0.0007428509009854836,0.8,0.1,20,10,500,100,0.5,0.5,0.8,"{'colsample_bytree': 0.8, 'learning_rate': 0.1, 'max_depth': 20, 'min_child_samples': 10, 'n_estimators': 500, 'num_leaves': 100, 'reg_alpha': 0.5, 'reg_lambda': 0.5, 'subsample': 0.8}",-0.01191751501897983,-0.011533728833145365,-0.011502485925079763,-0.012224643611573797,-0.012051369035272578,-0.011845948484810267,0.0002850182489673638,81
0.3933969020843506,0.030619923607155874,0.0051762104034423825,0.0002999419663513587,0.8,0.1,20,10,500,100,0.5,1.0,0.8,"{'colsample_bytree': 0.8, 'learning_rate': 0.1, 'max_depth': 20, 'min_child_samples': 10, 'n_estimators': 500, 'num_leaves': 100, 'reg_alpha': 0.5, 'reg_lambda': 1.0, 'subsample': 0.8}",-0.011841995228919443,-0.011427801321410733,-0.011620594902627837,-0.012066082302772087,-0.012105825534616367,-0.011812459858069294,0.00025924291840474935,65
0.22578091621398927,0.00813471650561338,0.004002904891967774,0.00023201259566297579,0.8,0.1,20,10,500,100,1.0,0.0,0.8,"{'colsample_bytree': 0.8, 'learning_rate': 0.1, 'max_depth': 20, 'min_child_samples': 10, 'n_estimators': 500, 'num_leaves': 100, 'reg_alpha': 1.0, 'reg_lambda': 0.0, 'subsample': 0.8}",-0.011851017230230822,-0.011183807018409257,-0.011493175204730581,-0.01197787461780048,-0.011823482229256482,-0.011665871260085526,0.0002893704213383016,1
0.2457118034362793,0.021792905024901346,0.0042612552642822266,0.00012364995266961004,0.8,0.1,20,10,500,100,1.0,0.5,0.8,"{'colsample_bytree': 0.8, 'learning_rate': 0.1, 'max_depth': 20, 'min_child_samples': 10, 'n_estimators': 500, 'num_leaves': 100, 'reg_alpha': 1.0, 'reg_lambda': 0.5, 'subsample': 0.8}",-0.01189655172713026,-0.011303626592238694,-0.011285772276169458,-0.012077354615580885,-0.01220813509115755,-0.011754288060455368,0.0003881213408803722,39
0.24781303405761718,0.026923858035953315,0.004437923431396484,0.000467826756065653,0.8,0.1,20,10,500,100,1.0,1.0,0.8,"{'colsample_bytree': 0.8, 'learning_rate': 0.1, 'max_depth': 20, 'min_child_samples': 10, 'n_estimators': 500, 'num_leaves': 100, 'reg_alpha': 1.0, 'reg_lambda': 1.0, 'subsample': 0.8}",-0.011778776627797593,-0.01137229331348942,-0.011326459931062207,-0.011950029852816723,-0.012148579531694558,-0.0117152278513721,0.0003211568771926772,13
0.5912602424621582,0.03820433185584815,0.01309342384338379,0.0006700669125898043,0.8,0.1,20,10,700,31,0.0,0.0,0.8,"{'colsample_bytree': 0.8, 'learning_rate': 0.1, 'max_depth': 20, 'min_child_samples': 10, 'n_estimators': 700, 'num_leaves': 31, 'reg_alpha': 0.0, 'reg_lambda': 0.0, 'subsample': 0.8}",-0.012600591379179927,-0.011908260110456906,-0.012193215673216067,-0.01280072384124014,-0.012750722120342025,-0.012450702624887015,0.00034511928371388844,265
0.5974516868591309,0.03450442069525096,0.013274574279785156,0.0007073986131730294,0.8,0.1,20,10,700,31,0.0,0.5,0.8,"{'colsample_bytree': 0.8, 'learning_rate': 0.1, 'max_depth': 20, 'min_child_samples': 10, 'n_estimators': 700, 'num_leaves': 31, 'reg_alpha': 0.0, 'reg_lambda': 0.5, 'subsample': 0.8}",-0.012407654476122612,-0.011926071244783197,-0.011976455299650295,-0.012631761782890166,-0.013039520763820676,-0.012396292713453388,0.0004163385114828791,251
0.6304536819458008,0.05341072910925818,0.013173866271972656,0.0009352463735874589,0.8,0.1,20,10,700,31,0.0,1.0,0.8,"{'colsample_bytree': 0.8, 'learning_rate': 0.1, 'max_depth': 20, 'min_child_samples': 10, 'n_estimators': 700, 'num_leaves': 31, 'reg_alpha': 0.0, 'reg_lambda': 1.0, 'subsample': 0.8}",-0.01246166044421814,-0.011873582230695436,-0.01154227462270316,-0.012424926622294975,-0.012881077946018955,-0.012236704373186132,0.0004723008615367887,238
0.3475985050201416,0.023334559664873026,0.006119728088378906,0.0007734261223388232,0.8,0.1,20,10,700,31,0.5,0.0,0.8,"{'colsample_bytree': 0.8, 'learning_rate': 0.1, 'max_depth': 20, 'min_child_samples': 10, 'n_estimators': 700, 'num_leaves': 31, 'reg_alpha': 0.5, 'reg_lambda': 0.0, 'subsample': 0.8}",-0.012158782951135459,-0.011824853444877919,-0.011576923947891934,-0.012438761522925857,-0.0121811140312801,-0.012036087179622254,0.00030122557357271847,167
0.3326322078704834,0.011476424211343492,0.0058704853057861325,0.000210185719448335,0.8,0.1,20,10,700,31,0.5,0.5,0.8,"{'colsample_bytree': 0.8, 'learning_rate': 0.1, 'max_depth': 20, 'min_child_samples': 10, 'n_estimators': 700, 'num_leaves': 31, 'reg_alpha': 0.5, 'reg_lambda': 0.5, 'subsample': 0.8}",-0.012090722878776697,-0.011229526344175208,-0.011610275938316766,-0.01238847354370236,-0.01229344640428861,-0.011922489021851928,0.0004383441266830569,117
0.4261027336120605,0.07972889800771955,0.00696268081665039,0.0012363272383835338,0.8,0.1,20,10,700,31,0.5,1.0,0.8,"{'colsample_bytree': 0.8, 'learning_rate': 0.1, 'max_depth': 20, 'min_child_samples': 10, 'n_estimators': 700, 'num_leaves': 31, 'reg_alpha': 0.5, 'reg_lambda': 1.0, 'subsample': 0.8}",-0.012312077986500974,-0.011508944282785927,-0.01149914734224988,-0.01230625671607327,-0.012316821443877291,-0.01198864955429747,0.00039570357900699677,135
0.2186230182647705,0.011838290141460837,0.004308557510375977,0.00023678072065693782,0.8,0.1,20,10,700,31,1.0,0.0,0.8,"{'colsample_bytree': 0.8, 'learning_rate': 0.1, 'max_depth': 20, 'min_child_samples': 10, 'n_estimators': 700, 'num_leaves': 31, 'reg_alpha': 1.0, 'reg_lambda': 0.0, 'subsample': 0.8}",-0.011963930954555503,-0.011371364610805639,-0.011293603931174193,-0.01215592157957504,-0.01240167242150442,-0.011837298699522958,0.0004356082051406234,77
0.20306038856506348,0.021990590224702334,0.004044294357299805,0.0004007999131198983,0.8,0.1,20,10,700,31,1.0,0.5,0.8,"{'colsample_bytree': 0.8, 'learning_rate': 0.1, 'max_depth': 20, 'min_child_samples': 10, 'n_estimators': 700, 'num_leaves': 31, 'reg_alpha': 1.0, 'reg_lambda': 0.5, 'subsample': 0.8}",-0.011957401899869756,-0.011243275718764318,-0.011427662778413084,-0.012113236137189988,-0.01218037567230098,-0.011784390441307625,0.000378136622951635,45
0.19121155738830567,0.004787523379198313,0.004004144668579101,0.00014079981527015818,0.8,0.1,20,10,700,31,1.0,1.0,0.8,"{'colsample_bytree': 0.8, 'learning_rate': 0.1, 'max_depth': 20, 'min_child_samples': 10, 'n_estimators': 700, 'num_leaves': 31, 'reg_alpha': 1.0, 'reg_lambda': 1.0, 'subsample': 0.8}",-0.012124334458933078,-0.011168939345798616,-0.01124823374990833,-0.011856946108474958,-0.01225913711302982,-0.011731518155228961,0.0004468729836963272,29
0.8372410774230957,0.013974697280295866,0.02040266990661621,0.0017848779181446305,0.8,0.1,20,10,700,50,0.0,0.0,0.8,"{'colsample_bytree': 0.8, 'learning_rate': 0.1, 'max_depth': 20, 'min_child_samples': 10, 'n_estimators': 700, 'num_leaves': 50, 'reg_alpha': 0.0, 'reg_lambda': 0.0, 'subsample': 0.8}",-0.012727079134530018,-0.011690634242062833,-0.011506718245167046,-0.012697073515810123,-0.012641360271242017,-0.012252573081762409,0.0005377670137746937,242
0.8585201740264893,0.022500840042200085,0.02069382667541504,0.0016522487995232515,0.8,0.1,20,10,700,50,0.0,0.5,0.8,"{'colsample_bytree': 0.8, 'learning_rate': 0.1, 'max_depth': 20, 'min_child_samples': 10, 'n_estimators': 700, 'num_leaves': 50, 'reg_alpha': 0.0, 'reg_lambda': 0.5, 'subsample': 0.8}",-0.012503433007794738,-0.011667294405913901,-0.011586289578150529,-0.012569895100817388,-0.012824894319970902,-0.012230361282529491,0.0005050135802991965,237
0.9169142246246338,0.04506176669310446,0.020493268966674805,0.0009354775924059908,0.8,0.1,20,10,700,50,0.0,1.0,0.8,"{'colsample_bytree': 0.8, 'learning_rate': 0.1, 'max_depth': 20, 'min_child_samples': 10, 'n_estimators': 700, 'num_leaves': 50, 'reg_alpha': 0.0, 'reg_lambda': 1.0, 'subsample': 0.8}",-0.012176283277288006,-0.011809865529884857,-0.01181806453281717,-0.012524068752966097,-0.012558690752339787,-0.012177394569059183,0.00032550473843659183,228
0.35698695182800294,0.02601450758119742,0.005721569061279297,0.0004768095485323419,0.8,0.1,20,10,700,50,0.5,0.0,0.8,"{'colsample_bytree': 0.8, 'learning_rate': 0.1, 'max_depth': 20, 'min_child_samples': 10, 'n_estimators': 700, 'num_leaves': 50, 'reg_alpha': 0.5, 'reg_lambda': 0.0, 'subsample': 0.8}",-0.012446604631113805,-0.011481731638761873,-0.01159289395709997,-0.012218845516358958,-0.012142709225870577,-0.011976556993841037,0.0003739798206985571,131
0.3598012447357178,0.027550474791328064,0.00569767951965332,0.0006368019194560057,0.8,0.1,20,10,700,50,0.5,0.5,0.8,"{'colsample_bytree': 0.8, 'learning_rate': 0.1, 'max_depth': 20, 'min_child_samples': 10, 'n_estimators': 700, 'num_leaves': 50, 'reg_alpha': 0.5, 'reg_lambda': 0.5, 'subsample': 0.8}",-0.012032602321895203,-0.011655808549663494,-0.011610765198120503,-0.012433744463853617,-0.012074877711584416,-0.011961559649023446,0.0003024523187451718,125
0.34832305908203126,0.010931283584199872,0.005306768417358399,0.00019265999806322126,0.8,0.1,20,10,700,50,0.5,1.0,0.8,"{'colsample_bytree': 0.8, 'learning_rate': 0.1, 'max_depth': 20, 'min_child_samples': 10, 'n_estimators': 700, 'num_leaves': 50, 'reg_alpha': 0.5, 'reg_lambda': 1.0, 'subsample': 0.8}",-0.011991716973081178,-0.011671870700273326,-0.01171404530672081,-0.012477851346130876,-0.012298319243830303,-0.0120307607140073,0.0003168951577698312,155
0.21558070182800293,0.0030681585036851735,0.003947925567626953,0.0001249111683416555,0.8,0.1,20,10,700,50,1.0,0.0,0.8,"{'colsample_bytree': 0.8, 'learning_rate': 0.1, 'max_depth': 20, 'min_child_samples': 10, 'n_estimators': 700, 'num_leaves': 50, 'reg_alpha': 1.0, 'reg_lambda': 0.0, 'subsample': 0.8}",-0.011973605842563895,-0.011315539459486624,-0.011240046303042976,-0.012018322594162283,-0.012205701838381062,-0.011750643207527367,0.0003945801359912233,33
0.22527518272399902,0.012043673270765706,0.004159212112426758,0.00039990035762405734,0.8,0.1,20,10,700,50,1.0,0.5,0.8,"{'colsample_bytree': 0.8, 'learning_rate': 0.1, 'max_depth': 20, 'min_child_samples': 10, 'n_estimators': 700, 'num_leaves': 50, 'reg_alpha': 1.0, 'reg_lambda': 0.5, 'subsample': 0.8}",-0.011808700953611424,-0.011311426647976318,-0.011344489102766055,-0.011933202622032811,-0.01219133762281083,-0.011717831389839489,0.00034158438941654667,21
0.23326196670532226,0.03355298838905231,0.0042841434478759766,0.0007957870603251629,0.8,0.1,20,10,700,50,1.0,1.0,0.8,"{'colsample_bytree': 0.8, 'learning_rate': 0.1, 'max_depth': 20, 'min_child_samples': 10, 'n_estimators': 700, 'num_leaves': 50, 'reg_alpha': 1.0, 'reg_lambda': 1.0, 'subsample': 0.8}",-0.011720889840596684,-0.011236517919039624,-0.011477830203933479,-0.011989479913215355,-0.012146216754858845,-0.011714186926328796,0.0003306094708789782,9
1.7175512313842773,0.10831602217666507,0.0325869083404541,0.0011267998694783955,0.8,0.1,20,10,700,100,0.0,0.0,0.8,"{'colsample_bytree': 0.8, 'learning_rate': 0.1, 'max_depth': 20, 'min_child_samples': 10, 'n_estimators': 700, 'num_leaves': 100, 'reg_alpha': 0.0, 'reg_lambda': 0.0, 'subsample': 0.8}",-0.012144720827555768,-0.01178005790596815,-0.011673029961111043,-0.012465059990039747,-0.012737816484158155,-0.01216013703376657,0.00040215983382234404,226
1.6498578071594239,0.018836967984085583,0.03181447982788086,0.0011988160670986432,0.8,0.1,20,10,700,100,0.0,0.5,0.8,"{'colsample_bytree': 0.8, 'learning_rate': 0.1, 'max_depth': 20, 'min_child_samples': 10, 'n_estimators': 700, 'num_leaves': 100, 'reg_alpha': 0.0, 'reg_lambda': 0.5, 'subsample': 0.8}",-0.012386259766484607,-0.01172202056194912,-0.011633552140570524,-0.012354926036941834,-0.01258023472839189,-0.012135398646867596,0.00038255302187478215,220
1.712700080871582,0.09141199064941775,0.03149147033691406,0.0007601601731392251,0.8,0.1,20,10,700,100,0.0,1.0,0.8,"{'colsample_bytree': 0.8, 'learning_rate': 0.1, 'max_depth': 20, 'min_child_samples': 10, 'n_estimators': 700, 'num_leaves': 100, 'reg_alpha': 0.0, 'reg_lambda': 1.0, 'subsample': 0.8}",-0.012247819375429049,-0.011662178808936021,-0.011858293565564646,-0.012440906802549381,-0.012407594583572929,-0.012123358627210406,0.0003098592300017671,212
0.3883521556854248,0.013319678266531325,0.005181264877319336,0.00021031942759164638,0.8,0.1,20,10,700,100,0.5,0.0,0.8,"{'colsample_bytree': 0.8, 'learning_rate': 0.1, 'max_depth': 20, 'min_child_samples': 10, 'n_estimators': 700, 'num_leaves': 100, 'reg_alpha': 0.5, 'reg_lambda': 0.0, 'subsample': 0.8}",-0.011885912945843392,-0.011783129338637285,-0.011820084704927961,-0.012145277600574187,-0.01216774183051586,-0.011960429284099735,0.00016360436927906368,123
0.37265563011169434,0.018719235993210705,0.004972219467163086,0.00018984365872806619,0.8,0.1,20,10,700,100,0.5,0.5,0.8,"{'colsample_bytree': 0.8, 'learning_rate': 0.1, 'max_depth': 20, 'min_child_samples': 10, 'n_estimators': 700, 'num_leaves': 100, 'reg_alpha': 0.5, 'reg_lambda': 0.5, 'subsample': 0.8}",-0.01191751501897983,-0.011533728833145365,-0.011502485925079763,-0.012224643611573797,-0.012051369035272578,-0.011845948484810267,0.0002850182489673638,81
0.3763281345367432,0.01143420759521031,0.005210304260253906,0.0003844655713895941,0.8,0.1,20,10,700,100,0.5,1.0,0.8,"{'colsample_bytree': 0.8, 'learning_rate': 0.1, 'max_depth': 20, 'min_child_samples': 10, 'n_estimators': 700, 'num_leaves': 100, 'reg_alpha': 0.5, 'reg_lambda': 1.0, 'subsample': 0.8}",-0.011841995228919443,-0.011427801321410733,-0.011620594902627837,-0.012066082302772087,-0.012105825534616367,-0.011812459858069294,0.00025924291840474935,65
0.25332326889038087,0.017212964162324495,0.004372501373291015,0.00031422825603352197,0.8,0.1,20,10,700,100,1.0,0.0,0.8,"{'colsample_bytree': 0.8, 'learning_rate': 0.1, 'max_depth': 20, 'min_child_samples': 10, 'n_estimators': 700, 'num_leaves': 100, 'reg_alpha': 1.0, 'reg_lambda': 0.0, 'subsample': 0.8}",-0.011851017230230822,-0.011183807018409257,-0.011493175204730581,-0.01197787461780048,-0.011823482229256482,-0.011665871260085526,0.0002893704213383016,1
0.2827580451965332,0.04233275433808334,0.004798793792724609,0.0007802342708616084,0.8,0.1,20,10,700,100,1.0,0.5,0.8,"{'colsample_bytree': 0.8, 'learning_rate': 0.1, 'max_depth': 20, 'min_child_samples': 10, 'n_estimators': 700, 'num_leaves': 100, 'reg_alpha': 1.0, 'reg_lambda': 0.5, 'subsample': 0.8}",-0.01189655172713026,-0.011303626592238694,-0.011285772276169458,-0.012077354615580885,-0.01220813509115755,-0.011754288060455368,0.0003881213408803722,39
0.24428844451904297,0.016403348228966507,0.004160928726196289,0.00016216988493012732,0.8,0.1,20,10,700,100,1.0,1.0,0.8,"{'colsample_bytree': 0.8, 'learning_rate': 0.1, 'max_depth': 20, 'min_child_samples': 10, 'n_estimators': 700, 'num_leaves': 100, 'reg_alpha': 1.0, 'reg_lambda': 1.0, 'subsample': 0.8}",-0.011778776627797593,-0.01137229331348942,-0.011326459931062207,-0.011950029852816723,-0.012148579531694558,-0.0117152278513721,0.0003211568771926772,13
0.3923213481903076,0.00787811245586713,0.009543371200561524,0.0005866611176720927,0.8,0.1,20,20,500,31,0.0,0.0,0.8,"{'colsample_bytree': 0.8, 'learning_rate': 0.1, 'max_depth': 20, 'min_child_samples': 20, 'n_estimators': 500, 'num_leaves': 31, 'reg_alpha': 0.0, 'reg_lambda': 0.0, 'subsample': 0.8}",-0.012509647970546729,-0.012418353085419848,-0.012065538920760953,-0.012669431219381832,-0.012928532355033332,-0.012518300710228539,0.0002850221285468799,283
0.40924534797668455,0.014118326993728189,0.009400558471679688,0.0003013282392807774,0.8,0.1,20,20,500,31,0.0,0.5,0.8,"{'colsample_bytree': 0.8, 'learning_rate': 0.1, 'max_depth': 20, 'min_child_samples': 20, 'n_estimators': 500, 'num_leaves': 31, 'reg_alpha': 0.0, 'reg_lambda': 0.5, 'subsample': 0.8}",-0.012576460511600624,-0.012386155962757767,-0.012151625742084456,-0.012876741750373616,-0.013014918319624704,-0.012601180457288233,0.000314979077369425,306
0.41200833320617675,0.021259645632594557,0.00933537483215332,0.00018097867979264377,0.8,0.1,20,20,500,31,0.0,1.0,0.8,"{'colsample_bytree': 0.8, 'learning_rate': 0.1, 'max_depth': 20, 'min_child_samples': 20, 'n_estimators': 500, 'num_leaves': 31, 'reg_alpha': 0.0, 'reg_lambda': 1.0, 'subsample': 0.8}",-0.01257532290972027,-0.012063963135154546,-0.011958481162491421,-0.012810378406434385,-0.013277075726109176,-0.012537044267981958,0.0004862847704682674,286
0.30626463890075684,0.011808191920439054,0.005950832366943359,0.000282800520963178,0.8,0.1,20,20,500,31,0.5,0.0,0.8,"{'colsample_bytree': 0.8, 'learning_rate': 0.1, 'max_depth': 20, 'min_child_samples': 20, 'n_estimators': 500, 'num_leaves': 31, 'reg_alpha': 0.5, 'reg_lambda': 0.0, 'subsample': 0.8}",-0.012452326549396592,-0.01166485842731861,-0.011860697531424828,-0.01195737277609928,-0.01222176499536033,-0.012031404055919927,0.00027654658866927285,159
0.32391862869262694,0.014453907019061938,0.006144428253173828,0.0003910470162279806,0.8,0.1,20,20,500,31,0.5,0.5,0.8,"{'colsample_bytree': 0.8, 'learning_rate': 0.1, 'max_depth': 20, 'min_child_samples': 20, 'n_estimators': 500, 'num_leaves': 31, 'reg_alpha': 0.5, 'reg_lambda': 0.5, 'subsample': 0.8}",-0.012349754956166225,-0.011596363639470583,-0.011824383176799156,-0.012467530480753256,-0.01239309492887407,-0.012126225436412657,0.000349152167127022,215
0.3123348236083984,0.011232741093369239,0.005941152572631836,0.00023899176362210465,0.8,0.1,20,20,500,31,0.5,1.0,0.8,"{'colsample_bytree': 0.8, 'learning_rate': 0.1, 'max_depth': 20, 'min_child_samples': 20, 'n_estimators': 500, 'num_leaves': 31, 'reg_alpha': 0.5, 'reg_lambda': 1.0, 'subsample': 0.8}",-0.01233831709805195,-0.011671690064497845,-0.011780281112379986,-0.01251451365015498,-0.0121302730507314,-0.012087014995163231,0.0003207365208974741,193
0.18201985359191894,0.005918703442325213,0.0040743350982666016,0.0002658112475251102,0.8,0.1,20,20,500,31,1.0,0.0,0.8,"{'colsample_bytree': 0.8, 'learning_rate': 0.1, 'max_depth': 20, 'min_child_samples': 20, 'n_estimators': 500, 'num_leaves': 31, 'reg_alpha': 1.0, 'reg_lambda': 0.0, 'subsample': 0.8}",-0.012095127404845798,-0.011596896287547382,-0.01154311908142617,-0.012021994485748786,-0.012205813071561336,-0.011892590066225894,0.0002703480380416037,113
0.21209263801574707,0.018761585568005765,0.0045758247375488285,0.00025947152565936645,0.8,0.1,20,20,500,31,1.0,0.5,0.8,"{'colsample_bytree': 0.8, 'learning_rate': 0.1, 'max_depth': 20, 'min_child_samples': 20, 'n_estimators': 500, 'num_leaves': 31, 'reg_alpha': 1.0, 'reg_lambda': 0.5, 'subsample': 0.8}",-0.012063963585196093,-0.01132239960619831,-0.011519868305809701,-0.012085644517652101,-0.01225782620948442,-0.011849940444868126,0.00036193371352955607,83
0.17876100540161133,0.004356419985181403,0.004054355621337891,0.0003403988948505658,0.8,0.1,20,20,500,31,1.0,1.0,0.8,"{'colsample_bytree': 0.8, 'learning_rate': 0.1, 'max_depth': 20, 'min_child_samples': 20, 'n_estimators': 500, 'num_leaves': 31, 'reg_alpha': 1.0, 'reg_lambda': 1.0, 'subsample': 0.8}",-0.01224182101158867,-0.011397621232499953,-0.011355894716430648,-0.012008426701458609,-0.012337976335370466,-0.01186834799946967,0.00041565537741074146,103
0.6054484844207764,0.014571767216711015,0.01435995101928711,0.00030094692435861305,0.8,0.1,20,20,500,50,0.0,0.0,0.8,"{'colsample_bytree': 0.8, 'learning_rate': 0.1, 'max_depth': 20, 'min_child_samples': 20, 'n_estimators': 500, 'num_leaves': 50, 'reg_alpha': 0.0, 'reg_lambda': 0.0, 'subsample': 0.8}",-0.012604068530798825,-0.012067980396775688,-0.012285758874587148,-0.013019508985873481,-0.012830139142964358,-0.0125614911861999,0.00034737474482468154,290
0.6249343872070312,0.010671956853719895,0.015604257583618164,0.0013494789386469025,0.8,0.1,20,20,500,50,0.0,0.5,0.8,"{'colsample_bytree': 0.8, 'learning_rate': 0.1, 'max_depth': 20, 'min_child_samples': 20, 'n_estimators': 500, 'num_leaves': 50, 'reg_alpha': 0.0, 'reg_lambda': 0.5, 'subsample': 0.8}",-0.012564006185937268,-0.012177558854633966,-0.012183785695307323,-0.012720877230147675,-0.012657955017420928,-0.012460836596689432,0.00023414706835119382,269
0.6416726589202881,0.037620912570978375,0.014874887466430665,0.0005463152143114859,0.8,0.1,20,20,500,50,0.0,1.0,0.8,"{'colsample_bytree': 0.8, 'learning_rate': 0.1, 'max_depth': 20, 'min_child_samples': 20, 'n_estimators': 500, 'num_leaves': 50, 'reg_alpha': 0.0, 'reg_lambda': 1.0, 'subsample': 0.8}",-0.012546858742234164,-0.012004592660826416,-0.012403526456846531,-0.012420950691149743,-0.01308944826448824,-0.012493075363109018,0.00034939651249459974,278
0.3770693302154541,0.04302736849061513,0.006173610687255859,0.0004563663185613177,0.8,0.1,20,20,500,50,0.5,0.0,0.8,"{'colsample_bytree': 0.8, 'learning_rate': 0.1, 'max_depth': 20, 'min_child_samples': 20, 'n_estimators': 500, 'num_leaves': 50, 'reg_alpha': 0.5, 'reg_lambda': 0.0, 'subsample': 0.8}",-0.012167238969508951,-0.011731960275482534,-0.011621888065646162,-0.012073125662563347,-0.012462473850549485,-0.012011337364750097,0.00030376620862519515,145
0.32915234565734863,0.024089099321014475,0.005703878402709961,0.00023638460399670163,0.8,0.1,20,20,500,50,0.5,0.5,0.8,"{'colsample_bytree': 0.8, 'learning_rate': 0.1, 'max_depth': 20, 'min_child_samples': 20, 'n_estimators': 500, 'num_leaves': 50, 'reg_alpha': 0.5, 'reg_lambda': 0.5, 'subsample': 0.8}",-0.012295873211110395,-0.011736616623449738,-0.011660906403341904,-0.012190983824935215,-0.012442080082744642,-0.012065292029116378,0.0003106414663260658,175
0.36425166130065917,0.05418193976420947,0.006383132934570312,0.0007262496417360025,0.8,0.1,20,20,500,50,0.5,1.0,0.8,"{'colsample_bytree': 0.8, 'learning_rate': 0.1, 'max_depth': 20, 'min_child_samples': 20, 'n_estimators': 500, 'num_leaves': 50, 'reg_alpha': 0.5, 'reg_lambda': 1.0, 'subsample': 0.8}",-0.012314767956364459,-0.011565243865870123,-0.011672926582502186,-0.01215730052690666,-0.012360136741670023,-0.01201407513466269,0.0003312159912619143,147
0.21326370239257814,0.012032927621444724,0.004480600357055664,0.0002318834635711206,0.8,0.1,20,20,500,50,1.0,0.0,0.8,"{'colsample_bytree': 0.8, 'learning_rate': 0.1, 'max_depth': 20, 'min_child_samples': 20, 'n_estimators': 500, 'num_leaves': 50, 'reg_alpha': 1.0, 'reg_lambda': 0.0, 'subsample': 0.8}",-0.012102382636935449,-0.01142119624210812,-0.011362897241249127,-0.012060450721187508,-0.01220125261258297,-0.011829635890812634,0.0003606752486576059,71
0.2044224739074707,0.012341019767434305,0.004157114028930664,0.0002632233282908043,0.8,0.1,20,20,500,50,1.0,0.5,0.8,"{'colsample_bytree': 0.8, 'learning_rate': 0.1, 'max_depth': 20, 'min_child_samples': 20, 'n_estimators': 500, 'num_leaves': 50, 'reg_alpha': 1.0, 'reg_lambda': 0.5, 'subsample': 0.8}",-0.01215603152866864,-0.011442357569358453,-0.011290301143971932,-0.012016710847716737,-0.012141116962474224,-0.011809303610437997,0.00036806278518955996,57
0.20016717910766602,0.013788307048429874,0.004145479202270508,0.0003948924730474526,0.8,0.1,20,20,500,50,1.0,1.0,0.8,"{'colsample_bytree': 0.8, 'learning_rate': 0.1, 'max_depth': 20, 'min_child_samples': 20, 'n_estimators': 500, 'num_leaves': 50, 'reg_alpha': 1.0, 'reg_lambda': 1.0, 'subsample': 0.8}",-0.01214079068668434,-0.011261184891759087,-0.011283148504894988,-0.011825724114479913,-0.012077836324464639,-0.011717736904456594,0.00037884407077519737,17
0.937736177444458,0.008339856972174589,0.022074174880981446,0.0004998333328347395,0.8,0.1,20,20,500,100,0.0,0.0,0.8,"{'colsample_bytree': 0.8, 'learning_rate': 0.1, 'max_depth': 20, 'min_child_samples': 20, 'n_estimators': 500, 'num_leaves': 100, 'reg_alpha': 0.0, 'reg_lambda': 0.0, 'subsample': 0.8}",-0.012564532960797218,-0.012259170587752664,-0.01191393797500943,-0.012791097678143367,-0.01267818004949562,-0.01244138385023966,0.00031778569167405495,262
0.9424193382263184,0.04631430739906091,0.022798538208007812,0.0010594988271754257,0.8,0.1,20,20,500,100,0.0,0.5,0.8,"{'colsample_bytree': 0.8, 'learning_rate': 0.1, 'max_depth': 20, 'min_child_samples': 20, 'n_estimators': 500, 'num_leaves': 100, 'reg_alpha': 0.0, 'reg_lambda': 0.5, 'subsample': 0.8}",-0.012473342768718369,-0.012327888707095629,-0.012157835206000805,-0.012413544332250684,-0.012831218883870094,-0.012440765979587116,0.00022228217968343246,261
0.9753365516662598,0.043588005427438355,0.02473149299621582,0.00406834078949945,0.8,0.1,20,20,500,100,0.0,1.0,0.8,"{'colsample_bytree': 0.8, 'learning_rate': 0.1, 'max_depth': 20, 'min_child_samples': 20, 'n_estimators': 500, 'num_leaves': 100, 'reg_alpha': 0.0, 'reg_lambda': 1.0, 'subsample': 0.8}",-0.012308949530996767,-0.012433427903996791,-0.012464679276435091,-0.012165409677768534,-0.012153917663785202,-0.012305276810596476,0.00012985972732083772,245
0.35045251846313474,0.03746868034785175,0.005802679061889649,0.0005624057757525153,0.8,0.1,20,20,500,100,0.5,0.0,0.8,"{'colsample_bytree': 0.8, 'learning_rate': 0.1, 'max_depth': 20, 'min_child_samples': 20, 'n_estimators': 500, 'num_leaves': 100, 'reg_alpha': 0.5, 'reg_lambda': 0.0, 'subsample': 0.8}",-0.012034521925966804,-0.011558947678226602,-0.011723298266947086,-0.012381860153742359,-0.012193498229972418,-0.011978425250971054,0.0003010694790339717,133
0.3760664939880371,0.03169207590417595,0.005782985687255859,0.00013930702706960104,0.8,0.1,20,20,500,100,0.5,0.5,0.8,"{'colsample_bytree': 0.8, 'learning_rate': 0.1, 'max_depth': 20, 'min_child_samples': 20, 'n_estimators': 500, 'num_leaves': 100, 'reg_alpha': 0.5, 'reg_lambda': 0.5, 'subsample': 0.8}",-0.012249508747502249,-0.011725758725771043,-0.011661475215785054,-0.012202376540770318,-0.012304836810039277,-0.012028791207973588,0.0002763327696183819,153
0.34495229721069337,0.020738201030590306,0.005801963806152344,0.0006275264940834133,0.8,0.1,20,20,500,100,0.5,1.0,0.8,"{'colsample_bytree': 0.8, 'learning_rate': 0.1, 'max_depth': 20, 'min_child_samples': 20, 'n_estimators': 500, 'num_leaves': 100, 'reg_alpha': 0.5, 'reg_lambda': 1.0, 'subsample': 0.8}",-0.012210784846783038,-0.011804748723779424,-0.011524427147944265,-0.012132058709251697,-0.012282886047079783,-0.011990981094967641,0.0002848789796363623,141
0.20563955307006837,0.009123509545546043,0.0043563365936279295,0.00038044919356378554,0.8,0.1,20,20,500,100,1.0,0.0,0.8,"{'colsample_bytree': 0.8, 'learning_rate': 0.1, 'max_depth': 20, 'min_child_samples': 20, 'n_estimators': 500, 'num_leaves': 100, 'reg_alpha': 1.0, 'reg_lambda': 0.0, 'subsample': 0.8}",-0.011855702746910592,-0.011132417565671631,-0.011378796945920824,-0.011961936927629582,-0.012069893637459103,-0.011679749564718348,0.0003613713944259228,5
0.21229200363159179,0.00787370349627604,0.004387903213500977,0.00023444989624810933,0.8,0.1,20,20,500,100,1.0,0.5,0.8,"{'colsample_bytree': 0.8, 'learning_rate': 0.1, 'max_depth': 20, 'min_child_samples': 20, 'n_estimators': 500, 'num_leaves': 100, 'reg_alpha': 1.0, 'reg_lambda': 0.5, 'subsample': 0.8}",-0.01201504418251071,-0.011480215830107332,-0.011367513412915647,-0.012083198037176711,-0.012109233505266154,-0.01181104099359531,0.00031961462266160166,61
0.21792755126953126,0.016664345633566734,0.004393911361694336,0.0002906708187141609,0.8,0.1,20,20,500,100,1.0,1.0,0.8,"{'colsample_bytree': 0.8, 'learning_rate': 0.1, 'max_depth': 20, 'min_child_samples': 20, 'n_estimators': 500, 'num_leaves': 100, 'reg_alpha': 1.0, 'reg_lambda': 1.0, 'subsample': 0.8}",-0.01220592612487863,-0.011328963408740391,-0.01134885911338202,-0.011895601335401431,-0.012231546435834814,-0.01180217928364746,0.00039636543339930584,49
0.5863845348358154,0.0714143061760632,0.0157289981842041,0.0011276029764114117,0.8,0.1,20,20,700,31,0.0,0.0,0.8,"{'colsample_bytree': 0.8, 'learning_rate': 0.1, 'max_depth': 20, 'min_child_samples': 20, 'n_estimators': 700, 'num_leaves': 31, 'reg_alpha': 0.0, 'reg_lambda': 0.0, 'subsample': 0.8}",-0.012597174539417957,-0.012462322216815052,-0.012180708445906747,-0.01275925885713178,-0.012961549093089502,-0.012592202630472208,0.00026478130522193395,303
0.5683736324310302,0.029330559045196252,0.015793848037719726,0.0005522758226570302,0.8,0.1,20,20,700,31,0.0,0.5,0.8,"{'colsample_bytree': 0.8, 'learning_rate': 0.1, 'max_depth': 20, 'min_child_samples': 20, 'n_estimators': 700, 'num_leaves': 31, 'reg_alpha': 0.0, 'reg_lambda': 0.5, 'subsample': 0.8}",-0.012636275901019775,-0.012426904912996133,-0.012235116367718684,-0.013003319910422575,-0.013065414948492395,-0.012673406408129913,0.0003214820168834504,315
0.5723940372467041,0.0028732452416546468,0.015508508682250977,0.0008358141837214188,0.8,0.1,20,20,700,31,0.0,1.0,0.8,"{'colsample_bytree': 0.8, 'learning_rate': 0.1, 'max_depth': 20, 'min_child_samples': 20, 'n_estimators': 700, 'num_leaves': 31, 'reg_alpha': 0.0, 'reg_lambda': 1.0, 'subsample': 0.8}",-0.012640096922987606,-0.012126829690663532,-0.012056374242530704,-0.012941489416951085,-0.013360692310277042,-0.012625096516681995,0.0004925739550790474,310
0.32247276306152345,0.008364970220628553,0.00612187385559082,0.00048715264956394216,0.8,0.1,20,20,700,31,0.5,0.0,0.8,"{'colsample_bytree': 0.8, 'learning_rate': 0.1, 'max_depth': 20, 'min_child_samples': 20, 'n_estimators': 700, 'num_leaves': 31, 'reg_alpha': 0.5, 'reg_lambda': 0.0, 'subsample': 0.8}",-0.012452326549396592,-0.01166485842731861,-0.011860697531424828,-0.01195737277609928,-0.01222176499536033,-0.012031404055919927,0.00027654658866927285,159
0.3246438503265381,0.019412172850466196,0.00647425651550293,0.0005467565066331726,0.8,0.1,20,20,700,31,0.5,0.5,0.8,"{'colsample_bytree': 0.8, 'learning_rate': 0.1, 'max_depth': 20, 'min_child_samples': 20, 'n_estimators': 700, 'num_leaves': 31, 'reg_alpha': 0.5, 'reg_lambda': 0.5, 'subsample': 0.8}",-0.012349754956166225,-0.011596363639470583,-0.011824383176799156,-0.012467530480753256,-0.01239309492887407,-0.012126225436412657,0.000349152167127022,215
0.3264328479766846,0.008496316422830512,0.0060727596282958984,0.00038319590543787335,0.8,0.1,20,20,700,31,0.5,1.0,0.8,"{'colsample_bytree': 0.8, 'learning_rate': 0.1, 'max_depth': 20, 'min_child_samples': 20, 'n_estimators': 700, 'num_leaves': 31, 'reg_alpha': 0.5, 'reg_lambda': 1.0, 'subsample': 0.8}",-0.01233831709805195,-0.011671690064497845,-0.011780281112379986,-0.01251451365015498,-0.0121302730507314,-0.012087014995163231,0.0003207365208974741,193
0.1975992202758789,0.005574072570571433,0.004225921630859375,0.00014068154081666955,0.8,0.1,20,20,700,31,1.0,0.0,0.8,"{'colsample_bytree': 0.8, 'learning_rate': 0.1, 'max_depth': 20, 'min_child_samples': 20, 'n_estimators': 700, 'num_leaves': 31, 'reg_alpha': 1.0, 'reg_lambda': 0.0, 'subsample': 0.8}",-0.012095127404845798,-0.011596896287547382,-0.01154311908142617,-0.012021994485748786,-0.012205813071561336,-0.011892590066225894,0.0002703480380416037,113
0.19342470169067383,0.005378546640022933,0.004112768173217774,0.00015840063886301186,0.8,0.1,20,20,700,31,1.0,0.5,0.8,"{'colsample_bytree': 0.8, 'learning_rate': 0.1, 'max_depth': 20, 'min_child_samples': 20, 'n_estimators': 700, 'num_leaves': 31, 'reg_alpha': 1.0, 'reg_lambda': 0.5, 'subsample': 0.8}",-0.012063963585196093,-0.01132239960619831,-0.011519868305809701,-0.012085644517652101,-0.01225782620948442,-0.011849940444868126,0.00036193371352955607,83
0.19451398849487306,0.016277670688321564,0.004197216033935547,0.0005142015586410487,0.8,0.1,20,20,700,31,1.0,1.0,0.8,"{'colsample_bytree': 0.8, 'learning_rate': 0.1, 'max_depth': 20, 'min_child_samples': 20, 'n_estimators': 700, 'num_leaves': 31, 'reg_alpha': 1.0, 'reg_lambda': 1.0, 'subsample': 0.8}",-0.01224182101158867,-0.011397621232499953,-0.011355894716430648,-0.012008426701458609,-0.012337976335370466,-0.01186834799946967,0.00041565537741074146,103
0.8811705589294434,0.04884223129130881,0.023557424545288086,0.0007396319365143029,0.8,0.1,20,20,700,50,0.0,0.0,0.8,"{'colsample_bytree': 0.8, 'learning_rate': 0.1, 'max_depth': 20, 'min_child_samples': 20, 'n_estimators': 700, 'num_leaves': 50, 'reg_alpha': 0.0, 'reg_lambda': 0.0, 'subsample': 0.8}",-0.012624342249034503,-0.012090410559063602,-0.012326719269462981,-0.013045609976002279,-0.01285471104807727,-0.012588358620328127,0.000345752703881495,302
0.8714583396911622,0.036721147230578885,0.022594118118286134,0.00037567783084071246,0.8,0.1,20,20,700,50,0.0,0.5,0.8,"{'colsample_bytree': 0.8, 'learning_rate': 0.1, 'max_depth': 20, 'min_child_samples': 20, 'n_estimators': 700, 'num_leaves': 50, 'reg_alpha': 0.0, 'reg_lambda': 0.5, 'subsample': 0.8}",-0.012602750529931933,-0.012191426953765846,-0.012191049671654058,-0.012744602911631793,-0.01268331094858304,-0.012482628203113334,0.00024213628115686876,275
0.891707181930542,0.04749223155771887,0.023850345611572267,0.0013650089074677856,0.8,0.1,20,20,700,50,0.0,1.0,0.8,"{'colsample_bytree': 0.8, 'learning_rate': 0.1, 'max_depth': 20, 'min_child_samples': 20, 'n_estimators': 700, 'num_leaves': 50, 'reg_alpha': 0.0, 'reg_lambda': 1.0, 'subsample': 0.8}",-0.012564353112673409,-0.012018054760179336,-0.01242310160013403,-0.012426246220822092,-0.013108024418567246,-0.012507956022475222,0.0003513239881498075,282
0.3708649158477783,0.03459458036551313,0.00623779296875,0.0006560824345185447,0.8,0.1,20,20,700,50,0.5,0.0,0.8,"{'colsample_bytree': 0.8, 'learning_rate': 0.1, 'max_depth': 20, 'min_child_samples': 20, 'n_estimators': 700, 'num_leaves': 50, 'reg_alpha': 0.5, 'reg_lambda': 0.0, 'subsample': 0.8}",-0.012167238969508951,-0.011731960275482534,-0.011621888065646162,-0.012073125662563347,-0.012462473850549485,-0.012011337364750097,0.00030376620862519515,145
0.36881399154663086,0.03263534768727707,0.005864381790161133,0.0004810757839498777,0.8,0.1,20,20,700,50,0.5,0.5,0.8,"{'colsample_bytree': 0.8, 'learning_rate': 0.1, 'max_depth': 20, 'min_child_samples': 20, 'n_estimators': 700, 'num_leaves': 50, 'reg_alpha': 0.5, 'reg_lambda': 0.5, 'subsample': 0.8}",-0.012295873211110395,-0.011736616623449738,-0.011660906403341904,-0.012190983824935215,-0.012442080082744642,-0.012065292029116378,0.0003106414663260658,175
0.3374032020568848,0.022408886672333986,0.0058782100677490234,0.0007336106593169298,0.8,0.1,20,20,700,50,0.5,1.0,0.8,"{'colsample_bytree': 0.8, 'learning_rate': 0.1, 'max_depth': 20, 'min_child_samples': 20, 'n_estimators': 700, 'num_leaves': 50, 'reg_alpha': 0.5, 'reg_lambda': 1.0, 'subsample': 0.8}",-0.012314767956364459,-0.011565243865870123,-0.011672926582502186,-0.01215730052690666,-0.012360136741670023,-0.01201407513466269,0.0003312159912619143,147
0.2082341194152832,0.00951584215215769,0.004185247421264649,0.0002574411271185071,0.8,0.1,20,20,700,50,1.0,0.0,0.8,"{'colsample_bytree': 0.8, 'learning_rate': 0.1, 'max_depth': 20, 'min_child_samples': 20, 'n_estimators': 700, 'num_leaves': 50, 'reg_alpha': 1.0, 'reg_lambda': 0.0, 'subsample': 0.8}",-0.012102382636935449,-0.01142119624210812,-0.011362897241249127,-0.012060450721187508,-0.01220125261258297,-0.011829635890812634,0.0003606752486576059,71
0.2170107841491699,0.014738475342737667,0.004320907592773438,0.0005265140247564342,0.8,0.1,20,20,700,50,1.0,0.5,0.8,"{'colsample_bytree': 0.8, 'learning_rate': 0.1, 'max_depth': 20, 'min_child_samples': 20, 'n_estimators': 700, 'num_leaves': 50, 'reg_alpha': 1.0, 'reg_lambda': 0.5, 'subsample': 0.8}",-0.01215603152866864,-0.011442357569358453,-0.011290301143971932,-0.012016710847716737,-0.012141116962474224,-0.011809303610437997,0.00036806278518955996,57
0.21035943031311036,0.013955342614305182,0.004113101959228515,0.00034254431556736745,0.8,0.1,20,20,700,50,1.0,1.0,0.8,"{'colsample_bytree': 0.8, 'learning_rate': 0.1, 'max_depth': 20, 'min_child_samples': 20, 'n_estimators': 700, 'num_leaves': 50, 'reg_alpha': 1.0, 'reg_lambda': 1.0, 'subsample': 0.8}",-0.01214079068668434,-0.011261184891759087,-0.011283148504894988,-0.011825724114479913,-0.012077836324464639,-0.011717736904456594,0.00037884407077519737,17
1.2712371349334717,0.029787741360654398,0.030708169937133788,0.0006006852381099042,0.8,0.1,20,20,700,100,0.0,0.0,0.8,"{'colsample_bytree': 0.8, 'learning_rate': 0.1, 'max_depth': 20, 'min_child_samples': 20, 'n_estimators': 700, 'num_leaves': 100, 'reg_alpha': 0.0, 'reg_lambda': 0.0, 'subsample': 0.8}",-0.012567869992665124,-0.01226628804405351,-0.011918361325288816,-0.012793541991904637,-0.012680935603772522,-0.01244539939153692,0.00031671110611333433,263
1.36810359954834,0.07644702500925246,0.03380703926086426,0.0026647177011709044,0.8,0.1,20,20,700,100,0.0,0.5,0.8,"{'colsample_bytree': 0.8, 'learning_rate': 0.1, 'max_depth': 20, 'min_child_samples': 20, 'n_estimators': 700, 'num_leaves': 100, 'reg_alpha': 0.0, 'reg_lambda': 0.5, 'subsample': 0.8}",-0.012474507359666988,-0.012336825906889868,-0.012164479461391226,-0.012420807871277077,-0.012835638224458377,-0.012446451764736709,0.0002211049681359328,264
1.3233625411987304,0.037260937292314625,0.03136048316955566,0.00023075330076969752,0.8,0.1,20,20,700,100,0.0,1.0,0.8,"{'colsample_bytree': 0.8, 'learning_rate': 0.1, 'max_depth': 20, 'min_child_samples': 20, 'n_estimators': 700, 'num_leaves': 100, 'reg_alpha': 0.0, 'reg_lambda': 1.0, 'subsample': 0.8}",-0.012309096282897513,-0.012437368911154413,-0.012471309964297066,-0.01217384536272208,-0.012160116181291572,-0.012310347340472528,0.00012903271054323087,246
0.35651116371154784,0.02489056763546295,0.005881452560424804,0.0004072863380070939,0.8,0.1,20,20,700,100,0.5,0.0,0.8,"{'colsample_bytree': 0.8, 'learning_rate': 0.1, 'max_depth': 20, 'min_child_samples': 20, 'n_estimators': 700, 'num_leaves': 100, 'reg_alpha': 0.5, 'reg_lambda': 0.0, 'subsample': 0.8}",-0.012034521925966804,-0.011558947678226602,-0.011723298266947086,-0.012381860153742359,-0.012193498229972418,-0.011978425250971054,0.0003010694790339717,133
0.3770134925842285,0.013449358112728033,0.0062655448913574215,0.0007684986945459427,0.8,0.1,20,20,700,100,0.5,0.5,0.8,"{'colsample_bytree': 0.8, 'learning_rate': 0.1, 'max_depth': 20, 'min_child_samples': 20, 'n_estimators': 700, 'num_leaves': 100, 'reg_alpha': 0.5, 'reg_lambda': 0.5, 'subsample': 0.8}",-0.012249508747502249,-0.011725758725771043,-0.011661475215785054,-0.012202376540770318,-0.012304836810039277,-0.012028791207973588,0.0002763327696183819,153
0.3533744812011719,0.018095331504920778,0.005580615997314453,0.00013776306620614305,0.8,0.1,20,20,700,100,0.5,1.0,0.8,"{'colsample_bytree': 0.8, 'learning_rate': 0.1, 'max_depth': 20, 'min_child_samples': 20, 'n_estimators': 700, 'num_leaves': 100, 'reg_alpha': 0.5, 'reg_lambda': 1.0, 'subsample': 0.8}",-0.012210784846783038,-0.011804748723779424,-0.011524427147944265,-0.012132058709251697,-0.012282886047079783,-0.011990981094967641,0.0002848789796363623,141
0.21822328567504884,0.008096285658299066,0.004285955429077148,0.0001950710217597971,0.8,0.1,20,20,700,100,1.0,0.0,0.8,"{'colsample_bytree': 0.8, 'learning_rate': 0.1, 'max_depth': 20, 'min_child_samples': 20, 'n_estimators': 700, 'num_leaves': 100, 'reg_alpha': 1.0, 'reg_lambda': 0.0, 'subsample': 0.8}",-0.011855702746910592,-0.011132417565671631,-0.011378796945920824,-0.011961936927629582,-0.012069893637459103,-0.011679749564718348,0.0003613713944259228,5
0.2160250186920166,0.009620105727206518,0.004334306716918946,0.00013148058121600803,0.8,0.1,20,20,700,100,1.0,0.5,0.8,"{'colsample_bytree': 0.8, 'learning_rate': 0.1, 'max_depth': 20, 'min_child_samples': 20, 'n_estimators': 700, 'num_leaves': 100, 'reg_alpha': 1.0, 'reg_lambda': 0.5, 'subsample': 0.8}",-0.01201504418251071,-0.011480215830107332,-0.011367513412915647,-0.012083198037176711,-0.012109233505266154,-0.01181104099359531,0.00031961462266160166,61
0.21832213401794434,0.011191964608586713,0.004340362548828125,0.0002913207886305438,0.8,0.1,20,20,700,100,1.0,1.0,0.8,"{'colsample_bytree': 0.8, 'learning_rate': 0.1, 'max_depth': 20, 'min_child_samples': 20, 'n_estimators': 700, 'num_leaves': 100, 'reg_alpha': 1.0, 'reg_lambda': 1.0, 'subsample': 0.8}",-0.01220592612487863,-0.011328963408740391,-0.01134885911338202,-0.011895601335401431,-0.012231546435834814,-0.01180217928364746,0.00039636543339930584,49
0.4113419532775879,0.016137969791781098,0.010894870758056641,0.0003255556450858606,0.8,0.1,20,30,500,31,0.0,0.0,0.8,"{'colsample_bytree': 0.8, 'learning_rate': 0.1, 'max_depth': 20, 'min_child_samples': 30, 'n_estimators': 500, 'num_leaves': 31, 'reg_alpha': 0.0, 'reg_lambda': 0.0, 'subsample': 0.8}",-0.012494513646069945,-0.012571665650229819,-0.012302174136220983,-0.012908027938329,-0.013093124498605578,-0.012673901173891066,0.00028683671863340767,316
0.41209959983825684,0.00725322047911892,0.011030149459838868,0.0006148132476390445,0.8,0.1,20,30,500,31,0.0,0.5,0.8,"{'colsample_bytree': 0.8, 'learning_rate': 0.1, 'max_depth': 20, 'min_child_samples': 30, 'n_estimators': 500, 'num_leaves': 31, 'reg_alpha': 0.0, 'reg_lambda': 0.5, 'subsample': 0.8}",-0.012617902674191562,-0.01219963593607503,-0.01239219507843348,-0.012860678164006326,-0.0135551739324718,-0.012725117157035639,0.000470283660441853,320
0.4211742877960205,0.009213449680808667,0.010870695114135742,0.0005090914352831129,0.8,0.1,20,30,500,31,0.0,1.0,0.8,"{'colsample_bytree': 0.8, 'learning_rate': 0.1, 'max_depth': 20, 'min_child_samples': 30, 'n_estimators': 500, 'num_leaves': 31, 'reg_alpha': 0.0, 'reg_lambda': 1.0, 'subsample': 0.8}",-0.012433166217746896,-0.01246788992261762,-0.01220469552446903,-0.012616735328831402,-0.01316362901276721,-0.012577223201286434,0.0003215325906615106,297
0.3253645420074463,0.024821032236209704,0.006485939025878906,0.0002694729510408164,0.8,0.1,20,30,500,31,0.5,0.0,0.8,"{'colsample_bytree': 0.8, 'learning_rate': 0.1, 'max_depth': 20, 'min_child_samples': 30, 'n_estimators': 500, 'num_leaves': 31, 'reg_alpha': 0.5, 'reg_lambda': 0.0, 'subsample': 0.8}",-0.012278927017796346,-0.01159705912303742,-0.011789803582986206,-0.012230482412056615,-0.012523746754077057,-0.012084003777990729,0.00033955670996158586,187
0.35333662033081054,0.03672631684197999,0.0070493221282958984,0.0006464903958289115,0.8,0.1,20,30,500,31,0.5,0.5,0.8,"{'colsample_bytree': 0.8, 'learning_rate': 0.1, 'max_depth': 20, 'min_child_samples': 30, 'n_estimators': 500, 'num_leaves': 31, 'reg_alpha': 0.5, 'reg_lambda': 0.5, 'subsample': 0.8}",-0.012370878353194925,-0.011776651712648727,-0.011940268471814756,-0.012164104536693003,-0.012542548713602107,-0.012158890357590704,0.00027787110058755246,221
0.3454683780670166,0.01719335307299469,0.007711362838745117,0.0005436143829606712,0.8,0.1,20,30,500,31,0.5,1.0,0.8,"{'colsample_bytree': 0.8, 'learning_rate': 0.1, 'max_depth': 20, 'min_child_samples': 30, 'n_estimators': 500, 'num_leaves': 31, 'reg_alpha': 0.5, 'reg_lambda': 1.0, 'subsample': 0.8}",-0.012030658358050336,-0.01180533806584669,-0.011951978784827372,-0.012280851991436,-0.01252385796976804,-0.012118537033985688,0.00025463272063336464,203
0.17072911262512208,0.008279067631861547,0.003966903686523438,0.00019541102072171505,0.8,0.1,20,30,500,31,1.0,0.0,0.8,"{'colsample_bytree': 0.8, 'learning_rate': 0.1, 'max_depth': 20, 'min_child_samples': 30, 'n_estimators': 500, 'num_leaves': 31, 'reg_alpha': 1.0, 'reg_lambda': 0.0, 'subsample': 0.8}",-0.012032594506404396,-0.011429288374737102,-0.011474137902603088,-0.012062363366375697,-0.012267374388935505,-0.011853151707811158,0.0003378938458353717,95
0.17799277305603028,0.006231204285414142,0.004320573806762695,0.00016780768830229357,0.8,0.1,20,30,500,31,1.0,0.5,0.8,"{'colsample_bytree': 0.8, 'learning_rate': 0.1, 'max_depth': 20, 'min_child_samples': 30, 'n_estimators': 500, 'num_leaves': 31, 'reg_alpha': 1.0, 'reg_lambda': 0.5, 'subsample': 0.8}",-0.012014531856994224,-0.011494013442659708,-0.011494184433882533,-0.012083645811609927,-0.012356604401268671,-0.011888595989283013,0.0003418163281028079,107
0.18389902114868165,0.012562782096362855,0.004325151443481445,0.0002286078879921171,0.8,0.1,20,30,500,31,1.0,1.0,0.8,"{'colsample_bytree': 0.8, 'learning_rate': 0.1, 'max_depth': 20, 'min_child_samples': 30, 'n_estimators': 500, 'num_leaves': 31, 'reg_alpha': 1.0, 'reg_lambda': 1.0, 'subsample': 0.8}",-0.012099522071421863,-0.011342086585164045,-0.011501391800765691,-0.01185136068561321,-0.012231076063652063,-0.011805087441323374,0.0003396763476575454,53
0.6223978519439697,0.0224459325784882,0.017292547225952148,0.0012465887115487371,0.8,0.1,20,30,500,50,0.0,0.0,0.8,"{'colsample_bytree': 0.8, 'learning_rate': 0.1, 'max_depth': 20, 'min_child_samples': 30, 'n_estimators': 500, 'num_leaves': 50, 'reg_alpha': 0.0, 'reg_lambda': 0.0, 'subsample': 0.8}",-0.012369182800005946,-0.012452602660142826,-0.012389595613728387,-0.012764595957093209,-0.012951754219542413,-0.012585546250102556,0.00023197019937881352,300
0.655547046661377,0.0657400463753729,0.01736903190612793,0.00292548894151522,0.8,0.1,20,30,500,50,0.0,0.5,0.8,"{'colsample_bytree': 0.8, 'learning_rate': 0.1, 'max_depth': 20, 'min_child_samples': 30, 'n_estimators': 500, 'num_leaves': 50, 'reg_alpha': 0.0, 'reg_lambda': 0.5, 'subsample': 0.8}",-0.012469444341868302,-0.012535060324726604,-0.012367987862927936,-0.012761730678464837,-0.012796380207203088,-0.012586120683038155,0.0001666435681235541,301
0.6602436065673828,0.033338014243665365,0.01689748764038086,0.0014948928975746533,0.8,0.1,20,30,500,50,0.0,1.0,0.8,"{'colsample_bytree': 0.8, 'learning_rate': 0.1, 'max_depth': 20, 'min_child_samples': 30, 'n_estimators': 500, 'num_leaves': 50, 'reg_alpha': 0.0, 'reg_lambda': 1.0, 'subsample': 0.8}",-0.012559587523774458,-0.012385194759250576,-0.012271412246276203,-0.012523097427301831,-0.012957385802201665,-0.012539335551760946,0.0002328012510651646,287
0.3167705059051514,0.02828617713524322,0.006112909317016602,0.0006219444579537169,0.8,0.1,20,30,500,50,0.5,0.0,0.8,"{'colsample_bytree': 0.8, 'learning_rate': 0.1, 'max_depth': 20, 'min_child_samples': 30, 'n_estimators': 500, 'num_leaves': 50, 'reg_alpha': 0.5, 'reg_lambda': 0.0, 'subsample': 0.8}",-0.012416919813940677,-0.011752853997015538,-0.011715054485816475,-0.01210995123322339,-0.012381570015523721,-0.01207526990910396,0.00029848094694715865,183
0.3242347717285156,0.018296583224046273,0.006441354751586914,0.0005765062801391015,0.8,0.1,20,30,500,50,0.5,0.5,0.8,"{'colsample_bytree': 0.8, 'learning_rate': 0.1, 'max_depth': 20, 'min_child_samples': 30, 'n_estimators': 500, 'num_leaves': 50, 'reg_alpha': 0.5, 'reg_lambda': 0.5, 'subsample': 0.8}",-0.012214506455648158,-0.01157258304018451,-0.011763697212654264,-0.012391478329854471,-0.01239897115776044,-0.012068247239220366,0.0003387276556540245,179
0.3286255359649658,0.013190809576615538,0.006160593032836914,0.0002944103828309188,0.8,0.1,20,30,500,50,0.5,1.0,0.8,"{'colsample_bytree': 0.8, 'learning_rate': 0.1, 'max_depth': 20, 'min_child_samples': 30, 'n_estimators': 500, 'num_leaves': 50, 'reg_alpha': 0.5, 'reg_lambda': 1.0, 'subsample': 0.8}",-0.012285336105555433,-0.011910794777996241,-0.011758276641691937,-0.012386039688101114,-0.012261766333653558,-0.012120442709399656,0.00024200019409248002,207
0.19790472984313964,0.01623525142652802,0.004406118392944336,0.0004271267507117975,0.8,0.1,20,30,500,50,1.0,0.0,0.8,"{'colsample_bytree': 0.8, 'learning_rate': 0.1, 'max_depth': 20, 'min_child_samples': 30, 'n_estimators': 500, 'num_leaves': 50, 'reg_alpha': 1.0, 'reg_lambda': 0.0, 'subsample': 0.8}",-0.011867028894485505,-0.011283422570897766,-0.011441484147650914,-0.012199525398753859,-0.012352336803606293,-0.011828759563078866,0.0004148348239635684,67
0.1896939754486084,0.013335387820208025,0.004213523864746094,6.706310755709243e-05,0.8,0.1,20,30,500,50,1.0,0.5,0.8,"{'colsample_bytree': 0.8, 'learning_rate': 0.1, 'max_depth': 20, 'min_child_samples': 30, 'n_estimators': 500, 'num_leaves': 50, 'reg_alpha': 1.0, 'reg_lambda': 0.5, 'subsample': 0.8}",-0.011918716920856713,-0.011139587795967546,-0.01130063885354397,-0.011864745790804617,-0.012397202782415845,-0.011724178428717738,0.00045424622585469443,25
0.18846354484558106,0.010528392667897941,0.004173707962036133,0.0002114488879372481,0.8,0.1,20,30,500,50,1.0,1.0,0.8,"{'colsample_bytree': 0.8, 'learning_rate': 0.1, 'max_depth': 20, 'min_child_samples': 30, 'n_estimators': 500, 'num_leaves': 50, 'reg_alpha': 1.0, 'reg_lambda': 1.0, 'subsample': 0.8}",-0.011949677142665463,-0.011276337915883734,-0.011609907459828081,-0.011919472398821317,-0.012496899290373864,-0.011850458841514491,0.00040496227003889964,87
0.7140994071960449,0.026591251938137873,0.018347644805908205,0.0004019353040477848,0.8,0.1,20,30,500,100,0.0,0.0,0.8,"{'colsample_bytree': 0.8, 'learning_rate': 0.1, 'max_depth': 20, 'min_child_samples': 30, 'n_estimators': 500, 'num_leaves': 100, 'reg_alpha': 0.0, 'reg_lambda': 0.0, 'subsample': 0.8}",-0.012710380672724291,-0.012451161877878838,-0.012256757956131535,-0.012574953066823429,-0.012932873751851629,-0.012585225465081945,0.0002291255678922496,299
0.7647216796875,0.038318394058752106,0.018931055068969728,0.0012288644554033187,0.8,0.1,20,30,500,100,0.0,0.5,0.8,"{'colsample_bytree': 0.8, 'learning_rate': 0.1, 'max_depth': 20, 'min_child_samples': 30, 'n_estimators': 500, 'num_leaves': 100, 'reg_alpha': 0.0, 'reg_lambda': 0.5, 'subsample': 0.8}",-0.012274939416272408,-0.012435949694449262,-0.012478488224047245,-0.012317686642940627,-0.012857623114264242,-0.012472937418394756,0.00020624645446465286,272
0.7490779876708984,0.033099096464476785,0.01871209144592285,0.0009756481464773879,0.8,0.1,20,30,500,100,0.0,1.0,0.8,"{'colsample_bytree': 0.8, 'learning_rate': 0.1, 'max_depth': 20, 'min_child_samples': 30, 'n_estimators': 500, 'num_leaves': 100, 'reg_alpha': 0.0, 'reg_lambda': 1.0, 'subsample': 0.8}",-0.01255610954191615,-0.012618403731945536,-0.0120707377071751,-0.012491890740268853,-0.012671524013742008,-0.01248173314700953,0.0002141269241672515,274
0.323121976852417,0.017044554027779196,0.005833196640014649,0.00024226633356964902,0.8,0.1,20,30,500,100,0.5,0.0,0.8,"{'colsample_bytree': 0.8, 'learning_rate': 0.1, 'max_depth': 20, 'min_child_samples': 30, 'n_estimators': 500, 'num_leaves': 100, 'reg_alpha': 0.5, 'reg_lambda': 0.0, 'subsample': 0.8}",-0.012268548771219495,-0.011451622512901515,-0.011880912160913098,-0.012030948052169074,-0.012534366508117813,-0.012033279601064198,0.0003655094833227893,165
0.3377098083496094,0.043224977032581054,0.0059926509857177734,0.0003377159239939878,0.8,0.1,20,30,500,100,0.5,0.5,0.8,"{'colsample_bytree': 0.8, 'learning_rate': 0.1, 'max_depth': 20, 'min_child_samples': 30, 'n_estimators': 500, 'num_leaves': 100, 'reg_alpha': 0.5, 'reg_lambda': 0.5, 'subsample': 0.8}",-0.012239189889255995,-0.011721000288735382,-0.011785606843393122,-0.012220400990433327,-0.012467332214457469,-0.01208670604525506,0.0002864972500540793,191
0.34343652725219725,0.027285222167848885,0.006615304946899414,0.0003571372990839378,0.8,0.1,20,30,500,100,0.5,1.0,0.8,"{'colsample_bytree': 0.8, 'learning_rate': 0.1, 'max_depth': 20, 'min_child_samples': 30, 'n_estimators': 500, 'num_leaves': 100, 'reg_alpha': 0.5, 'reg_lambda': 1.0, 'subsample': 0.8}",-0.012412647800267887,-0.011506188790951463,-0.01170802142086122,-0.012121812840239958,-0.0125137315566912,-0.012052480481802345,0.0003909902002507129,171
0.20180530548095704,0.01689322141501416,0.004360818862915039,0.00022635292649680826,0.8,0.1,20,30,500,100,1.0,0.0,0.8,"{'colsample_bytree': 0.8, 'learning_rate': 0.1, 'max_depth': 20, 'min_child_samples': 30, 'n_estimators': 500, 'num_leaves': 100, 'reg_alpha': 1.0, 'reg_lambda': 0.0, 'subsample': 0.8}",-0.011926562649232747,-0.011415710422748382,-0.011417185753336213,-0.012138462886138969,-0.012368006385843334,-0.01185318561945993,0.00038295904738743186,99
0.19651226997375487,0.005973210309028375,0.0044230461120605465,0.00028882419113684813,0.8,0.1,20,30,500,100,1.0,0.5,0.8,"{'colsample_bytree': 0.8, 'learning_rate': 0.1, 'max_depth': 20, 'min_child_samples': 30, 'n_estimators': 500, 'num_leaves': 100, 'reg_alpha': 1.0, 'reg_lambda': 0.5, 'subsample': 0.8}",-0.011864019906320343,-0.011347749300752209,-0.011426823890559953,-0.01187144540904656,-0.012355918890449557,-0.011773191479425725,0.000362890183771284,41
0.19651050567626954,0.019564409270673728,0.0044704914093017575,0.0006185959879964489,0.8,0.1,20,30,500,100,1.0,1.0,0.8,"{'colsample_bytree': 0.8, 'learning_rate': 0.1, 'max_depth': 20, 'min_child_samples': 30, 'n_estimators': 500, 'num_leaves': 100, 'reg_alpha': 1.0, 'reg_lambda': 1.0, 'subsample': 0.8}",-0.012032686072861955,-0.011461731258593788,-0.011585563920297616,-0.012001994616928711,-0.012179922415256596,-0.011852379656787733,0.00027784028032348633,91
0.6078666687011719,0.049279934753419935,0.021707677841186525,0.008430012480634911,0.8,0.1,20,30,700,31,0.0,0.0,0.8,"{'colsample_bytree': 0.8, 'learning_rate': 0.1, 'max_depth': 20, 'min_child_samples': 30, 'n_estimators': 700, 'num_leaves': 31, 'reg_alpha': 0.0, 'reg_lambda': 0.0, 'subsample': 0.8}",-0.012536344965994184,-0.01266623973560476,-0.012391422903344471,-0.013038440711468207,-0.013118711373181168,-0.012750231937918558,0.0002829797312398658,322
0.5704632759094238,0.021928372015140554,0.017351722717285155,0.0002105857038228789,0.8,0.1,20,30,700,31,0.0,0.5,0.8,"{'colsample_bytree': 0.8, 'learning_rate': 0.1, 'max_depth': 20, 'min_child_samples': 30, 'n_estimators': 700, 'num_leaves': 31, 'reg_alpha': 0.0, 'reg_lambda': 0.5, 'subsample': 0.8}",-0.012706218121927883,-0.01228473427431236,-0.01252894220667736,-0.013004626654747954,-0.01362684838952189,-0.012830273929437488,0.00046232756982780783,324
0.5800326824188232,0.014290792377691893,0.01978888511657715,0.0024079656290811164,0.8,0.1,20,30,700,31,0.0,1.0,0.8,"{'colsample_bytree': 0.8, 'learning_rate': 0.1, 'max_depth': 20, 'min_child_samples': 30, 'n_estimators': 700, 'num_leaves': 31, 'reg_alpha': 0.0, 'reg_lambda': 1.0, 'subsample': 0.8}",-0.012574187066383547,-0.012568815313435986,-0.012331254764652973,-0.012735829352213733,-0.013291905020513325,-0.012700398303439914,0.0003226905227632183,318
0.32867918014526365,0.009668121498865779,0.006457376480102539,0.0001570769489768988,0.8,0.1,20,30,700,31,0.5,0.0,0.8,"{'colsample_bytree': 0.8, 'learning_rate': 0.1, 'max_depth': 20, 'min_child_samples': 30, 'n_estimators': 700, 'num_leaves': 31, 'reg_alpha': 0.5, 'reg_lambda': 0.0, 'subsample': 0.8}",-0.012278927017796346,-0.01159705912303742,-0.011789803582986206,-0.012230482412056615,-0.012523746754077057,-0.012084003777990729,0.00033955670996158586,187
0.33657073974609375,0.010877518554829777,0.006531429290771484,0.00026987839057854746,0.8,0.1,20,30,700,31,0.5,0.5,0.8,"{'colsample_bytree': 0.8, 'learning_rate': 0.1, 'max_depth': 20, 'min_child_samples': 30, 'n_estimators': 700, 'num_leaves': 31, 'reg_alpha': 0.5, 'reg_lambda': 0.5, 'subsample': 0.8}",-0.012370878353194925,-0.011776651712648727,-0.011940268471814756,-0.012164104536693003,-0.012542548713602107,-0.012158890357590704,0.00027787110058755246,221
0.3606513500213623,0.022595243643787923,0.0070322990417480465,0.0006628539320171237,0.8,0.1,20,30,700,31,0.5,1.0,0.8,"{'colsample_bytree': 0.8, 'learning_rate': 0.1, 'max_depth': 20, 'min_child_samples': 30, 'n_estimators': 700, 'num_leaves': 31, 'reg_alpha': 0.5, 'reg_lambda': 1.0, 'subsample': 0.8}",-0.012030658358050336,-0.01180533806584669,-0.011951978784827372,-0.012280851991436,-0.01252385796976804,-0.012118537033985688,0.00025463272063336464,203
0.23279552459716796,0.01797907800842784,0.0050395488739013675,0.00034769285619708765,0.8,0.1,20,30,700,31,1.0,0.0,0.8,"{'colsample_bytree': 0.8, 'learning_rate': 0.1, 'max_depth': 20, 'min_child_samples': 30, 'n_estimators': 700, 'num_leaves': 31, 'reg_alpha': 1.0, 'reg_lambda': 0.0, 'subsample': 0.8}",-0.012032594506404396,-0.011429288374737102,-0.011474137902603088,-0.012062363366375697,-0.012267374388935505,-0.011853151707811158,0.0003378938458353717,95
0.24634971618652343,0.03264040226203917,0.005327177047729492,0.0004415830668662015,0.8,0.1,20,30,700,31,1.0,0.5,0.8,"{'colsample_bytree': 0.8, 'learning_rate': 0.1, 'max_depth': 20, 'min_child_samples': 30, 'n_estimators': 700, 'num_leaves': 31, 'reg_alpha': 1.0, 'reg_lambda': 0.5, 'subsample': 0.8}",-0.012014531856994224,-0.011494013442659708,-0.011494184433882533,-0.012083645811609927,-0.012356604401268671,-0.011888595989283013,0.0003418163281028079,107
0.2522470474243164,0.05011898985862498,0.004863262176513672,0.00048342606180785887,0.8,0.1,20,30,700,31,1.0,1.0,0.8,"{'colsample_bytree': 0.8, 'learning_rate': 0.1, 'max_depth': 20, 'min_child_samples': 30, 'n_estimators': 700, 'num_leaves': 31, 'reg_alpha': 1.0, 'reg_lambda': 1.0, 'subsample': 0.8}",-0.012099522071421863,-0.011342086585164045,-0.011501391800765691,-0.01185136068561321,-0.012231076063652063,-0.011805087441323374,0.0003396763476575454,53
0.8776565551757812,0.0529592514242021,0.027347898483276366,0.0033285076300759438,0.8,0.1,20,30,700,50,0.0,0.0,0.8,"{'colsample_bytree': 0.8, 'learning_rate': 0.1, 'max_depth': 20, 'min_child_samples': 30, 'n_estimators': 700, 'num_leaves': 50, 'reg_alpha': 0.0, 'reg_lambda': 0.0, 'subsample': 0.8}",-0.012402950880584887,-0.012482217927015506,-0.012409734980454138,-0.01278409236975307,-0.012986495490807968,-0.012613098329723117,0.00023294320494493894,307
0.8620386123657227,0.019253961029109104,0.025343894958496094,0.0008714203697547777,0.8,0.1,20,30,700,50,0.0,0.5,0.8,"{'colsample_bytree': 0.8, 'learning_rate': 0.1, 'max_depth': 20, 'min_child_samples': 30, 'n_estimators': 700, 'num_leaves': 50, 'reg_alpha': 0.0, 'reg_lambda': 0.5, 'subsample': 0.8}",-0.012503308996901689,-0.012554987598150453,-0.012413122676068991,-0.01279591831179711,-0.012830053746587114,-0.012619478265901072,0.00016474835210324363,308
0.9644514083862304,0.06819370442139616,0.026755714416503908,0.001871766103580201,0.8,0.1,20,30,700,50,0.0,1.0,0.8,"{'colsample_bytree': 0.8, 'learning_rate': 0.1, 'max_depth': 20, 'min_child_samples': 30, 'n_estimators': 700, 'num_leaves': 50, 'reg_alpha': 0.0, 'reg_lambda': 1.0, 'subsample': 0.8}",-0.01258188238995327,-0.012416417173813721,-0.01230310662804482,-0.012557284041095495,-0.012981323284287761,-0.012568002703439014,0.00022990847810567622,293
0.3486788749694824,0.04284000614320427,0.006240415573120117,0.0006606731099852191,0.8,0.1,20,30,700,50,0.5,0.0,0.8,"{'colsample_bytree': 0.8, 'learning_rate': 0.1, 'max_depth': 20, 'min_child_samples': 30, 'n_estimators': 700, 'num_leaves': 50, 'reg_alpha': 0.5, 'reg_lambda': 0.0, 'subsample': 0.8}",-0.012416919813940677,-0.011752853997015538,-0.011715054485816475,-0.01210995123322339,-0.012381570015523721,-0.01207526990910396,0.00029848094694715865,183
0.32809104919433596,0.015702773328212006,0.00609440803527832,0.0004291859031692523,0.8,0.1,20,30,700,50,0.5,0.5,0.8,"{'colsample_bytree': 0.8, 'learning_rate': 0.1, 'max_depth': 20, 'min_child_samples': 30, 'n_estimators': 700, 'num_leaves': 50, 'reg_alpha': 0.5, 'reg_lambda': 0.5, 'subsample': 0.8}",-0.012214506455648158,-0.01157258304018451,-0.011763697212654264,-0.012391478329854471,-0.01239897115776044,-0.012068247239220366,0.0003387276556540245,179
0.33757929801940917,0.013746198560839607,0.0060541629791259766,0.0003960652320146497,0.8,0.1,20,30,700,50,0.5,1.0,0.8,"{'colsample_bytree': 0.8, 'learning_rate': 0.1, 'max_depth': 20, 'min_child_samples': 30, 'n_estimators': 700, 'num_leaves': 50, 'reg_alpha': 0.5, 'reg_lambda': 1.0, 'subsample': 0.8}",-0.012285336105555433,-0.011910794777996241,-0.011758276641691937,-0.012386039688101114,-0.012261766333653558,-0.012120442709399656,0.00024200019409248002,207
0.21686182022094727,0.004809619421786868,0.004650926589965821,0.00028766809984493477,0.8,0.1,20,30,700,50,1.0,0.0,0.8,"{'colsample_bytree': 0.8, 'learning_rate': 0.1, 'max_depth': 20, 'min_child_samples': 30, 'n_estimators': 700, 'num_leaves': 50, 'reg_alpha': 1.0, 'reg_lambda': 0.0, 'subsample': 0.8}",-0.011867028894485505,-0.011283422570897766,-0.011441484147650914,-0.012199525398753859,-0.012352336803606293,-0.011828759563078866,0.0004148348239635684,67
0.20134882926940917,0.007856565121610915,0.004426240921020508,0.00013374096516968886,0.8,0.1,20,30,700,50,1.0,0.5,0.8,"{'colsample_bytree': 0.8, 'learning_rate': 0.1, 'max_depth': 20, 'min_child_samples': 30, 'n_estimators': 700, 'num_leaves': 50, 'reg_alpha': 1.0, 'reg_lambda': 0.5, 'subsample': 0.8}",-0.011918716920856713,-0.011139587795967546,-0.01130063885354397,-0.011864745790804617,-0.012397202782415845,-0.011724178428717738,0.00045424622585469443,25
0.20704989433288573,0.013794244925114016,0.004175424575805664,0.00014663172924891742,0.8,0.1,20,30,700,50,1.0,1.0,0.8,"{'colsample_bytree': 0.8, 'learning_rate': 0.1, 'max_depth': 20, 'min_child_samples': 30, 'n_estimators': 700, 'num_leaves': 50, 'reg_alpha': 1.0, 'reg_lambda': 1.0, 'subsample': 0.8}",-0.011949677142665463,-0.011276337915883734,-0.011609907459828081,-0.011919472398821317,-0.012496899290373864,-0.011850458841514491,0.00040496227003889964,87
0.9939950942993164,0.02094438882547825,0.028556632995605468,0.0013714302092229411,0.8,0.1,20,30,700,100,0.0,0.0,0.8,"{'colsample_bytree': 0.8, 'learning_rate': 0.1, 'max_depth': 20, 'min_child_samples': 30, 'n_estimators': 700, 'num_leaves': 100, 'reg_alpha': 0.0, 'reg_lambda': 0.0, 'subsample': 0.8}",-0.012727746104502018,-0.012465037772469201,-0.012269707572591363,-0.012581381192026498,-0.012954365735410677,-0.01259964767539995,0.00023218444024498752,305
1.052955198287964,0.06493415724967778,0.02873649597167969,0.0014417889996478847,0.8,0.1,20,30,700,100,0.0,0.5,0.8,"{'colsample_bytree': 0.8, 'learning_rate': 0.1, 'max_depth': 20, 'min_child_samples': 30, 'n_estimators': 700, 'num_leaves': 100, 'reg_alpha': 0.0, 'reg_lambda': 0.5, 'subsample': 0.8}",-0.012282131262174858,-0.012451307491560329,-0.012494354371682035,-0.01233918028751302,-0.012889622367514635,-0.012491319156088976,0.0002131484948836555,276
1.0852910995483398,0.0812032170071583,0.03104720115661621,0.004302698804868905,0.8,0.1,20,30,700,100,0.0,1.0,0.8,"{'colsample_bytree': 0.8, 'learning_rate': 0.1, 'max_depth': 20, 'min_child_samples': 30, 'n_estimators': 700, 'num_leaves': 100, 'reg_alpha': 0.0, 'reg_lambda': 1.0, 'subsample': 0.8}",-0.012569301885165954,-0.012641931228463273,-0.012073426685392349,-0.012511632725220368,-0.012685790748818539,-0.012496416654612097,0.00021977321877688743,279
0.3473086357116699,0.03501135776838843,0.006292581558227539,0.0006602081587387589,0.8,0.1,20,30,700,100,0.5,0.0,0.8,"{'colsample_bytree': 0.8, 'learning_rate': 0.1, 'max_depth': 20, 'min_child_samples': 30, 'n_estimators': 700, 'num_leaves': 100, 'reg_alpha': 0.5, 'reg_lambda': 0.0, 'subsample': 0.8}",-0.012268548771219495,-0.011451622512901515,-0.011880912160913098,-0.012030948052169074,-0.012534366508117813,-0.012033279601064198,0.0003655094833227893,165
0.3307328701019287,0.014061344550672948,0.005941963195800782,0.00026569213271127355,0.8,0.1,20,30,700,100,0.5,0.5,0.8,"{'colsample_bytree': 0.8, 'learning_rate': 0.1, 'max_depth': 20, 'min_child_samples': 30, 'n_estimators': 700, 'num_leaves': 100, 'reg_alpha': 0.5, 'reg_lambda': 0.5, 'subsample': 0.8}",-0.012239189889255995,-0.011721000288735382,-0.011785606843393122,-0.012220400990433327,-0.012467332214457469,-0.01208670604525506,0.0002864972500540793,191
0.35372676849365237,0.04095958006896733,0.006131458282470703,0.000488752141776792,0.8,0.1,20,30,700,100,0.5,1.0,0.8,"{'colsample_bytree': 0.8, 'learning_rate': 0.1, 'max_depth': 20, 'min_child_samples': 30, 'n_estimators': 700, 'num_leaves': 100, 'reg_alpha': 0.5, 'reg_lambda': 1.0, 'subsample': 0.8}",-0.012412647800267887,-0.011506188790951463,-0.01170802142086122,-0.012121812840239958,-0.0125137315566912,-0.012052480481802345,0.0003909902002507129,171
0.22626023292541503,0.02377153919708855,0.004842281341552734,0.0004515851810769264,0.8,0.1,20,30,700,100,1.0,0.0,0.8,"{'colsample_bytree': 0.8, 'learning_rate': 0.1, 'max_depth': 20, 'min_child_samples': 30, 'n_estimators': 700, 'num_leaves': 100, 'reg_alpha': 1.0, 'reg_lambda': 0.0, 'subsample': 0.8}",-0.011926562649232747,-0.011415710422748382,-0.011417185753336213,-0.012138462886138969,-0.012368006385843334,-0.01185318561945993,0.00038295904738743186,99
0.2173135757446289,0.017061753853725704,0.004272079467773438,0.00025192424898115296,0.8,0.1,20,30,700,100,1.0,0.5,0.8,"{'colsample_bytree': 0.8, 'learning_rate': 0.1, 'max_depth': 20, 'min_child_samples': 30, 'n_estimators': 700, 'num_leaves': 100, 'reg_alpha': 1.0, 'reg_lambda': 0.5, 'subsample': 0.8}",-0.011864019906320343,-0.011347749300752209,-0.011426823890559953,-0.01187144540904656,-0.012355918890449557,-0.011773191479425725,0.000362890183771284,41
0.20514631271362305,0.00927715027429566,0.0043772697448730465,0.0005398306215987367,0.8,0.1,20,30,700,100,1.0,1.0,0.8,"{'colsample_bytree': 0.8, 'learning_rate': 0.1, 'max_depth': 20, 'min_child_samples': 30, 'n_estimators': 700, 'num_leaves': 100, 'reg_alpha': 1.0, 'reg_lambda': 1.0, 'subsample': 0.8}",-0.012032686072861955,-0.011461731258593788,-0.011585563920297616,-0.012001994616928711,-0.012179922415256596,-0.011852379656787733,0.00027784028032348633,91
